Title,Author,Link,Score,Introduce
红楼梦,[清] 曹雪芹 著 / 高鹗,https://book.douban.com/subject/1007305/,9.6,《红楼梦》是一部百科全书式的长篇小说。以宝黛爱情悲剧为主线，以四大家族的荣辱兴衰为背景，描绘出18世纪中国封建社会的方方面面，以及封建专制下新兴资本主义民主思想的萌动。结构宏大、情节委婉、细节精致，人物形象栩栩如生，声口毕现，堪称中国古代小说中的经 典。
活着,余华,https://book.douban.com/subject/4913064/,9.4,《活着(新版)》讲述了农村人福贵悲惨的人生遭遇。福贵本是个阔少爷，可他嗜赌如命，终于赌光了家业，一贫如洗。他的父亲被他活活气死，母亲则在穷困中患了重病，福贵前去求药，却在途中被国民党抓去当壮丁。经过几番波折回到家里，才知道母亲早已去世，妻子家珍含辛茹苦地养大两个儿女。此后更加悲惨的命运一次又一次降临到福贵身上，他的妻子、儿女和孙子相继死去，最后只剩福贵和一头老牛相依为命，但老人依旧活着，仿佛比往日更加洒脱与坚强。
1984,[英] 乔治·奥威尔,https://book.douban.com/subject/4820710/,9.4,★村上春树以《1Q84》向本书致敬
百年孤独,[哥伦比亚] 加西亚·马尔克斯,https://book.douban.com/subject/6082808/,9.3,《百年孤独》是魔幻现实主义文学的代表作，描写了布恩迪亚家族七代人的传奇故事，以及加勒比海沿岸小镇马孔多的百年兴衰，反映了拉丁美洲一个世纪以来风云变幻的历史。作品融入神话传说、民间故事、宗教典故等神秘因素，巧妙地糅合了现实与虚幻，展现出一个瑰丽的想象世界，成为20世纪最重要的经典文学巨著之一。1982年加西亚•马尔克斯获得诺贝尔文学奖，奠定世界级文学大师的地位，很大程度上乃是凭借《百年孤独》的巨大影响。
三体全集,刘慈欣,https://book.douban.com/subject/6518605/,9.5,三体三部曲 (《三体》《三体Ⅱ·黑暗森林》《三体Ⅲ·死神永生》) ，原名“地球往事三部曲”，是中国著名科幻作家刘慈欣的首个长篇系列，由科幻世界杂志社策划制作，重庆出版集团出版。小说讲述了文革期间一次偶然的星际通讯引发的三体世界对地球的入侵以及之后人类文明与三体文明三百多年的恩怨情仇。三体三部曲出版后十分畅销，并深受读者和主流媒体好评，被普遍认为是中国科幻文学的里程碑之作，为中国科幻确立了一个新高度。
飘,[美国] 玛格丽特·米切尔,https://book.douban.com/subject/1068920/,9.3,小说中的故事发生在1861年美国南北战争前夕。生活在南方的少女郝思嘉从小深受南方文化传统的熏陶，可在她的血液里却流淌着野性的叛逆因素。随着战火的蔓廷和生活环境的恶化，郝思嘉的叛逆个性越来越丰满，越鲜明，在一系列的的挫折中她改造了自我，改变了个人甚至整个家族的命运，成为时代时势造就的新女性的形象。
哈利·波特,J.K.罗琳 (J.K.Rowling),https://book.douban.com/subject/24531956/,9.7,《哈利·波特(共7册)(精)》编著者J.K.罗琳。
房思琪的初恋乐园,林奕含,https://book.douban.com/subject/27614904/,9.2,令人心碎却无能为力的真实故事。
三国演义（全二册）,[明] 罗贯中,https://book.douban.com/subject/1019568/,9.3,《三国演义》又名《三国志演义》、《三国志通俗演义》，是我国小说史上最著名最杰出的长篇章回体历史小说。 《三国演义》的作者是元末明初人罗贯中，由毛纶，毛宗岗父子批改。在其成书前，“三国故事”已经历了数百年的历史发展过程。在唐代，三国故事已广为流传，连儿童都很熟悉。随着市民文艺的发展，宋代的“说话”艺人，已有专门说三国故事的，当时称为“说三分”。元代出现的《三国志平话》，实际上是从说书人使用的本子，虽较简略粗糙，但已初肯《三国演义》的规模。罗贯中在群众传说和民间艺人创作的基础上，又依据陈寿《三国志》及裴松之注中所征引的资料（还包括《世说新语》及注中的资料），经过巨大的创作劳动，写在了规模宏伟的巨著——《三国志通俗演义》全书24卷，240回。后来经过毛纶，毛宗岗父子批改，形成我们现在所见的《三国演义》120回版
动物农场,[英] 乔治·奥威尔,https://book.douban.com/subject/2035179/,9.3,《动物农场》是奥威尔最优秀的作品之一，是一则入木三分的反乌托的政治讽喻寓言。
福尔摩斯探案全集（上中下）,[英] 阿·柯南道尔,https://book.douban.com/subject/1040211/,9.3,最经典的群众出版社的翻译版本，一经出版，立即风靡成千上万的中国人。离奇的情节，扣人的悬念，世界上最聪明的侦探，人间最诡秘的案情，福尔摩斯不但让罪犯无处藏身，也让你的脑细胞热情激荡，本套书获第一届全国优秀外国文学图书奖。
白夜行,[日] 东野圭吾,https://book.douban.com/subject/10554308/,9.2,东野圭吾万千书迷心中的无冕之王
小王子,[法] 圣埃克苏佩里,https://book.douban.com/subject/1084336/,9.1,小王子是一个超凡脱俗的仙童，他住在一颗只比他大一丁点儿的小行星上。陪伴他的是一朵他非常喜爱的小玫瑰花。但玫瑰花的虚荣心伤害了小王子对她的感情。小王子告别小行星，开始了遨游太空的旅行。他先后访问了六个行星，各种见闻使他陷入忧伤，他感到大人们荒唐可笑、太不正常。只有在其中一个点灯人的星球上，小王子才找到一个可以作为朋友的人。但点灯人的天地又十分狭小，除了点灯人他自己，不能容下第二个人。在地理学家的指点下，孤单的小王子来到人类居住的地球。
天龙八部,金庸,https://book.douban.com/subject/1255625/,9.2,天龙八部乃金笔下的一部长篇小说，与《射雕》，《神雕》等 几部长篇小说一起被称为可读性最高的金庸小说。《天龙》的故事情节曲折，内容丰富，也曾多次被改编为电视作品。是金庸作品中集大成的一部。故事以北宋末年动荡的社会环境为背景，展开波澜壮阔的历史画卷，塑造了乔峰、段誉、 虚竹、慕容复等形象鲜明的人物，成为武侠史上的经典之作。故事精彩纷呈，人物命运悲壮多变，是可读性很强的作品，具有震撼人心的力量
安徒生童话故事集,（丹麦）安徒生,https://book.douban.com/subject/1046209/,9.3,安徒生是丹麦19世纪著名童话作家，世界文学童话创始人。他生于欧登塞城一个贫苦鞋匠家庭，早年在慈善学校读过书，当过学徒工。受父亲和民间口头文学影响，他自幼酷爱文学。
撒哈拉的故事,三毛,https://book.douban.com/subject/1060068/,9.2,三毛作品中最脍炙人口的《撒哈拉的故事》，由12篇精彩动人的散文结合而成，其中《沙漠中的饭店》，是三毛适应荒凉单调的沙漠生活后，重新拾笔的第一篇文字，自此之后，三毛便写出一系列以沙漠为背景的故事，倾倒了全世界的中文读者。
杀死一只知更鸟,[美] 哈珀·李,https://book.douban.com/subject/6781808/,9.2,成长总是个让人烦恼的命题。成长有时会很缓慢，如小溪般唱着叮咚的歌曲趟过，有时却如此突如其来，如暴雨般劈头盖脸……三个孩子因为小镇上的几桩冤案经历了猝不及防的成长——痛苦与迷惑，悲伤与愤怒，也有温情与感动。这是爱与真知的成长经典。
呐喊,鲁迅,https://book.douban.com/subject/1449351/,9.2,《呐喊》是鲁迅1918-1922年所作的短篇小说的结集，收有《狂人日记》、《孔乙己》、《药》、《明天》、《一件小事》、《头发的故事》等14篇作品。当时正值五四革命精神高扬时期。作者创作小说意在描写“病态社会的不幸的人们”，“揭出病苦，引起疗救的注意”，并为新文化运动“呐喊”。作品真实地描绘了从辛亥革命到五四时期的社会生活，揭示了种种深层次的社会矛盾，对封建制度及陈腐的传统观念进行了深刻的剖析和彻底的否定，表现出对民族生存的浓重的忧患意识和对社会变革的强烈渴望。
明朝那些事儿（1-9）,当年明月,https://book.douban.com/subject/3674537/,9.2,《明朝那些事儿》讲述从1344年到1644年，明朝三百年间的历史。作品以史料为基础，以年代和具体人物为主线，运用小说的笔法，对明朝十七帝和其他王公权贵和小人物的命运进行全景展示，尤其对官场政治、战争、帝王心术着墨最多。作品也是一部明朝政治经济制度、人伦道德的演义。
沉默的大多数,王小波,https://book.douban.com/subject/1054685/,9.1,这本杂文随笔集包括思想文化方面的文章，涉及知识分子的处境及思考，社会道德伦理，文化论争，国学与新儒家，民族主义等问题；包括从日常生活中发掘出来的各种真知灼见，涉及科学与邪道，女权主义等；包括对社会科学研究的评论，涉及性问题，生育问题，同性恋问题，社会研究的伦理问题和方法问题等；包括创作谈和文论，如写作的动机，作者的师承，作者对小说艺术的看法，作者对文体格调的看法，对影视的看法等；包括少量的书评，其中既有对文学经典的评论，也有对当代作家作品的一些看法；最后，还包括一些域外生活的杂感以及对某些社会现象的评点。
局外人,[法] 阿尔贝·加缪,https://book.douban.com/subject/4908885/,9.1,《局外人》是法国作家加缪的成名作，同时也是存在主义文学的杰出作品之一，该书以一种客观记录式的“零度风格”，粗线条地描述了主人公默尔索在荒谬的世界中经历的种种荒谬的事，以及自身的荒诞体验。从参加母亲的葬礼到偶然成了杀人犯，再到被判处死刑，默尔索似乎对一切都无动于衷，他像一个象征性的符号，代表了一种普遍的存在，又像是一个血红色的灯塔，具有高度的警示性。然而，局外人现象的产生无疑是由这个世界本身所孕育的，默尔索的存在有其深刻的外部原因。
失踪的孩子,[意] 埃莱娜·费兰特,https://book.douban.com/subject/30172069/,9.2,“我的整个生命，只是一场为了提升社会地位的低俗斗争。”
中国历代政治得失,钱穆,https://book.douban.com/subject/1003479/,9.2,《中国历代政治得失》为作者的专题演讲合集，分别就中国汉、唐、宋、明、清五代的政府组织、百官职权、考试监察、财经赋税、兵役义务等种种政治制度作了提要勾玄的概观与比照，叙述因革演变，指陈利害得失。既高屋建瓴地总括了中国历史与政治的精要大义，又点明了近现代国人对传统文化和精神的种种误解。言简意赅，语重心长，实不失为一部简明的“中国政治制度史”。
新名字的故事,[意] 埃莱娜·费兰特,https://book.douban.com/subject/26986954/,9.2,只有你身为女人 才会知道这些丑陋的秘密
人类简史,[以色列] 尤瓦尔·赫拉利,https://book.douban.com/subject/25985021/,9.1,十万年前，地球上至少有六种不同的人
平凡的世界（全三部）,路遥,https://book.douban.com/subject/1200840/,9.0,《平凡的世界》是一部现实主义小说，也是一部小说形式的家族史。作者浓缩了中国西北农村的历史变迁过程，在小说中全景式地表现了中国当代城乡的社会生活。在近十年的广阔背景下，通过复杂的矛盾纠葛，刻划社会各阶层众多普通人的形象。劳动与爱情，挫折与追求，痛苦与欢乐，日常生活与巨大社会冲突，纷繁地交织在一起，深刻地展示了普通人在大时代历史进程中所走过的艰难曲折的道路。
围城,钱锺书,https://book.douban.com/subject/1008145/,9.0,《围城》是钱钟书所著的长篇小说。第一版于1947年由上海晨光出版公司出版。1949年之后，由于政治等方面的原因，本书长期无法在中国大陆和台湾重印，仅在香港出现过盗印本。1980年由作者重新修订之后，在中国大陆地区由人民文学出版社刊印。此后作者又曾小幅修改过几次。《围城》 自从出版以来，就受到许多人的推崇。由于1949年后长期无法重印，这本书逐渐淡出人们的视野。1960年代，旅美汉学家夏志清在《中国现代小说史》(A History of Modern Chinese Fiction)中对本书作出很高的评价，这才重新引起人们对它的关注。人们对它的评价一般集中在两方面，幽默的语言和对生活深刻的观察。从1990年代开始，也有人提出对本书的不同看法，认为这是一部被“拔高”的小说，并不是一部出色的作品。很多人认为这是一部幽默作品。除了各具特色的人物语言之外，作者...
笑傲江湖（全四册）,金庸,https://book.douban.com/subject/1002299/,9.1,《笑傲江湖》是金庸1967年写的一部武侠小说，属于金庸的后期作品。
乡土中国,费孝通,https://book.douban.com/subject/1795079/,9.2,著名社会学家费孝通教授，一生行行重行行，实地调查和考察总结中国农村经济发展的各种模式，写下了诸多不朽篇章。本书推出的是学界共认的中国乡土社会传统文化和社会结构理论研究的代表作《乡土中国》、《生育制度》、《乡土重建》和《皇权与绅权》四篇著作，可供社会学工作或教学、研究者参考。
霍乱时期的爱情,[哥伦比亚] 加西亚·马尔克斯,https://book.douban.com/subject/10594787/,9.0,★马尔克斯唯一正式授权，首次完整翻译
野草,鲁迅,https://book.douban.com/subject/1915958/,9.5,本书所收散文诗23篇〔包括一首打油诗和一出诗剧〕，最初都曾陆续发表于1924年12月至1926年1月的《语丝》周刊上，《题辞》最初也曾发表于1927年7月2日出版的《语丝》第138期，发表时署名均为鲁迅。
白鹿原,陈忠实,https://book.douban.com/subject/10564071/,9.2,在从清末民初到建国之初的半个世纪里，一阵阵狂风掠过了白鹿原上空，而每一次的变动都震荡着它的内在结构：打乱了再恢复，恢复了再打乱，细腻地反映出白姓和鹿姓两大家族祖孙三代的恩怨纷争。陈忠实先生在这里，人物的命运是纵线，百回千转，社会历史的演进是横面，愈拓愈宽，传统文化的兴衰则是全书的精神主体，以至人、社会历史、文化精神三者之间相互激荡，相互作用，共同推进了作品的时空，在我们眼前铺开了一轴恢宏的、动态的、极富纵深感的关于我们民族灵魂的现实主义的画卷。
肖申克的救赎,[美] 斯蒂芬·金,https://book.douban.com/subject/1829226/,9.1,这本书收入斯蒂芬·金的四部中篇小说，是他作品中的杰出代表作。其英文版一经推出，即登上《纽约时报》畅销书排行榜的冠军之位，当年在美国狂销二十八万册。目前，这本书已经被翻译成三十一种语言，同时创下了收录的四篇小说中有三篇被改编成轰动一时的电影的记录。
东方快车谋杀案,[英] 阿加莎·克里斯蒂,https://book.douban.com/subject/1827374/,9.1,午夜过后，一场大雪迫使东方快车停了下来。这辆豪华列车整年都处于满员状态。但那天早上却发现少了一名乘客。一个美国人死在了他的包厢里，他被刺了十二刀，可他包厢的门却是反锁着的。
基督山伯爵,[法国] 大仲马,https://book.douban.com/subject/1085860/,9.1,小说以法国波旁王朝和七月王朝两大时期为背景，描写了一个报恩复仇的故事。法老号大副唐泰斯受船长的临终嘱托，为拿破仑送了一封信，受到两个对他嫉妒的小人的陷害，被打入死牢，狱友法里亚神甫向他传授了各种知识，还在临终前把一批宝藏的秘密告诉了他。他设法越狱后找到了宝藏，成为巨富。从此他化名为基督山伯爵，经过精心策划，报答了他的恩人，惩罚了三个一心想置他于死地的仇人。
邓小平时代,【美】傅高义 (Ezra.F.Vogel),https://book.douban.com/subject/20424526/,9.3,邓小平深刻影响了中国历史和世界历史的走向，也改变了每一个当代中国人的命运。解读邓小平的政治生涯及其行为逻辑，就是解读当代中国，解读个人命运背后的历史变局。
月亮和六便士,[英] 毛姆,https://book.douban.com/subject/1858513/,9.0,一个英国证券交易所的经纪人，本已有牢靠的职业和地位、美满的家庭，但却迷恋上绘画，像“被魔鬼附了体”，突然弃家出走，到巴黎去追求绘画的理想。他的行径没有人能够理解。他在异国不仅肉体受着贫穷和饥饿煎熬，而且为了寻找表现手法，精神亦在忍受痛苦折磨。经过一番离奇的遭遇后，主人公最后离开文明世界，远遁到与世隔绝的塔希提岛上。他终于找到灵魂的宁静和适合自己艺术气质的氛围。他同一个土著女子同居，创作出一幅又一幅使后世震惊的杰作。在他染上麻风病双目失明之前，曾在自己住房四壁画了一幅表现伊甸园的伟大作品。但在逝世之前，他却命令土著女子在他死后把这幅画作付之一炬。通过这样一个一心追求艺术、不通人性世故的怪才，毛姆探索了艺术的产生与本质、个性与天才的关系、艺术家与社会的矛盾等等引人深思的问题。同时这本书也引发了人们对摆脱世俗束缚逃离世俗社会寻找心灵家园这一话题的思考，而关...
江城,[美] 彼得·海斯勒,https://book.douban.com/subject/7060185/,9.1,1996年8月底一个温热而清朗的夜晚，我从重庆出发，乘慢船，顺江而下来到涪陵。
我与地坛,史铁生,https://book.douban.com/subject/1209899/,9.2,收有“午餐半小时”、“我的遥远的清平湾”、“命若琴弦”、“第一人称”、“两个故事”等15篇史铁生的代表作。
万历十五年,[美] 黄仁宇,https://book.douban.com/subject/1041482/,9.0,万历十五年，亦即公元1587年，在西欧历史上为西班牙舰队全部出动征英的前一年；而在中国，这平平淡淡的一年中，发生了若干为历史学家所易于忽视的事件。这些事件，表面看来虽似末端小节，但实质上却是以前发生大事的症结，也是将在以后掀起波澜的机缘。在历史学家黄仁宇的眼中，其间的关系因果，恰为历史的重点，而我们的大历史之旅，也自此开始……
城南旧事,林海音 文 / 关维兴 图,https://book.douban.com/subject/1254588/,9.1,多少年来，《城南旧事》感动了一代又一代的读者，除了再版无数次的小说版外，1985年，本书在中国大陆搬上银幕，电影“城南旧事”获得“中国电影金鸡奖”、第二届“马尼拉国际电影节最佳故事片奖金鹰奖章”、第十四届“贝尔格勒国际儿童电影节最佳影片思想奖”等多项大奖。
彷徨,鲁迅,https://book.douban.com/subject/1449348/,9.3,《彷徨》收入鲁迅1924年至1925年所作的小说，首篇《祝福》写于1924年2月16日，末篇《离婚》写于1925年11月6日，实际的时间跨度是一年半多，1926年由北京北新书局出版，列为作者所编的《乌合丛书》之一。此后印行的版本都与初版同。
追风筝的人,[美] 卡勒德·胡赛尼,https://book.douban.com/subject/1770782/,8.9,12岁的阿富汗富家少爷阿米尔与仆人哈桑情同手足。然而，在一场风筝比赛后，发生了一件悲惨不堪的事，阿米尔为自己的懦弱感到自责和痛苦，逼走了哈桑，不久，自己也跟随父亲逃往美国。
射雕英雄传,金庸,https://book.douban.com/subject/1044547/,9.1,《射雕英雄传》是金庸的代表作之一，作于一九五七年到一九五九年，在《香港商报》连载。《射雕》中的人物个性单纯，郭靖诚朴厚重、黄蓉机智狡狯，读者容易印象深刻。这是中国传统小说和戏剧的特征，但不免缺乏人物内心世界的复杂性。由于人物性格单纯而情节热闹，所以《射雕》比较得到欢迎，被拍成各种语种的电影和电视剧在全球众多国家和地区热播。
艺术的故事,[英] 贡布里希 (Sir E.H.Gombrich),https://book.douban.com/subject/3162991/,9.6,《艺术的故事》概括地叙述了从最早的洞窟绘画到当今的实验艺术的发展历程，以阐明艺术史是“各种传统不断迂回、不断改变的历史，每一件作品在这历史中都既回顾过去又导向未来。
悉达多,[德] 赫尔曼·黑塞,https://book.douban.com/subject/3406401/,9.0,古印度贵族青年悉达多英俊聪慧，拥有人们羡慕的一切。为了追求心灵的安宁，他孤身一人展开了求道之旅。他在舍卫城聆听佛陀乔答摩宣讲教义，在繁华的大城中结识了名妓伽摩拉，并成为一名富商。心灵与肉体的享受达到顶峰，却让他对自己厌倦、鄙弃到极点。在与伽摩拉最后一次欢爱之后，他抛弃了自己所有世俗的一切，来到那河边，想结束自己的生命。在那最绝望的一刹那，他突然听到了生命之河永恒的声音……经过几乎一生的追求，悉达多终于体验到万事万物的圆融统一，所有生命的不可摧毁的本性，并最终将自我融入了瞬间的永恒之中。
刀锋,[英]毛姆,https://book.douban.com/subject/2035162/,9.0,威廉·萨默塞特·毛姆（1874-1965），英国著名小说家、戏剧家。《刀锋》是他的主要作品之一。
卡拉马佐夫兄弟,[俄] 费奥多尔·陀思妥耶夫斯基,https://book.douban.com/subject/1856494/,9.5,老卡拉马佐夫贪婪好色，独占妻子留给儿子们的遗产，并与长子德米特里为一个风流女子争风吃醋。一天黑夜，德米特里疑心自己的情人去跟老头儿幽会，便闯入家园，一怒之下，差点把老头儿砸死。他仓皇逃离后，躲在暗中装病的老卡拉马佐夫的私生子斯乜尔加科夫悄然杀死老爷，造成了一桩震惊全俄的扑朔迷离的血案，从而引发一连串惊心动魄的事件。作品展示了错综复杂的社会、家庭矛盾和人性悲剧，体现了作家一生的最高艺术成就。
罗杰疑案,[英] 阿加莎·克里斯蒂,https://book.douban.com/subject/21371175/,9.2,金斯艾伯特村里坐落着两座豪宅，“皇家围场”是其中之一，而居住其中的弗拉尔斯太太刚刚过世。
寻路中国,[美] 彼得·海斯勒,https://book.douban.com/subject/5414391/,9.0,我叫彼得·海斯勒，是《纽约客》驻北京记者。这本书讲述了我驾车漫游中国大陆的经历。
献给阿尔吉侬的花束,[美] 丹尼尔·凯斯,https://book.douban.com/subject/26362836/,9.1,声称能改造智能的科学实验在白老鼠阿尔吉侬身上获得了突破性的进展，下一步急需进行人体实验。个性和善、学习态度积极的心智障碍者查理·高登成为最佳人选。手术成功后，查理的智商从68跃升为185，然而那些从未有过的情绪和记忆也逐渐浮现。
许三观卖血记,余华,https://book.douban.com/subject/1029791/,8.9,《许三观卖血记》是余华1995年创作的一部长篇小说，它以博大的温情描绘了磨难中的人生，以激烈的故事形式表达了人在面对厄运时求生的欲望。小说讲述了许三观靠着卖血渡过了人生的一个个难关，战胜了命运强加给他的惊涛骇浪，而当他老了，知道自己的血再也没有人要时，精神却崩溃了。
朝花夕拾,鲁迅,https://book.douban.com/subject/1449352/,9.0,《小引》
格林童话全集,[德国]格林兄弟,https://book.douban.com/subject/1043008/,9.0,"《格林童话全集》是德国民间故事集。由德国的雅各・格林和威廉・格林兄弟根据民间口述材料改写而成。他们搜集、整理、出版这些民间童话的目的，正如威廉所说，是""希望它成为一本有教育意义的书，因为我再也想不出什么更富有教益，更天真无邪，更令人心旷神怡的读物，能比它更适合于儿童的心性与能力了。""作品的主要内容是颂扬勤劳和诚实，鄙弃懒惰和自私，鼓励对暴力和邪恶的反抗，激发对被压迫者的同情和爱护。"
嫌疑人X的献身,[日] 东野圭吾,https://book.douban.com/subject/3211779/,8.9,百年一遇的数学天才石神，每天唯一的乐趣，便是去固定的便当店买午餐，只为看一眼在便当店做事的邻居靖子。
故事新编,鲁迅,https://book.douban.com/subject/2046909/,9.4,《故事新编》是鲁迅的一部短篇小说集，收录了鲁迅在1922年～1935年间创作的短篇小说八篇。1936年1月由上海文化生活出版社初版，列为巴金所编的《文学丛刊》之一作者生前共印行七版次。
树上的男爵,[意大利]伊塔洛·卡尔维诺,https://book.douban.com/subject/6789605/,9.1,在大陆，王小波、苏童、阿城、止庵是他的忠实粉丝
无人生还,[英] 阿加莎・克里斯蒂,https://book.douban.com/subject/3006581/,9.0,十个互不相识的人，被富有的欧文先生邀请到了印地安岛上的私人别墅里。晚餐后，一个神秘的声音揭开了人们心中所各自隐藏着的可怕秘密。当天晚上，年轻的马斯顿先生离奇死去，古老的童谣就像诅咒一样笼罩着所有人，似乎有一双神秘的眼镜在时刻窥视着这场死亡游戏，到访者就像消失的印地安小瓷人一样一个又一个的走向死神……
黄金时代,王小波,https://book.douban.com/subject/1089243/,8.9,《黄金时代》是《时代三部曲》之一。  这是以文革时期为背景的系列作品构成的长篇。发生“文化大革命”的二十世纪六七十年代，正是我们国家和民族的灾难年代。那时，知识分子群体无能为力而极“左”政治泛滥横行。作为倍受歧视的知识分子，往往丧失了自我意志和个人尊严。在这组系列作品里面，名叫“王二”的男主人公处于恐怖和荒谬的环境，遭到各种不公正待遇，但他却摆脱了传统文化人的悲愤心态，创造出一种反抗和超越的方式：既然不能证明自己无辜，便倾向于证明自己不无辜。于是他以性爱作为对抗外部世界的最后据点，将性爱表现得既放浪形骸又纯
傲慢与偏见,[英] 奥斯丁,https://book.douban.com/subject/1083428/,8.9,《傲慢与偏见》是简·奥斯汀的代表作，是一部描写爱情与婚姻的经典小说。作品以男女主人公达西和伊丽莎白由于傲慢和偏见而产生的爱情纠葛为线索，共写了四起姻缘：伊丽莎白与达西、简与宾利、莉迪亚与威克姆、夏洛蒂与柯林斯。伊丽莎白、简和莉迪亚是贝内特家五个女儿中的三个姐妹，而夏洛蒂则是她们的邻居，也是伊丽莎白的朋友。男主人公达西与宾利是好友，且与威克姆一起长大，而柯林斯则是贝内特家的远房亲戚。
史记（全十册）,司马迁 / 张守节,https://book.douban.com/subject/1077847/,9.5,史记是我国第一部通史。在史记之前，有以年代为次的“编年史”如春秋，有以地域为限的“国别史”如国语、战国策，有以文告档卷形式保存下来的“政治史”如尚书，可是没有上下几千年，包罗各方面，而又融会贯通，�络分明，像史记那样的通史。
鼠疫,[法] 阿尔贝·加缪,https://book.douban.com/subject/24257229/,9.1,阿尔贝•加缪（1913—1960）是法国声名卓著的小说家、散文家和剧作家，“存在主义”文学的大师。1957年因“热情而冷静地阐明了当代向人类良知提出的种种问题”而获诺贝尔文学奖，是有史以来最年轻的诺奖获奖作家之一。
中国少年儿童百科全书（全四册）,林崇德 主编,https://book.douban.com/subject/1028409/,9.4,浙江教育出版社出版的《中国少年儿童百科全书》(双色版)作为中国第一部少年儿童百科全书，自1991年儿童节出版以来，一直热销全国，被誉为国内图书市场的“常青树”。
悲惨世界（上中下）,[法] 雨果,https://book.douban.com/subject/1205054/,9.1,这是法国十九世纪浪漫派领袖雨果继《巴黎圣母院》之后创作的又一部气势恢宏的鸿篇巨著。全书以卓越的艺术魅力，展示了一幅自1793年法国大革命至1832年巴黎人民起义期间，法国近代社会生活和政治生活的辉煌画卷，最大限度地体现了雨果在叙事方面的过人才华，是世界文学史上现实主义与浪漫主义结合的典范。小说集中反映了雨果的人道主义思想，饱含了雨果对于人类苦难命运的关心和对末来坚定不移的信念，具有震撼人心的艺术感染力。
历史深处的忧虑,林达,https://book.douban.com/subject/1027191/,9.0,美国的面积和中国差不多。和大多数留学生及新移民一样，当我们一脚踏上这块广袤的陌生土地时，最初落脚点的选择是十分偶然的。我们落在了一个普通的地方，居住的环境平常而宁静。周围的美国人老老少少都在辛勤劳作，过着普通得不能再普通的生活。要想谋出一番好的光景，对他们也不是一件轻而易举的事情。
上帝掷骰子吗,曹天元,https://book.douban.com/subject/1467022/,9.2,《上帝掷骰子吗》这本书是关于量子论的故事。量子论是一个极为奇妙的理论：从物理角度来说，它在科学家中间引起了最为激烈的争议和关注；从现实角度来说，它给我们的社会带来了无与伦比的变化和进步；从科学史角度来说，也几乎没有哪段历史比量子论的创立得到了更为彻底的研究。然而不可思议的是，它的基本观点和假说至今没有渗透到大众的意识中去，这无疑又给它增添了一道神秘的光环。
永恒的终结,[美] 艾萨克·阿西莫夫,https://book.douban.com/subject/25829693/,9.1,24世纪，人类发明了时间力场。27世纪，人类在掌握时间旅行技术后，成立了一个叫做永恒时空（Eternity）的组织，在每个时代的背后，默默地守护着人类社会的发展。永恒时空以一个世纪为单位，并视每个世纪的发展需要而加以微调，以避免社会全体受到更大伤害。通过纠正过去的错误，将所有灾难扼杀在萌芽中，人类终于获得安宁的未来。然而，这种“绝对安全”的未来却在某一天迎来了终结。不知不觉中形成的因果链，仿佛从四面八方涌来的黑暗，即将吞噬全人类。
神雕侠侣,金庸,https://book.douban.com/subject/1255624/,8.9,《神雕侠侣》是金庸作品集之一。其主人公杨过自然而然地走上了非正统的人生道路，入了“道流”。其特点是“至情至性，实现自我”，即把个人的利益、情感、个性及人格尊严置于人生首位，作为首要目标，亦作为待人处事，评价是非的首要原则。书中将杨过对郭靖的杀父之仇与疼惜之恩难以取舍的复杂心理刻画得维妙维肖；他与“姑姑”小龙女的情感纠葛和他对江湖世事的渴望又令他挣扎不已……
西游记（全二册）,吴承恩,https://book.douban.com/subject/1029553/,9.0,《西游记》主要描写的是孙悟空保唐僧西天取经，历经九九八十一难的故事。唐僧取经是历史上一件真实的事。大约距今一千三百多年前，即唐太宗贞观元年（627），年仅25岁的青年和尚玄奘离开京城长安，只身到天竺（印度）游学。他从长安出发后，途经中亚、阿富汗、巴基斯坦，历尽艰难险阻，最后到达了印度。他在那里学习了两年多，并在一次大型佛教经学辩论会任主讲，受到了赞誉。贞观十九年（645）玄奘回到了长安，带回佛经657部。他这次西天取经，前后十九年，行程几万里，是一次传奇式的万里长征，轰动一时。后来玄奘口述西行见闻，由弟子辩机辑录成《大唐西域记》十二卷。但这部书主要讲述了路上所见各国的历史、地理及交通，没有什么故事。及到他的弟子慧立、彦琮撰写的《大唐大慈恩寺三藏法师传》，则为玄奘的经历增添了许多神话色彩，从此，唐僧取经的故事便开始在民间广为流传。南宋有《大唐三藏取经诗...
文学回忆录,木心 口述 / 陈丹青 笔录,https://book.douban.com/subject/20440644/,9.1,文学是可爱的。生活是好玩的。艺术是要有所牺牲的。
台北人,白先勇,https://book.douban.com/subject/5337248/,9.0,作为20世纪中文小说100强的《台北人》，是一部深具复杂性的短篇小说集，由十四个一流的短篇小说构成，串联成一体，则效果遽然增加，不但小说之幅面变广，使我们看到社会之“众生相”，更重要的，由于主题命意之一再重复，与互相陪衬辅佐，使我们能更进一步深入了解作品之含义，并使我们得以一窥隐藏在作品内的作者之人生观与宇宙观。《台北人》之人物，可以说囊括了台北都市社会之各阶层：从年迈挺拔的儒将朴公（《梁父吟》）到退休了的女仆顺恩嫂（《思旧赋》），从上流社会的窦夫人（《游园惊梦》）到下流社会的“总司令”（《孤恋花》）。有知识分子，如《冬夜》之余嵚磊教授；有商人，如《花桥荣记》之老板娘；有帮佣工人，如《那血一般红的杜鹃花》之王雄；有军队里的人，如《岁除》之赖鸣升；有社交界名女，如尹雪艳；有低级舞女，如金大班。这些“大”人物、“中”人物与“小”人物，来自中国大陆不同的省...
诗经,孔丘 编订,https://book.douban.com/subject/1883245/,9.5,这本《诗经》收录全部305篇，每篇诗歌都配有相应的解释及译文，使读者更容易理解。
哭泣的骆驼,三毛,https://book.douban.com/subject/1029111/,9.0,在《哭泣的骆驼》中，三毛依然恋恋着墨沙漠生活周遭的人与事，《收魂记》、《搭车客》、《逍遥七岛游》、《一个陌生人的死》、《大胡子与我》等篇，情趣盎然；《沙巴军曹》与《哑奴》所刻画的主角，给人留下了难以磨灭的印象；而压轴的《哭泣的骆驼》，以游击战事为背景，细细铺写一对沙漠情鸳的生死盟，竟犹如史诗般的磅礴。
一个叫欧维的男人决定去死,[瑞典] 弗雷德里克·巴克曼,https://book.douban.com/subject/26672693/,9.1,来认识一下欧维，这个59岁的老头，脾气古怪，带着坚不可摧的原则、每天恪守的常规以及随时发飙的脾性在社区晃来晃去，被背地里称为“地狱来的恶邻”。他每天一大早就四处巡视，搬动没停进格线的脚踏车，检查垃圾是否按规定分类，抱怨谁家的草坪还不修剪，诅咒那只掉了毛的流浪猫。没完没了 。
灿烂千阳,[美] 卡勒德·胡赛尼,https://book.douban.com/subject/2143732/,8.9,私生女玛丽雅姆在父亲的宅院门口苦苦守候，回到家却看到因绝望而上吊自杀的母亲。那天是她十五岁的生日，而童年嘎然而止。玛丽雅姆随后由父亲安排远嫁喀布尔四十多岁的鞋匠拉希德，几经流产，终因无法生子而长期生活在家暴阴影之下。
最好的告别,[美] 阿图·葛文德（Atul Gawande）,https://book.douban.com/subject/26576861/,9.0,当独立、自助的生活不能再维持时，我们该怎么办？在生命临近终点的时刻，我们该和医生谈些什么？应该如何优雅地跨越生命的终点？对于这些问题，大多数人缺少清晰的观念，而只是把命运交由医学、技术和陌生人来掌控。影响世界的医生阿图•葛文德结合其多年的外科医生经验与流畅的文笔，讲述了一个个伤感而发人深省的故事，对在21世纪变老意味着什么进行了清醒、深入的探索。本书富有洞见、感人至深，并为我们提供了实用的路线图，告诉我们为了使生命最后的岁月有意义，我们可以做什么、应该做什么。
人间词话,王国维,https://book.douban.com/subject/1203426/,9.0,《人间词话》一书乃是王氏接受了西洋美学思想之洗礼后，以崭新的眼光对中国旧文学所作的评论，具有划时代的意义，向来极受学术界重视。本书并约请当今著名专家黄霖为之导读，不仅梳理其理论框架，剔抉其精义要眇，更着重揭橥其学术源流、历史文化背景，及撰作者当时特定的情境与心态，从而在帮助读者确切理解原著的同时，凸现词学大师王国维的学术个性。
窗边的小豆豆,[日] 黑柳彻子 著 / 岩崎千弘 图,https://book.douban.com/subject/1007914/,8.8,《窗边的小豆豆》讲述了作者上小学时的一段真实的故事。作者因淘气被原学校退学后，来到巴学园。在小林校长的爱护和引导下，让一般人眼里“怪怪”的小豆豆逐渐成了一个大家都能接受的孩子，并奠定了她一生的基础。这本书不仅带给世界几千万读者无数的笑声和感动，而且为现代教育的发展注入了新的活力。
厌女,上野千鹤子,https://book.douban.com/subject/25836270/,9.1,《厌女》不是一部纯理论性著作，而是运用女性主义理论针对日本当代的各种社会现象的实践性分析。《厌女》处理了广泛的日本题材，其中既有文学性的，比如谈到小说家吉行淳之介、永井荷风、林真理子等，更多的则是社会性的。上野千鹤子谈到的许多现象，尤其是家庭的、婚姻的，在中国也有很类似的情况。知性的读者会从这些论述中获得强烈共鸣并得到理论上的指引。
唐诗三百首,蘅塘退士 / 陈婉俊,https://book.douban.com/subject/1013267/,9.4,《唐诗三百首》的旧注本亦有许多种，其中以陈婉俊的补注本简明精当，流行最广。她的注解除简介作者生平外，比较注重语词名物的诠释，博引旁征，字梳句栉，对今天的读者仍有一定的参考价值。
浪潮之巅,吴军,https://book.douban.com/subject/6709783/,9.0,近一百多年来，总有一些公司很幸运地、有意识或无意识地站在技术革命的浪尖之上。在这十几年间，它们代表着科技的浪潮，直到下一波浪潮的来临。
看见,柴静,https://book.douban.com/subject/20427187/,8.8,《看见》是知名记者和主持人柴静讲述央视十年历程的自传性作品，既是柴静个人的成长告白书，某种程度上亦可视作中国社会十年变迁的备忘录。十年前她被选择成为国家电视台新闻主播，却因毫无经验而遭遇挫败，非典时期成为现场记者后，现实生活犬牙交错的切肤之感，让她一点一滴脱离外在与自我的束缚，对生活与人性有了更为宽广与深厚的理解。十年之间，非典、汶川地震、两会报道、北京奥运……在每个重大事件现场，几乎都能发现柴静的身影，而如华南虎照、征地等刚性的调查报道她也多有制作。在书中，她记录下淹没在宏大叙事中的动人细节，为时代留下私人的注脚。一如既往，柴静看见并记录下新闻中给她留下强烈生命印象的个人，每个人都深嵌在世界之中，没有人可以只是一个旁观者，他人经受的，我必经受。书中记录下的人与事，是他们的生活，也是你和我的生活。
呼兰河传,萧红,https://book.douban.com/subject/1060852/,9.0,萧红，中国现代著名女作家。1911年6月2日生于黑龙江呼兰县，1942年1月22日病殁香港。原名张迺莹，笔名萧红、悄吟等。幼年丧母，父亲性格暴戾，她只有从年迈的祖父那里享受到些许人间温暖，寂寞的童年形成了萧红性格中孤独、敏感、矜持而又倔强的一面。
美的历程,李泽厚,https://book.douban.com/subject/3410718/,9.2,本书是中国美学的经典之作。凝聚了作者李泽厚先生多年研究，他把中国人古往今来对美的感觉玲珑剔透地展现在大家眼前，如斯感性，如斯亲切。今配以精美的插图，本书就更具体地显现出中国这段波澜壮阔的美的历程。
孽子,白先勇,https://book.douban.com/subject/5337254/,9.1,白先勇唯一的一部长篇小说《孽子》，以同性恋为题材，全书共分为四章，依次是“放逐”、“在我们的王国里”、“安乐乡”、“那些青春鸟的行旅”，描写了上个世纪六七十年代生活在台北的一群为家庭所弃、为社会所遗的“孽子”。白先勇题记：“写给那一群，在最深最深的黑夜里，独自彷徨街头，无所依归的孩子们。”其中父子冲突的主题，亦令人印象深刻。
道德经,黄元吉,https://book.douban.com/subject/1059258/,9.5,《道德經》，又稱《道德真經》、《老子》、《五千言》、《老子五千文》，是中國古代先秦諸子分家前的一部著作，為其時諸子所共仰，傳說是春秋時期的老子李耳所撰寫，是道家哲學思想的重要來源，道德經分上下兩篇，原文上篇《德經》、下篇《道經》，不分章，後改為《道經》37章在前，第38章之後為《德經》，並分為81章，是中國歷史上首部完整的哲學著作。
爱你就像爱生命,王小波 / 李银河,https://book.douban.com/subject/3071717/,8.8,王小波书信均选自朝华出版社2004年4月第一版《爱你就像爱生命》，此书系王小波生前从未发表过的与李银河的“两地书”，也是迄今他们夫妇最完整和独立的一本书信集。
我们仨,杨绛,https://book.douban.com/subject/1023045/,8.8,《我们仨》是钱钟书夫人杨绛撰写的家庭生活回忆录。1998年，钱钟书逝世，而他和杨绛唯一的女儿钱瑗已于此前（1997年）先他们而去。在人生的伴侣离去四年后，杨绛在92岁高龄的时候用心记述了他们这个特殊家庭63年的风风雨雨、点点滴滴，结成回忆录《我们仨》。
冬牧场,李娟,https://book.douban.com/subject/10522856/,9.1,文坛清新之风，阿勒泰的精灵
巨人的陨落,[英] 肯·福莱特,https://book.douban.com/subject/26698660/,8.9,在第一次世界大战的硝烟中，每一个迈向死亡的生命都在热烈地生长——威尔士的矿工少年、刚失恋的美国法律系大学生、穷困潦倒的俄国兄弟、富有英俊的英格兰伯爵，以及痴情的德国特工… 从充满灰尘和危险的煤矿到闪闪发光的皇室宫殿，从代表着权力的走廊到爱恨纠缠的卧室，五个家族迥然不同又纠葛不断的命运逐渐揭晓，波澜壮阔地展现了一个我们自认为了解，但从未如此真切感受过的20世纪。
教父,[美]马里奥·普佐,https://book.douban.com/subject/1092335/,9.0,《教父》这部小说的不同凡响的艺术魅力就在于：尽管描写的全是坏蛋，但作者曲尽妙笔，竟然能让读者不痛恨个别坏蛋，而痛恨整个龌龊的社会结构。教父及其继承人——他的小儿子迈克尔本来都是坏透了的坏蛋，但是却并不显得令人痛恨，因为他们杀人是整个不合理的社会逼出来的，因为他们杀的也都是更坏的人，他们同那些在幕后“坐地分赃”的政客比较起来，在“坏”的程度上，可真是小巫见大巫了。
海子的诗,海子,https://book.douban.com/subject/1011754/,9.0,本书收录了已故诗人海子的诗作精华，其诗以独特的风格深受读者的喜爱，从这些诗中反映出诗人那对于一切美好事物的眷恋之情，对于生命的世俗和崇高的激动和关怀。
人生的枷锁,[英] 毛姆,https://book.douban.com/subject/2035171/,9.1,《人生的枷锁》是毛姆的代表作，具有明显的自传色彩。
人生的智慧,(德)叔本华,https://book.douban.com/subject/3261600/,9.2,他于1850年写了《附录和补遗》一书，《人生的智慧》是该书中的一部分。在书中，他以优雅的文体，格言式的笔触阐述了自己对人生的看法。《人生的智慧》使沉寂多年的叔本华在晚年一举成名。我社出版的这本全译本是我国第一个根据德文版译出的中文本。这本书讨论的事情与我们的世俗生活至为接近，诸如健康、财富、名声、荣誉、养生和待人接物所应遵守的原则等。正如叔本华所说的，在这本书里他尽量以世俗、实用的角度考虑问题。因此，这本书尤其适合大众阅读。虽然叔氏尽量放弃了居高俯临的审视角度，但关于错综复杂并因此众说纷纭的世俗人情的话题，经过这位思想大师一贯深刻而因此透彻的讨论之后，变得清晰简明，话题也几已穷尽矣。
四世同堂,老舍,https://book.douban.com/subject/3183775/,9.4,值得每一代中国人阅读的文学经典，值得每一个中国人珍藏的民族记忆。老舍：它是我从事写作以来最长的、可能也是最好的一本书。入选《亚洲周刊》“二十世纪中文小说一百强”。
美丽新世界,【英】奥尔德斯·赫胥黎,https://book.douban.com/subject/27002046/,9.2,出版于一九三二年的《美丽新世界》是奥尔德斯•赫胥黎最杰出的代表作，是二十世纪最著名的反乌托邦文学经典之一，与奥威尔的《一九八四》、扎米亚京的《我们》并称为“反乌托邦”三部曲，在国内外文学界和思想界影响深远。这是一部寓言作品，展现了赫胥黎眼中的人类社会的未来图景：通过最有效的科学和心理工程，人类从遗传和基因上就已经被先天设计为各种等级的社会成员，完全沦为驯顺的机器，个性和自由被扼杀，文学艺术濒于毁灭。继《美丽新世界》这部寓言小说杰作之后，赫胥黎又于一九五八年出版了论著《重返美丽新世界》，在这部雄辩的作品中，作者运用其丰富的社会学和人类学知识，比较了现代社会与他在《美丽新世界》中所构想的寓言性图景的方方面面，像人口过剩、宣传和洗脑以及化学劝诱等，认为他早年悲观的预言正在成为现实。本书将赫胥黎这两部最经典的名著全部收入。
斯通纳,[美] 约翰·威廉斯,https://book.douban.com/subject/26425831/,8.9,《斯通纳》讲述了生命中最重要的部分：爱，认同，怜悯，志业，傲骨，信任与死亡。
看不见的城市,[意大利]伊塔洛·卡尔维诺,https://book.douban.com/subject/1863930/,8.8,《看不见的城市》的第一版是在1972年11月由都灵的埃伊纳乌迪出版社出版的。在这本书出版的时候，从1972年底到1973年初，卡尔维诺曾在多家报纸的文章和访谈中谈到它。
离开的，留下的,[意] 埃莱娜·费兰特,https://book.douban.com/subject/27104959/,8.9,两个女人 50年的友谊和战争
飞鸟集,[印] 罗宾德拉纳德·泰戈尔,https://book.douban.com/subject/1058661/,8.9,《飞鸟集》是泰戈尔的代表作之一，也是世界上最杰出的诗集之一。白昼和黑夜、溪流和海洋、自由和背叛，都在泰戈尔的笔下合而为一，短小的语句道出了深刻的人生哲理，引领世人探寻真理和智慧的源泉。初读这些诗篇，如同在暴风雨过后的初夏清晨，推开卧室的窗户，看到一个淡泊清透的世界，一切都是那样清新、亮丽，可是其中的韵味却很厚实，耐人寻味。
秋园,杨本芬,https://book.douban.com/subject/34998019/,9.0,听八旬奶奶讲述她和妈妈的故事。
罪与罚,[俄] 陀思妥耶夫斯基,https://book.douban.com/subject/1858568/,9.3,《罪与罚》系19世纪俄国大文豪陀思妥耶夫斯基的代表作之一。小说描写一心想成为拿破仑式的人物、认定自己是个超人的穷大学生拉斯柯尔尼科夫，受无政府主义思想毒害，为生活所迫，杀死放高利贷的房东老太婆和她的无辜的妹妹，制造了一起震惊全俄的凶杀案。经历了一场内心痛苦的忏悔后，他最终在基督教徒索尼雅姑娘的规劝下，投案自首，被判流放西伯利亚。作品着重表现主人公行凶后良心受到谴责，内心深感孤独、恐惧的精神状态，刻画他犯罪前后的心理变化。小说一方面描绘了俄国下层人民的悲惨生活，揭露贵族社会的罪恶；一方面也宣扬逆来顺受，从宗教中求解脱的思想。
叫魂,[美] 孔飞力,https://book.douban.com/subject/10471333/,9.1,《叫魂:1768年中国妖术大恐慌》中在中国的千年帝制时代，清高宗弘历可谓是空前绝后的一人，然而在乾隆盛世达到登峰造极的时候，整个大清的政治与社会生活却被一股名为“叫魂”的妖术搅得天昏地暗。在1768年从春天到秋天的那几个月里，这股妖风冲击到了半个中国，百姓为之人心惶惶，官员为之疲于奔命，皇帝为之寝食不宁。在讲述叫魂故事的过程中，《叫魂:1768年中国妖术大恐慌》重在讨论这背后的历史意蕴。叫魂故事可以帮助我们理解传统中国政治和中国社会的一些基本问题。
鹿鼎记,金庸,https://book.douban.com/subject/1212893/,8.9,《鹿鼎记》是金庸创作的最后一部小说，也是他最重要的代表作。
置身事内,兰小欢,https://book.douban.com/subject/35546622/,9.1,“在成功的经济体中，经济政策一定是务实的，不是意识形态化的。是具体的，不是抽象的。”
这些人，那些事,吴念真,https://book.douban.com/subject/6388661/,8.8,吴念真累积多年、珍藏心底的体会与感动。
梦里花落知多少,三毛,https://book.douban.com/subject/2070844/,8.8,《梦里花落知多少》记录了荷西过世后三毛的生活，共23篇。内容均为台湾皇冠出版社81年至88年的初版。
陆犯焉识,严歌苓,https://book.douban.com/subject/6880158/,8.9,《陆犯焉识》内容简介：陆焉识本是上海大户人家才子+公子型的少爷，聪慧而倜傥，会多国语言，也会讨女人喜欢。父亲去世后，年轻无嗣的继母冯仪芳为了巩固其在家族中的地位，软硬兼施地使他娶了自己的娘家侄女冯婉喻。没有爱情的陆焉识很快出国留学，在美国华盛顿毫无愧意地过了几年花花公子的自由生活。毕业回国后的陆焉识博士开始了风流得意的大学教授生活，也开始了在风情而精明的继母和温婉而坚韧的妻子夹缝间尴尬的家庭生活。
边城,沈从文 / 黄永玉 卓雅 插图.,https://book.douban.com/subject/1057244/,8.7,《边城》是沈从文的代表作，写于一九三三年至一九三四年初。这篇作品如沈从文的其他湘西作品，着眼于普通人、善良人的命运变迁，描摹了湘女翠翠阴差阳错的生活悲剧，诚如作者所言：“一切充满了善，然而到处是不凑巧。既然是不凑巧，因之素朴的善终难免产生悲剧。”
你当像鸟飞往你的山,塔拉·韦斯特弗,https://book.douban.com/subject/33440205/,8.7,人们只看到我的与众不同：一个十七岁前从未踏入教室的大山女孩，却戴上一顶学历的高帽，熠熠生辉。只有我知道自己的真面目：我来自一个极少有人能想象的家庭。我的童年由垃圾场的废铜烂铁铸成，那里没有读书声，只有起重机的轰鸣。不上学，不就医，是父亲要我们坚持的忠诚与真理。父亲不允许我们拥有自己的声音，我们的意志是他眼中的恶魔。哈佛大学，剑桥大学，哲学硕士，历史博士……我知道，像我这样从垃圾堆里爬出来的无知女孩，能取得如今的成就，应当感激涕零才对。但我丝毫提不起热情。我曾怯懦、崩溃、自我怀疑，内心里有什么东西腐烂了，恶臭熏天。直到我逃离大山，打开另一个世界。那是教育给我的新世界，那是我生命的无限可能。
时间简史,[英] 史蒂芬·霍金,https://book.douban.com/subject/1034282/,8.9,《时间简史》讲述是探索时间和空间核心秘密的故事，是关于宇宙本性的最前沿知识，包括我们的宇宙图像、空间和时间、膨胀的宇宙不确定性原理、基本粒子和自然的力、黑洞、黑洞不是这么黑、时间箭头等内容。第一版中的许多理论预言，后来在对微观或宏观宇宙世界观测中得到证实。
刘擎西方现代思想讲义,刘擎,https://book.douban.com/subject/35313227/,9.2,人生的意义，人们向往的自由和公平的价值，人类文明的复杂冲突与未来趋势……这些让你困惑的大小问题，过去也困扰过韦伯、尼采、萨特等杰出的头脑。他们尽最大努力做出阐释，为后人提供了宝贵的思想标识。在这部讲义里，刘擎介绍了现代视域下的19位思想大家，广泛而系统地讨论工具理性的利弊，如何面对虚无主义，消费主义对人的异化，财富分配的公平正义和全球化等议题。思想不惑，精神明亮。你将在这19位大家的生平故事中，理解他们建构思想大厦的地基与框架。你还会在思想大厦之上，直面个人生活和社会公共领域的诸多难题，收获审慎而真诚的回答。
王尔德童话,[英] 王尔德,https://book.douban.com/subject/1119839/,9.1,王尔德是19世纪英国最伟大的艺术家之一，以其剧作、诗歌、童话和小说名世。在风流才子那颓废唯美、狷狂放浪的表面姿态下，是一颗纯美纯善，永难泯灭的童心。而这可贵童心一经与卓绝才智结合，便诞生了《王尔德童话》。它不仅为作者奠定了文学声名的基石，更成为世界文学宝库中的传世佳作。其语言纯正优美堪称典范，其意境高洁悠远益人心智，值得向每一个童稚未凿的孩子、每一位葆有赤子之心的成人郑重推荐。
金色梦乡,[日] 伊坂幸太郎,https://book.douban.com/subject/5038409/,9.0,平凡的送貨員──青柳雅春和多年不見的老友森田森吾偶遇，卻突然被告知首相即將被暗殺，而青柳則是兇手！還一頭霧水的青柳，早已成為警方不擇手段要緝捕的對象，更慘的是，馬上成為媒體炒作下十惡不赦的罪人，唯一的對策只有不斷的逃、逃、逃……
受戒,汪曾祺,https://book.douban.com/subject/1760432/,9.3,本书收入了小说54篇、散文12篇和少量的诗。其中《受戒》和《大淖记事》曾获全国短篇小说奖。
十万个为什么,汪曾祺,https://book.douban.com/subject/2160556/,9.2,1980年《十万个为什么》开始进行第三次大修订，推出第四版。这次大修订，肯定了初版本的特色，否定了“文革”版本，大体上保持第二版的规模和创作特色，仍是14分册，仍是保持通俗易懂、生动活泼、引人入胜的风格。第四版仍为14个分册，包括数学1、物理2、化学2、动物2、植物2、地学1、天文1、气象1、医学2。自1980年4月起至1981年10月出齐。这一版除拨乱反正了第3版受“阶级斗争”、“路线斗争”影响的内容外，还根据科学技术的发展，增加了许多新的内容。
小径分岔的花园,[阿根廷] 豪·路·博尔赫斯,https://book.douban.com/subject/25796120/,8.9,本书为1941年的短篇小说集，收小说七篇。其中，《小径分岔的花园》是侦探小说，讲述一桩罪行的准备工作和实施过程。小径分岔的花园是一个谜语，或者说寓言，而谜底正是时间。
昨日的世界,[奥] 斯蒂芬·茨威格,https://book.douban.com/subject/1062343/,9.2,作者以饱满真挚的感情、平实顺畅的文宇叙述了他所认识的特定时期的各种人物，他亲身经历的社会政治事件，他对那个动荡不安的时代的感受，记录了当时欧洲从一战前夜到二战欧洲危局的社会现实，批露了世界文化名人鲜为人知的生活轶事，同时穿插了作者各种细腻的心迹。...
毛泽东选集 第一卷,毛泽东,https://book.douban.com/subject/1139360/,9.6,《毛泽东选集》第一卷包括了毛泽东同志在中国革命各个时期中的重要著作。几年前各地方曾经出过几种不同版本的《毛泽东选集》，都是没有经过著者审查的，体例颇为杂乱，文字亦有错讹，有些重要的著作又没有收过去。现在的这部选集，是按照中国共产党成立后所经历的各个历史时期并且按照著作年月次序而编辑的。这部选集尽可能地搜集了一些为各地方过去印行的集子还没有包括在内的重要著作。选集中的各篇著作，都经著者校阅过，其中有些地方著者曾作了一些文字上的修正，也有个别的文章曾作了一些内容上的补充和修改。
棋王·树王·孩子王,阿城,https://book.douban.com/subject/26734559/,9.3,此次出版的是阿城先生亲自编订的最新版本，增添了许多以往版本所不具备的内容。
失明症漫记,[葡] 若泽·萨拉马戈,https://book.douban.com/subject/20428302/,9.1,你为什么会写这样一部冷酷的作品？
一个陌生女人的来信,[奥] 斯蒂芬·茨威格,https://book.douban.com/subject/2154960/,8.7,这是一部短篇小说集，除《一个陌生女人的来信》，亦按时间顺序收录了《火烧火燎的秘密》、《马来狂人》等名篇，作者的创作历程一目了然。
故事,[美] 罗伯特·麦基,https://book.douban.com/subject/25976544/,9.2,自1997年初版以来，《故事》一直是全世界编剧的第一必读经典，至今，仍属于美国亚马逊最畅销图书中的Top 1%。集结了罗伯特•麦基30年的授课经验，本书在对《教父》《阿甘正传》《星球大战》等经典影片的详细分析中，清晰阐述了故事创作的核心原理，其指导意义不应只被影视圈的人所认识，更应得到小说创作、广告策划、文案撰写人才的充分开发。
绝叫,[日] 叶真中显,https://book.douban.com/subject/35031587/,8.9,罗翔老师推荐！“这本书深刻地揭示了日本的社会问题，日本40多年来社会变迁的各种缩影。”
國史大綱（上下）,錢穆,https://book.douban.com/subject/1046492/,9.4,這是一部中國通史，因用大學教科書體例寫成，不得不力求簡要，僅舉大納，刪其瑣節。內容於學術思想，政治制度，社會風氣，國際形勢，兼有顧及，惟但求其通為一體，明其治亂盛衰之所由，聞其一貫相承之為統，以指陳吾國家民族生命精神之所寄。至其人物之詳，事業之備，則待教者讀者之自加參考，自為引伸。本書主旨則在發明其相互影響，及先後之演變發展，以作國人如何應付現時代之種種事變作根據之借鑒。
绿毛水怪,王小波,https://book.douban.com/subject/3518332/,9.1,《绿毛水怪》作者王小波的作品一直盛行不衰，王小波的小说在世界文学之林中创造出属于他的美，这美就像一束强光，刺穿了时间的阻隔，启迪了一代又一代刚刚开始识字读书的青年的心灵。王小波所虚构的艺术之美，以及他通过对现实世界的批评所传播的自由主义理念，已经在这个世界的文化和思想宝库中占据了一席之地，虽然并没有一个像诺贝尔文学奖之类的证书来印证这一点，但是，我们相信，时间就是他作品价值的证书。
经济学原理（上下）,[美] 曼昆,https://book.douban.com/subject/1028842/,9.1,此《经济学原理》的第3版把较多篇幅用于应用与政策，较少篇幅用于正规的经济理论。书中主要从供给与需求、企业行为与消费者选择理论、长期经济增长与短期经济波动以及宏观经济政策等角度深入浅出地剖析了经济学家们的世界观。
茶馆,老舍,https://book.douban.com/subject/1036613/,9.2,三幕话剧《茶馆》以北京一家大茶馆为背景，描写了清末、民初、抗战胜利以后三个历史时期的北京生活风貌，深刻地写出了王利发等人的真实命运。
也许你该找个人聊聊,[美]洛莉·戈特利布,https://book.douban.com/subject/35481512/,9.0,这是一位心理治疗师的回忆录，讲述了发生在诊室中的故事。在这个小小的密闭空间里，人们会展现出最真实、最脆弱的一面；也是在这里，人们获得了陪伴和倾听，也获得了宝贵的觉察、成长与改变。
克莱因壶,[日]冈岛二人,https://book.douban.com/subject/33658616/,8.9,什么时候你开始怀疑这个世界是假的？
海的女儿,安徒生,https://book.douban.com/subject/1765512/,9.1,安徒生是丹麦19世纪著名童话作家，世界文学童话创始人。他生于欧登塞城一个贫苦鞋匠家庭，早年在慈善学校读过书，当过学徒工。受父亲和民间口头文学影响，他自幼酷爱文学。11岁时父亲病逝，母亲改嫁。为追求艺术，他14岁时只身来到首都哥本哈根。经过8年奋斗，终于在诗剧《阿尔芙索尔》的剧作中崭露才华。因此，被皇家艺术剧院送进斯拉格尔塞文法学校和赫尔辛欧学校免费就读。历时5年。1828年，升入哥尔哈根大学。毕业后始终无工作，主要靠稿费维持生活。1838年获得作家奖金——国家每年拨给他200元非公职津贴。
人间草木,汪曾祺,https://book.douban.com/subject/1253310/,9.2,"《人间草木》(汪曾祺著)是汪曾祺优秀的散文集。当代文坛上,能同时在小说和散文两块田地里经营,且自成一家的并不多,汪曾祺先生算是其中的一个。汪曾祺先生是公认的文体家,不仅能写一手优秀的小说,还能写一手漂亮的散文。"
史蒂夫·乔布斯传,[美] 沃尔特·艾萨克森,https://book.douban.com/subject/6798611/,8.7,这本乔布斯唯一授权的官方传记，在2011年上半年由美国出版商西蒙舒斯特对外发布出版消息以来，备受全球媒体和业界瞩目，这本书的全球出版日期最终确定为2011年11月21日，简体中文版也将同步上市。
面纱,(英)W.萨默塞特·毛姆,https://book.douban.com/subject/10560798/,8.8,★同名电影《面纱》小说原著
爱的艺术,[美] 艾·弗洛姆,https://book.douban.com/subject/3026879/,8.8,《爱的艺术》是德裔美籍心理学家和哲学家、法兰克福学派重要成员艾里希-弗洛姆最著名的作品，自1956年出版至今已被翻译成32种文字，在全世界畅销不衰，被誉为当代爱的艺术理论专著最著名的作品。
苏菲的世界,[挪] 乔斯坦·贾德,https://book.douban.com/subject/2284311/,8.8,这本书以小说的形式，通过一名哲学导师向一个叫苏菲的女孩传授哲学知识的经过，揭示了西方哲学发展的历程。由前苏格拉底时代到萨特，以及亚里士多德、笛卡儿、黑格尔等人的思想都通过作者生动的笔触跃然纸上，并配以当时的历史背景加以解释，引人入胜。评论家认为，对于那些从未读过哲学课程的人而言，此书是最为合适的入门书，而对于那些以往读过一些哲学而已忘得一干二净的人士，也可起到温故知新的作用。
阿勒泰的角落,李娟,https://book.douban.com/subject/4881850/,9.1,《阿勒泰的角落》是关于新疆的最美丽文字，这是现代版《呼兰河传》。由作者1998-2003年之间陆续完成并在《文汇报》、《南方周末》等发表的短篇散文集结成册。作者以天然而纯真的笔调描述阿勒泰地区哈萨克族日常生活点滴趣事：做裁缝、可爱的孩子、来来去去的陌生人。她刻画的不是一组有关新疆的异域风情，她刻画的是我们内心的牧歌：白雪和阳光，青草和白桦林，优美、明亮。李娟 阿勒泰的角落，给你带来最生动的故事！
万水千山走遍,三毛,https://book.douban.com/subject/1036490/,8.9,大地啊，我来到你岸上时原是一个陌生人，住在你房子里时原是一个旅客，而今我离开你的门时却是一个朋友了。 当飞机降落在墨西哥首都的机场时，我的体力已经透支得几乎无法举步。长长的旅程，别人睡觉，我一直在看书。眼看全机的人都慢慢地走了，还让自己绑在安全带上。窗外的机场灯光通明，是夜间了。
德米安,[德] 赫尔曼·黑塞,https://book.douban.com/subject/3578470/,8.9,《德米安：埃米尔·辛克莱的彷徨少年时》是黑塞的代表作之一，讲述少年辛克莱寻找通向自身之路的艰辛历程。出生并成长于“光明世界”的辛克莱，偶然发现截然不同的“另一个世界”，那里的纷乱和黑暗，使他焦虑困惑，并陷入谎言带来的灾难之中。这时，一个名叫德米安的少年出现，将他带出沼泽地，从此他开始走向孤独寻找自我的前路。之后的若干年，“德米安”以不同的身份面目出现，在他每一次孤独寻找、艰难抉择的时候，成为他的引路人……
不能承受的生命之轻,米兰·昆德拉,https://book.douban.com/subject/4920007/,8.8,小说依托六十年代的捷克斯洛伐克的政治历史背景，围绕着托马斯、特蕾莎、萨比娜和弗兰茨等人物，以托马斯与特蕾莎的爱情为主线展开故事。
我的天才女友,[意] 埃莱娜·费兰特,https://book.douban.com/subject/26878124/,8.7,只有你身为女人才会知道这些丑陋的秘密
温柔的夜,三毛,https://book.douban.com/subject/2068249/,9.1,《温柔的夜》记录了三毛在加纳利群岛的生活，共十四篇。
桶川跟踪狂杀人事件,[日] 清水洁,https://book.douban.com/subject/35094680/,9.0,推动反跟踪骚扰法案出台的凶杀案件！
霸王别姬,李碧华,https://book.douban.com/subject/1088711/,9.1,婊子无情，戏子无义。婊子合该在床上有情，戏子只能在台上有义。 台上，一生一旦，英雄美人，一出《霸王别姬》唱红四十年代的北平。 台下，师兄师弟，性情各异。一具风流倜傥，与红妓两情相悦；一个人戏不分，泥足深陷。由此，三人在爱与恨的漩涡中角逐纠缠......风雨人生沾有缕缕血 腥，前尘往事留下几许绮丽和幽怨？ 本书已由大陆及港、台三方联合拍成电影，获第四十六届戛纳电影节金棕榈奖。
我不知道该说什么，关于死亡还是爱情,[白俄] S·A·阿列克谢耶维奇,https://book.douban.com/subject/25884880/,9.1,★获得2015年诺贝尔文学奖，真实记录切尔诺贝利核灾难事件
亮剑,都梁,https://book.douban.com/subject/1088022/,9.0,李云龙是一个叱咤风云、百战沙场的职业军人，是一个一生都在血与火中搏斗的名将。他的人生信条是：面对强大的对手，明知不敌，也要毅然亮剑，即使倒下，也要成为一座山、一道岭。在战争与和平的时空转换中，他的命运注定要充满悲欢离合—无论是政治生涯还是婚姻、爱情。
球状闪电,刘慈欣,https://book.douban.com/subject/1192090/,8.7,在某个离奇的雨夜，一颗球状闪电闯进了少年的视野。它的啸叫低沉中透着尖利，像是一个鬼魂在太古的荒原上吹着埙。当鬼魂奏完乐曲，球状闪电在一瞬间将少年的父母化为灰烬，而他们身下板凳却是奇迹般的冰凉。
我也有一个梦想,林达,https://book.douban.com/subject/1014825/,9.0,本书通过精彩动人的故事，展示了美国种族问题相关联的，社会意识和法律演进史。介绍了在契约社会里，立法的民众基础，法律对人性的思考，法律的变化与社会理趟的关系等问题。通过作者的叙述，读者能够看到，在法治国家里，民众，尤其是弱势人群怎样运用法律，经过长期抗争，取得自身权益，并由此推动社会认识的深化，使整个国家在消除不公正的历史进程中取得稳定的进步。
长日将尽,[英] 石黑一雄,https://book.douban.com/subject/30142261/,8.9,★2017诺贝尔文学奖得主石黑一雄代表作、布克奖获奖小说
社会心理学,[美] 戴维·迈尔斯,https://book.douban.com/subject/1476651/,9.0,《社会心理学》这本书被美国700多所大学或学院的心理系所采用，是这一领域的主导教材，已经成为评价其他教材的标准。
13 67,陳浩基,https://book.douban.com/subject/25897884/,9.1,我們以為自己走在正確的道路上，
古文观止,吴楚材 / 吴调侯,https://book.douban.com/subject/1014561/,9.1,《古文观止》是清康熙年间吴乘权、吴大职编选的一部古文读本，凡十二卷，收录自先秦至明末的散文二百二十二篇，每篇都有注释和评论。据《左传》襄公二十九年记载，吴公子季札在鲁国观看乐舞《韶�》时，以为尽善尽美，无以复加，赞叹道：“观止矣：若有他乐吾不敢请已！”本书书名中“观止”二字即由此而来，是表示所选的古文极好，堪称最佳读本。
一句顶一万句,刘震云,https://book.douban.com/subject/3633461/,8.8,《一句顶一万句》的故事很简单，小说的前半部写的是过去：孤独无助的吴摩西失去唯一能够“说得上话”的养女，为了寻找，走出延津；小说的后半部写的是现在：吴摩西养女的儿子牛爱国，同样为了摆脱孤独寻找“说得上话”的朋友，走向延津。一走一来，延宕百年。书中的人物大部分是中国最底层的老百姓，偏偏安排了一个意大利牧师老詹。
我的阿勒泰,李娟,https://book.douban.com/subject/4884218/,8.9,本书是作者十年来散文创作的合集。分为阿勒泰文字、阿勒泰角落和九篇雪三辑。这是一部描写疆北阿勒泰地区生活和风情的原生态散文集。充满生机活泼、新鲜动人的元素。记录作者在疆北阿勒泰地区生活的点滴，包括人与事的记忆。作者在十年前以天才的触觉和笔调初现文坛并引起震惊。作品风格清新、明快，质地纯粹，原生态地再现了疆北风物，带着非常活泼的生机。
海风中失落的血色馈赠,[加拿大] 阿利斯泰尔·麦克劳德,https://book.douban.com/subject/26357614/,9.0,《海风中失落的血色馈赠》所收入的七个故事，有少年渴望摆脱家族在海岛世代挖煤的命运而在成年之际离家远行，有人到中年的大学教师回忆少年时他那心怀壮志但困居海岛打鱼为生的父亲，有散居各地的大家族在老祖母96岁生日之际齐聚老祖母寡居的海角……这些故事勾画了男女之间、父母与子女之间 紧密的纽带和难以逾越的鸿沟，既温柔又残酷。
强风吹拂,三浦紫苑,https://book.douban.com/subject/26210487/,9.0,豆瓣2015年度读书榜单，最佳暖心治愈作品No.1.
倾城之恋,张爱玲,https://book.douban.com/subject/1985223/,8.7,一九四四年八月十五日，张爱玲的小说集《传奇》由上海杂志社出版，书中收入中短篇小说《金锁记》、《倾城之恋》、《茉莉香片》、《沉香屑：第一炉香》、《沉香屑：第二炉香》、《琉璃瓦》、《心经》、《年青的时候》、《花凋》和《封锁》。
少年凯歌,张爱玲,https://book.douban.com/subject/1091203/,9.3,在成为著名电影导演之前，他曾有过怎样的人生？陈凯歌亲自执笔，直面他的少年时代。他敢于面对，勇于审视自己，并承认曾经犯过的错误。他的回忆与思考，既富于自省和批判精神，又具有相当的思想深度和历史的鲜活性。深刻的思想、优美的文笔、个人的视角，对成名之前生活、思想、艺术积累的小结，能够启迪我们许许多多的人。
麦琪的礼物,[美] 欧·亨利,https://book.douban.com/subject/1051193/,8.7,选收欧·亨利的小说34篇，国外当代文学类重要工具书介绍的有代表性的作品均已收入。欧·亨利是位有独特风格的杰出短篇小说家，以巧妙的构思、夸张和幽默的文笔反映了他那个时代的人和事。
孩子你慢慢来,龙应台,https://book.douban.com/subject/4207781/,8.7,作为华人世界最有影响的一支笔，龙应台的文章有万丈豪气，然而《孩子你慢慢来》却令人惊叹，她的文字也可以有款款深情。这本书里的龙应台是一个母亲，作为母亲的龙应台和作为一个独立的人的龙应台有着丰富、激烈的内心冲突，而正是通过对这一冲突的诉说，表现出她内心深处的母爱。但它不是传统母爱的歌颂，是对生命的实景写生，只有真正懂得爱的作家才写得出这样的生活散文。
浮生六记,（清）沈复,https://book.douban.com/subject/1088581/,8.7,这是一部自传体文学的作品，原书六卷，已逸其二，现仅存四卷（有所谓“足本”者，后二记系伪作。书中记叙了作者夫妇间平凡的家居生活，坎坷际遇，和各地浪游闻见。文辞朴素，情感真挚，前人曾有“幽芳凄三角，读之心醉”的评语。本书文字不长，但向为文学爱好者和研究者所重视，影响广泛。
送你一颗子弹,刘瑜,https://book.douban.com/subject/4238362/,8.6,这本书里记录的是作者2005—2009年左右(尤其是2006—2007年)生活里的点点滴滴。在这本书里，被“审视”的东西杂七杂八，有街上的疯老头，有同宿舍的室友，有爱情、电影和书，大到制度，小到老鼠。由于我写这些东西的时候，出发点并不是写一本书，所以不同文章往往风格迥异，长短不一，质量不均，随着社会形势、荷尔蒙周期以及我逃避生活的力度而起伏。
渴望生活,[美] 欧文·斯通,https://book.douban.com/subject/3054821/,9.2,《渴望生活——梵高传》是欧文·斯通仅二十六岁时的作品。欧文·斯通认为，最能打动读者的不是名人深厚的成就和辉煌，而是他们追求和探索的过程。七十余年来，梵高悲惨而成就辉煌的人生震撼无数读者。这部作品也成为欧文·斯通的成名作，被译成八十余种文字，发行数千万册，感动亿万读者。
万物有灵且美,[英] 吉米·哈利,https://book.douban.com/subject/4187411/,8.9,“活泼的生命完全无须借助魔法，便能对我们述说至美至真的故事。大自然的真实面貌，比起诗人所能描摹的境界，更要美上千百倍。”
九州·缥缈录,江南,https://book.douban.com/subject/26613061/,8.8,《九州缥缈录》是江南的幻想史诗巨著，共6卷。以虚构的“九州”世界为背景，徐徐展开一轴腥风血雨的乱世长卷。当这个世界就要崩溃，当星辰和阳光也熄灭，沉默已久的乱世之轮重新开始运转，乱世诸名将和未来的帝王们整备了盔甲，立起标志着各家徽记的大旗，去向不知结局的战场。其气势之磅礴、架构之宏大、想象力之丰富，堪称中国版《冰与火之歌》。
情书,[日] 岩井俊二,https://book.douban.com/subject/1080370/,8.6,日本神户，渡边博子在未婚夫藤井树的三周年祭日上又一次陷入到悲痛和思念之中。博子在藤井树的中学同学录里找到了他在小樽市读书时的地址。由于抑制不住对爱人的怀念，博子按着这个地址给远在天国的藤井树寄去了一封充满问候和思念的书信。
天朝的崩溃,茅海建,https://book.douban.com/subject/1675478/,9.2,《天朝的崩溃》是作者系统研究鸦片战争十余年所得的成果。作者详尽考订了与战争相关的一系列重要史实，力图以当时的道德观念、思维方式与行为规范去理解历史，使许多在今人看来是荒谬的现象得以显示其在当时环境中的“合理性”。同时，通过对有关人物及其言行活动分析，观察清王朝在历史转折关头的作为，揭示历史进程中的偶然与必然。鸦片战争在中国近代史上影响重大，有关著述已出版不少。这本书的研究可谓推陈出新，作者一系列独到创见可能在学术界引起争议，相信这种争议将有助于深化中国近代史研究。
尼罗河上的惨案,[英] 阿加莎·克里斯蒂,https://book.douban.com/subject/1818347/,8.7,林内特·里奇维被一颗子弹打穿了头颅，尼罗河之旅的宁静也因此被打破。这位年轻，美丽，时尚——拥有一切的女孩，最终失去了自己的生命。
遥远的向日葵地,李娟,https://book.douban.com/subject/27184303/,9.1,此书为李娟近两年开始写作并发表在《文汇报》笔会的专栏——“遥远的向日葵地”的最新文字结集。
草房子,曹文轩,https://book.douban.com/subject/1052990/,9.0,这是一部讲究品位的少年长篇小说。
银河系漫游指南,[英] 道格拉斯·亚当斯,https://book.douban.com/subject/1394364/,8.8,地球被毁灭了，因为要在它所在的地方修建一条超空间快速通道。主人公阿瑟·邓特活下来了，因为他有一位名叫福特·长官的朋友。这位朋友表面上是个找不着工作的演员，其实是个外星人，是名著《银河系漫游指南》派赴地球的研究员。两人开始了一场穿越银河的冒险，能够帮助他们的只有《银河系漫游指南》一书中所包括的无限智慧。
野火集,龙应台,https://book.douban.com/subject/1426971/,8.8,龙应台常常针对一种社会现象，一类具体事物，甚至于一个人、一句话、一件事，给予无情的透视和直接的批评，马上让人心有戚戚焉。这些事，就发生在周围，看得见，摸得着，那么具体、实在、确切；而内中的缘由、涵义、影响、作用，常人似乎无所感，一经点破；立时豁然开朗。
安娜·卡列尼娜,[俄] 列夫·托尔斯泰,https://book.douban.com/subject/2253380/,9.2,《安娜·卡列尼娜》是托尔斯泰第二部里程碑式的长篇小说，创作于 1873—1877年。作品由两条既平行又相互联系的线索构成：一条是安娜与卡列宁、伏伦斯基之间的家庭、婚姻和爱情纠葛；一条是列文和吉娣的爱情生活及列文进行的庄园改革。安娜是一个上流社会的贵妇人，年轻漂亮，追求个性解放和爱情自由，而她的丈夫却是一个性情冷漠的“官僚机器 ”。一次在车站上，安娜和年轻军官伏伦斯基邂逅，后者为她的美貌所吸引，拼命追求。最终安娜堕入情网，毅然抛夫别子和伏伦斯基同居。但对儿子的思念和周围环境的压力使她陷入痛苦和不安中，而且她逐渐发现伏伦斯基并非一个专情的理想人物。在相继失去儿子和精神上最后一根支柱 ——伏伦斯基后，经过一次和伏伦斯基的口角，安娜发现自己再也无法在这个虚伪的社会中生活下去，绝望之余，她选择了卧轨自杀。小说揭露了 19世纪六七十年代俄罗斯上流社会的丑恶与虚伪...
罗生门,[日] 芥川龙之介,https://book.douban.com/subject/3136271/,8.7,芥川龙之介(1892—1927)，日本新思潮派代表作家，创作上既有浪漫主义特点，又具有现实主义倾向。以其名字命名的“芥川奖”成为日本文坛的重要奖项之一。作品以短篇小说为主，多为历史题材，情节新奇甚至诡异，以冷峻的文笔和简洁有力的语言让读者关注到社会丑恶现象，这使得他的小说既具有高度的艺术性，又成为当时社会的缩影。《罗生门》是其代表作。本书收录芥川的中短篇小说共十三篇。《罗生门》以风雨不透的布局将人推向生死抉择的极限，从而展示了“恶”的无可回避，第一次传递出作者对人的理解，对人的无奈与绝望。书山稗海，文史苑囿，于中沉潜含玩，钩没抉隐，一日发而为文，自是信手拈来，随机生发，纵横捭阖，不可抑勒。由庙堂高官到市井小民，由紫宸之深到江湖之运，其笔下无不呼之即来，腾跃纸上。芥川生性敏感，一般来说，他不重描绘而意在发掘，疏于叙述而工于点化，少的是轻灵与潇洒，多的是...
半生缘,张爱玲,https://book.douban.com/subject/1963684/,8.6,他和曼桢认识，已经是多年前的事了。算起来倒已经有十四年了——真吓人一跳！马上使他连带地觉得自己已老了许多。日子过得真快，尤其对于中年以后的人，十年八年都好像是指顾间的事。可是对于年轻人，三年五载就可以是一生一世。他和曼桢从认识到分手，不过几年的工夫，这几年里面却经过这么许多事情，仿佛把生老病死一切的哀乐都经历到了。
恶意,[日] 东野圭吾,https://book.douban.com/subject/26877752/,8.7,《恶意》是东野圭吾挑战写作极限的长篇杰作，与《白夜行》《嫌疑人X的献身》《解忧杂货店》并称东野圭吾四大杰作。《恶意》深刻揭示人性，故事中无边的恶意深不见底，有如万丈深渊，让人不寒而栗。从未遇到这样的案子：杀人不是目的，而是手段；死亡不是结束，而是开始。 读完《恶意》，才算真正认识东野圭吾。
额尔古纳河右岸,迟子建,https://book.douban.com/subject/3311253/,9.0,这是第一部描述我国东北少数民族鄂温克人生存现状及百年沧桑的长篇小说。似一壁饱得天地之灵气，令人惊叹却难得其解的神奇岩画；又似一卷时而安恬、时而激越，向世人诉说人生挚爱与心灵悲苦的民族史诗。
倚天屠龙记,金庸,https://book.douban.com/subject/1070851/,8.7,《倚天屠龙记》，金庸武侠小说，著于1961年，是“射雕三部曲”系列第三部，现收录在《金庸作品集》中。该书以元末群雄纷起、江湖动荡为广阔背景，叙述武当弟子张无忌的江湖生涯，表现众武林豪杰质朴自然，形态各异的精神风貌，展现其不可替代的人格力量。
理想国,[古希腊] 柏拉图,https://book.douban.com/subject/1004821/,8.8,《理想国》涉及柏拉图思想体系的各个方面，包括哲学、伦理、教育、文艺、政治等内容，主要是探讨理想国家的问题。
枪炮、病菌与钢铁,[美] 贾雷德·戴蒙德,https://book.douban.com/subject/1813841/,8.7,为什么是欧亚大陆人征服、赶走或大批杀死印第安人、澳大利亚人和非洲人，而不是相反？为什么么小麦和玉米、牛和猪以及现代世界的其他一些“不了起的”作物和牲畜出现在这些特定地区，而不是其他地区？在这部开创性的著作中，演化生物学家贾雷德.戴蒙德揭示了事实上有助于形成历史最广泛模式的环境因素，从而以震撼人心的力量摧毁了以种族主义为基础的人类史理论，因其突出价值和重要性，本书荣获1998年美国普利策奖和英国科普书奖，并为《纽约时报》畅销书排行榜作品。
你好，旧时光（上 下）,八月长安,https://book.douban.com/subject/4166819/,8.7,最好的青春共鸣文本！
雨季不再来,三毛,https://book.douban.com/subject/2136140/,8.7,《雨季不再来》以三毛的生命历程为主题，记录了三毛17岁到22岁的成长过程，真实呈现出三毛少女时代的成长感受，辍学、自闭、叛逆，游学西班牙、德国、美国后，渐渐成长为独立自信的青年，这本书中透露的纯真情怀和异质美感，可以清楚地印证她传奇性格的痕迹。
一桩事先张扬的凶杀案,[哥伦比亚] 加西亚·马尔克斯,https://book.douban.com/subject/24382569/,8.7,★马尔克斯自认为掌控得最好的作品。
激荡三十年,吴晓波,https://book.douban.com/subject/3151575/,8.6,尽管任何一段历史都有它不可替代的独特性，可是，1978年—2008年的中国，却是最不可能重复的，在一个拥有近13亿人口的大国里，僵化的计划经济体制日渐瓦解了，一群小人物把中国变成了一个巨大的试验场，它在众口睽睽之下，以不可逆转的姿态向商业社会转轨……
雷雨,曹禺,https://book.douban.com/subject/1013416/,8.7,《雷雨》所展示的是一幕人生大悲剧，是命运对人残忍的作弄。专制、伪善的家长，热情、单纯的青年，被情爱烧疯了心的魅惑的女人，痛悔着罪孽却又不自知地犯下更大罪孽的公子哥，还有家庭的秘密，身世的秘密，所有这一切在一个雷雨夜爆发。有罪的，无辜的人一起走向毁灭。曹禺以极端的雷雨般狂飙恣肆的方式，发泄被抑压的愤懑，毁谤中国的家庭和社会。
最好的我们,八月长安,https://book.douban.com/subject/24754316/,8.8,你总是说青春从不曾永远，而那时候的我们，就是最好的我们。
孙子兵法,孙武,https://book.douban.com/subject/1949420/,9.4,《孙子兵法》是我国最古老最杰出的一部兵书，历来备受推崇，研习者辈出不穷。我们现在能见到的最早为《孙子兵法》作注的乃一代枭雄曹操，字里行间不乏曹操的真知灼见。当代著名军事家郭化若更是长期研究《孙子兵法》，不但为全文作了校勘、注释、今译，还撰有题解及考订、评论文字，既有较高的学术水平，又浅显易懂。本书在郭化若注评的基础上又加上了曹操的注，将孙武、曹操、郭化若的军事思想融为一书，以裨读者把握我国两千年来军事思想演化的脉络。同时为方便阅读，在开本、版式、装帧等方面亦作了精心的设计。堪称形式与内容相得益彰。
水浒传（全二册）,[明] 施耐庵 / 罗贯中,https://book.douban.com/subject/1008357/,8.7,《水浒传》是我国第一部以农民起义为题材的长篇章回小说，是我国文学史上一座巍然屹立的丰碑，也是世界文学宝库中一颗光彩夺目的明珠。数百年来，它一直深受我国人民的喜爱，并被译为多种文字，成为我国流传最为广泛的古代长篇小说之一。
当呼吸化为空气,[美] 保罗·卡拉尼什,https://book.douban.com/subject/26896859/,8.9,全世界只有万分之零点一二的人会在36岁前患上肺癌，保罗·卡拉尼什（Paul Kalanithi）是其中之一。当你读到这本书时，他已经不在人世。保罗曾获得过美国斯坦福大学英语文学及人体生物学双料学位，并于英国剑桥大学获得科学史与哲学研究硕士学位，以优异成绩获得美国耶鲁大学医学博士学位，即将获得斯坦福医学院外科教授职位并主持自己的研究室。2013年，即将抵达人生巅峰的保罗，忽然被诊断出患有第四期肺癌。自此，他开始以医生和患者的双重身份，记录自己的余生，反思医疗与人性。他的文章刊登在《纽约时报》《华盛顿邮报》等媒体，获得了全球读者关注。本书文笔优美，诚挚感人，书里有着对人性、生死、医疗的深沉思索，让全球无数读者为之动容。
解忧杂货店,[日] 东野圭吾,https://book.douban.com/subject/25862578/,8.5,现代人内心流失的东西，这家杂货店能帮你找回——
冰与火之歌（卷一）,[美] 乔治·R. R. 马丁 / 乔治·马丁,https://book.douban.com/subject/1336330/,9.4,《冰与火之歌》由美国著名科幻奇幻小说家乔治·R·R·马丁所著，是当代奇幻文学一部影响深远的里程碑式的作品。它于1996年刚一问世，便以别具一格的结构，浩瀚辽阔的视野，错落有致的情节和生动活泼的语言，迅速征服了欧美文坛。迄今，本书已被译为数十种文字，并在各个国家迭获大奖。
目送,龙应台,https://book.douban.com/subject/3995526/,8.6,目送共由七十四篇散文组成，是为一本极具亲情、感人至深的文集。由父亲的逝世、母亲的苍老、儿子的离开、朋友的牵挂、兄弟的携手共行，写出失败和脆弱、失落和放手，写出缠绵不舍和绝然的虚无。正如作者所说：“我慢慢地、慢慢地了解到，所谓父女母子一场，只不过意味着，你和他的缘分就是今生今世不断地在目送他的背影渐行渐远。你站在小路的这一端，看着他逐渐消失在小路转弯的地方，而且，他用背影默默地告诉你，不用追。”
银河帝国：基地七部曲,[美] 艾萨克·阿西莫夫,https://book.douban.com/subject/26389895/,9.5,人类蜗居在银河系的一个小角落——太阳系，在围绕太阳旋转的第三颗 行星上，生 活了十多万年之久。
亲爱的安德烈,龙应台 / [德] 安德烈,https://book.douban.com/subject/3369793/,8.6,安德烈十四岁的时候，龙应台离开欧洲，返回台湾，就任台北市首任文化局长。等她卸任回到儿子身边，安德烈已是一个一百八十四公分高的十八岁的小伙子，坐在桌子另一边，有一点“冷”地看着妈妈。
一千零一夜,龙应台 / [德] 安德烈,https://book.douban.com/subject/1035848/,8.7,"《一千零一夜》被高尔基誉为""世界民间文学史上最壮丽的一座纪念碑""。本书故事精彩、妙趣横生、想象丰富、扣人心弦，充满神秘奇幻的色彩，蕴藏瑰丽丰富的风貌，既是儿童幻想的眼睛，又是老年人心灵的慰藉，老少咸宜，令人百读不厌，回味无穷。"
2001太空漫游,[英] 阿瑟·克拉克,https://book.douban.com/subject/2340609/,9.1,神秘的黑色石板在史前时代启蒙了地球人类的文明。三百万年后，人类在月球上发现了同样的石板，而石板在出土瞬间立即朝土星方向发射出电磁信号。美国派太空船“发现号”远征土星，追查真相。太空船的超级电脑“哈尔”发疯，害死三名冬眠中的太空人，并犯弗兰克·普尔变成太空漂流物，只有戴维 ·鲍曼逃过一劫。幸存的鲍曼独自抵达土星，又发现另一块更大的黑石板……
总统是靠不住的,林达,https://book.douban.com/subject/1056315/,8.8,本书是《历史深处的忧虑――近距离看美国》的姊妹篇，作者继续以信件的形式，从“美国总统是什么？”这样一个问题开始，用一连串的故事，层层铺排出美国政治法律制度的基本原理和操作细节，使读者更深刻地了解美国是如何在自身的制度系统中，通过“平衡和制约”去实施对权力的监督和限制。
天生有罪,[南非] 特雷弗·诺亚,https://book.douban.com/subject/30125030/,9.1,火遍微博、微信的《小崔每日秀》主持人特雷弗·诺亚首部回忆录
上学记,何兆武 口述 / 文靖 撰写,https://book.douban.com/subject/1859140/,8.9,何兆武教授的这部口述浓缩了20世纪中国知识分子的心灵史。它叙述的尽管只是1920年代-1940年代末不足30年间他学生时期的陈年往事，却蕴含着一个饱经沧桑的老人对整个20世纪历史的反思，对我们重新认识过往、观察现在以及展望未来都有着重要的启迪，这大概是这本书能够激起读者广泛共鸣的原因。这本书同时又是很个性化的，何先生不惮于表露自己的真情实感，不忌讳议论先贤的道德文章，既树立了理性的尊严，又使自己的性情展露无遗。在目前这个功利滔滔的的世界上，何先生对知识与真理的热诚仿佛一股清泉，可以冲洗那些被免得熏染的心灵，使其复现润泽。这也是老一代知识分子风范的存照。任何津津乐道于名人八卦消息的解读，都大大偏离了何先生的志趣。久已厌倦标签化历史著作的读者，可以从这本书中获得丰富、鲜活的历史体验，特别是今天“上学者”和“治学者”，或可藉此思考一下，学应该如何上、如何治...
荒原狼,[德]赫尔曼·黑塞,https://book.douban.com/subject/3131626/,9.0,小说的主人公哈勒尔是个正直的作家，他鄙视现代社会生活方式，常常闭门不出，令人窒息的空气使他陷于精神分裂的境地。一天他偶尔读到一本《评荒原狼》的小书，顿觉大梦初醒，认为自己就是一个“人性”和“狼性”并存的荒原狼。之后他应邀参加聚会，发现与会者都有狭隘的民族主义观点，而他的反战言论遭到斥责，更觉自己孤独；回家时他遇到酒吧女郎赫尔米娜，获得肉欲欢乐；经赫尔米娜介绍他又结识了音乐人帕布洛和一姑娘玛丽亚，他在音乐和感官享受中忘却了一切烦恼和忧虑。但当他看到赫尔米娜和帕布洛亲近时，便“狼性”大发，出于嫉妒将赫尔米娜杀死。小说幻想色彩浓郁，象征意味深远，被认为有“超现实主义”风格；托马斯·曼称它为“德国的尤利西斯”。
论语,[德]赫尔曼·黑塞,https://book.douban.com/subject/1964774/,9.1,《论语》是一部语录体思想散文集。早在春秋后期孔子设坛讲学时期，其主体内容就已初始创成；孔子去世以后，他的辫子和再传弟子代代传授他的言论，并逐渐将这些口头记诵的语录言行记录下来，集腋成裘，最终在战国初年汇辑论纂成书，因此称“论”。《论语》主要记载孔子及其弟子的言行，因此称为“语”。
认识电影,[美] 路易斯·贾内梯 / [瑞典] 英格玛·伯格曼 [日] 黑泽明 等供图,https://book.douban.com/subject/2326403/,8.9,《认识电影》作为电影入门书中的经典之作，用深入浅出的笔触，告诉我们影视传播的手法，并逐项解析其复杂的语言系统与要素。问世几十年以来，此书始终是世界各地影视从业人员和主流专业院校的必备之选，更是电影爱好者不可或缺的手边书。
顾城的诗,顾城,https://book.douban.com/subject/1033825/,8.8,《顾城的诗》是人民文学出版社1986年版《黑眼睛》的再版，在原书的基础上做了相应的删节和补充。其中有些诗是第一次发表。突出了一个时期的重点和特点，稍兼顾全面。编排上基本上按照写作年月，但又不拘泥于时间顺序，以利阅读诗感的连贯。
你一生的故事,[美] 特德·姜,https://book.douban.com/subject/26295448/,8.8,一瞥之下，过去与未来轰轰然同时并至，
全球通史(上),[美]斯塔夫里阿诺斯,https://book.douban.com/subject/1922216/,9.2,本书分八个部分，四十四个章节，主要讲述了世界历史的进化，世界文明的发展及其对现代社会的影响。作者着眼于全球，侧重于那些有影响的、促进历史发展的历史事件，其中包括原始社会、欧亚大陆的古代文明、欧亚大陆的原始文明、欧亚以外的世界、地区分割后的世界、西方世界的崛起、西方人统治的世界、西方的衰落与成功等八个主要的部分。重点突出，主题鲜明，着重有三个主要的问题，即（1）欧洲扩张的根源；（2）欧洲扩张前的儒家文化、穆斯林和其它非欧洲的世界；（3）欧洲扩张的各个历史时期：伊比利亚时期，荷兰、法国、英国时期，沙俄时期。本书为上册。
象棋的故事,[奥] 斯蒂芬·茨威格,https://book.douban.com/subject/2158684/,9.1,《象棋的故事》是茨威格生前发表的最后一部中篇小说。小说表面上讲述了一条从纽约开往南美的轮船上一位业余国际象棋手击败了国际象棋世界冠军的故事，实际上倾诉了纳粹法西斯对人心灵的折磨及摧残。作为人文主义者的茨威格借这篇小说表达了他对纳粹法西斯的痛恨。他以这种文学形式的抵抗加入 了世界反法西斯同盟的行列。
火星救援,[美]安迪•威尔,https://book.douban.com/subject/26586492/,8.9,极客宅男作家安迪·威尔的逆袭，美国自出版史上的奇迹
众病之王,[美] 悉达多·穆克吉,https://book.douban.com/subject/20507206/,9.0,《众病之王：癌症传》是一部饱含人文主义色彩的社科文化著作。作者悉达多•穆克吉历时六年，凭借翔实的历史资料、专业文献、媒体报道、患者专访等众多信息，向读者阐述了癌症的起源与发展，人类对抗癌症、预防癌症的斗争史。作者借由医学、文化、社会、政治等视角透露出一种社会化关怀；生动、文学性的写作手法展现出鲜活的人物和历史事件，让读者为之动容。
毛姆短篇小说精选集,[英] 威廉·萨默塞特·毛姆,https://book.douban.com/subject/10774752/,9.1,这二十三个短篇带我们去往英国、法国、意大利和墨西哥，还引我们领略了太平洋岛国的风情。毛姆笔下的世俗男女在一幕幕凛冽的人间短剧中出演了一个个令人难以忘怀的角色。人性弱点无时不在精确透视之下，人际关系被一次次冷冷剖析。在各种光怪陆离的场景中，迷失的人性引发了一连串的悲剧。
荆棘鸟,[澳] 考琳·麦卡洛,https://book.douban.com/subject/1086249/,8.6,《荆棘鸟》是一部澳大利亚的家世小说，以女主人公梅吉和神父拉尔夫的爱情纠葛为主线，描写了克利里一家三代人的故事，时间跨度长达半个多世纪。拉尔夫一心向往教会的权力，却爱上了克利里家的美丽少女梅吉。为了他追求的“上帝”，他抛弃了世俗的爱情，然而内心又极度矛盾和痛苦。以此为中心，克利里家族十余名成员的悲欢离合也得以展现。
青铜时代,王小波,https://book.douban.com/subject/1085883/,8.8,《青铜时代》是“时代三部曲”之三。这是以中国古代唐朝为背景的三部作品构成的长篇。这组作品的主人公，是古代的知识分子和传奇人物。他们作为一群追求个性、热爱自由、想按自己的价值观念精神信条生活的人，充满了强烈的创造欲望和人道需求，但被当时的权力斗争控制和扭曲了心态与行状、竟将智慧和爱情演变为滑稽闹剧。作者在这部长篇中，借助才子佳人、夜半私奔、千里寻情、开创伟业等风华绝代的唐朝秘传故事，将今伯爱情与唐人传奇相拼贴，使唐人传奇现代化，在其中贯注现代情趣，并通过对似水流年的追述，让历史艺术相融合，最终确立了对生命终极价值的体认，引出了一种由叙事者随心所欲地穿行于古今中外的对话体叙述方式。
雕刻时光,[苏] 安德烈·塔可夫斯基,https://book.douban.com/subject/26435510/,9.5,★ 首次由俄文原著翻译出版
正见,宗萨蒋扬钦哲仁波切,https://book.douban.com/subject/1963912/,8.8,在这本书中，宗萨蒋扬钦哲仁波切的以最简单的语言来说明佛教最核心的四法印见地，文字看似简单，却包含了深入浅出的层层奥义。下笔行云流水，诙谐幽默又字字珠玑。在轻快的字句后面，充满了引导无明众生脱离轮回的佛菩萨大悲大愿。
庄子,孙通海 译注 / 方勇 译注,https://book.douban.com/subject/2046236/,9.4,“中华经典藏书书系”，内容经典，形式精美，全面体现“经典藏书”理念。
此生未完成,于娟,https://book.douban.com/subject/6397275/,8.8,我们要用多大的代价，才能认清活着的意义。
从一到无穷大,[美] G. 伽莫夫,https://book.douban.com/subject/1102715/,9.1,《从一到无穷大：科学中的事实和臆测》是当今世界最有影响的科普经典名著之一，1970年代末由科学出版社引进出版后，曾在国内引起很大反响，直接影响了众多的科普工作者。
鹿川有许多粪,李沧东,https://book.douban.com/subject/35517022/,9.0,豆瓣2021年度读书榜单
中国哲学简史,冯友兰,https://book.douban.com/subject/1021273/,8.9,作者冯友兰于1947年在美国宾夕法尼亚大学受聘担任讲座教授，讲授中国哲学史。其英文讲稿后经整理写成《中国哲学简史》，于1948年由美国麦克米兰公司出版。此书一出，立即成为西方人了解和学习中国哲学的首选入门书。其后又有法文、意大利文、西班牙文、南斯拉夫文、日文等译本出版。多年来，这部专著一直是世界各大学中国哲学的通用教材，在西方影响很大。
规训与惩罚,[法] 米歇尔·福柯,https://book.douban.com/subject/1012307/,9.3,本书旨在论述关于现代灵魂与一种新的审判权力之间相互关系的历史，论述现行的科学—法律综合体的系谱。在这种综合体中，惩罚权力获得了自身的基础、证明和规则，扩大了自己的效应，并且用这种综合体掩饰自己超常的独特性。……如果这意味着写一部关于现在的历史，那才是我的兴趣所在。在我这一代对我们的时代进行诊断的哲学家圈子里，福柯是对时代精神影响最持久的。
现代艺术150年,[英] 威尔·贡培兹,https://book.douban.com/subject/26854318/,9.2,要掌握现代艺术的游戏规则，你需要知道些什么？——涵括近百位艺术家及其代表作，梳理二十多个现代艺术流派的渊源流变，勾勒现代艺术的发展历程。这一百五十年来艺术究竟发生了什么？为什么到了今天，一件看似五岁小孩也能捣鼓出来的东西，居然会是艺术史上的旷世之作？
金锁记,张爱玲,https://book.douban.com/subject/3017857/,8.6,"《金锁记》写于1943年，小说描写了一个小商人家庭出身的女子曹七巧的心灵变迁历程。七巧做过残疾人的妻子，欲爱而不能爱，几乎像疯子一样在姜家过了30年。在财欲与情欲的压迫下，她的性格终于被扭曲，行为变得乖戾，不但破坏儿子的婚姻，致使儿媳被折磨而死，还拆散女儿的爱情。""30年来她戴着黄金的枷。她用那沉重的枷角劈杀了几个人，没死的也送了半条命。"""
繁花,金宇澄,https://book.douban.com/subject/22714154/,8.7,这是一部地域小说，人物的行走，可找到“有形”地图的对应。这也是一部记忆小说，六十年代的少年旧梦，辐射广泛，处处人间烟火的斑斓记忆，九十年代的声色犬马，是一场接一场的流水席，叙事在两个时空里频繁交替，传奇迭生，延伸了关于上海的“不一致”和错综复杂的局面，小心翼翼的嘲讽，咄咄逼人的漫画，暗藏上海的时尚与流行；昨日的遗漏，或是明天的启示……即使繁花零落，死神到来，一曲终了，人犹未散。
香水,[德] 帕·聚斯金德 / 帕特里克·聚斯金德,https://book.douban.com/subject/3815125/,8.8,本书描述格雷诺耶自幼受苦，生有特殊的嗅觉功能，领悟惟有少女的体香能使人神魂颠倒，他先后杀死26名少女，萃取她们的体味制出神奇的香水。当他罪行败露押赴刑场时，籍以身上的异香，逃回巴黎，被流氓等分剐而食。
了不起的盖茨比,[美] 斯科特·菲茨杰拉德,https://book.douban.com/subject/10738023/,8.7,★ 20世纪全球百部英语小说第2名
步履不停,[日] 是枝裕和,https://book.douban.com/subject/26963321/,8.7,★电影大师是枝裕和亲自撰写，经典代表作原著小说
二手时间,[白俄] S. A. 阿列克谢耶维奇,https://book.douban.com/subject/26704403/,8.9,2015年度诺贝尔文学奖得主阿列克谢耶维奇最具分量的作品
骆驼祥子,老舍,https://book.douban.com/subject/1043815/,8.6,《骆驼祥子》是老舍用同情的笔触描绘的一幕悲剧：二十年代的北京，一个勤劳、壮实的底层社会小人物怀着发家、奋斗的美好梦想，却最终为黑暗的暴风雨所吞噬。它揭示了当时“小人物”的奴隶心理和希望的最终破灭。随着祥子心爱的女人小福子的自杀，祥子熄灭了个人奋斗的最后一朵火花。这是旧中国老北京贫苦市民的典型命运。
黑客与画家,[美] Paul Graham,https://book.douban.com/subject/6021440/,8.7,本书是硅谷创业之父Paul Graham 的文集，主要介绍黑客即优秀程序员的爱好和动机，讨论黑客成长、黑客对世界的贡献以及编程语言和黑客工作方法等所有对计算机时代感兴趣的人的一些话题。书中的内容不但有助于了解计算机编程的本质、互联网行业的规则，还会帮助读者了解我们这个时代，迫使读者独立思考。
夏洛的网,[美] E.B.怀特 / [美国] 埃尔温·布鲁克斯·怀特  ,https://book.douban.com/subject/1036274/,8.6,一个蜘蛛和小猪的故事，写给孩子，也写给大人。
哈姆莱特,[英] 莎士比亚,https://book.douban.com/subject/1006197/,8.7,本书是大学生必读丛书中的一册，书中以教育部全国高等学校中文学科教学指导委员会指定书目为依据，收录了英国著名作家莎士比亚先生的话剧《哈姆莱特》。
时间的秩序,[意] 卡洛·罗韦利,https://book.douban.com/subject/33424487/,8.9,为什么我们记得过去，而非未来？时间“流逝”意味着什么？是我们存在于时间之内，还是时间存在于我们之中？卡洛·罗韦利用诗意的文字，邀请我们思考这一亘古难题——时间的本质。
如彗星划过夜空,林达,https://book.douban.com/subject/1762869/,8.9,“近距离看美国”之四《如彗星划过夜空》，依旧是以书信形式来表达内容。全书主要分为两部分：一、通过记述发生在1787年美国费城制宪会议前后的一系列故事，梳理美国宪政民主从源头、发展到相对成熟和付诸实践的基本过程。作者循着制宪会议的进程，一步步讲述并层层推出对美国宪法中有关制度设计的思想土壤、历史机遇、基本理念的思考；描述出美国早期的思想家和政治家面对各种不同的思想观点，遵从游戏规则，于交锋和妥协中显示的政治智慧。同时也对美国宪政制度中可忧虑的问题和历史的局限等做了分析。
民主的细节,刘瑜,https://book.douban.com/subject/3813669/,8.5,这本书是作者过去几年给一些期刊报纸写的专栏文章结集，其中主要是给《南方人物周刊》的文章。全书中以讲故事的形式，把“美国的民主”这样一个概念性的东西拆解成点点滴滴的事件、政策和人物去描述。
牡丹亭,汤显祖,https://book.douban.com/subject/1073708/,9.0,《牡丹亭》是明代大曲家汤显祖的代表作，这时作家的思想和艺术都已经成熟。明代话本小说《杜丽娘慕色还魂》为《牡丹亭》提供了基本情节。《牡丹亭》在《惊梦》《寻梦》《闹殇》各出的宾白中还保留了话本的若干原句。在小说中，杜丽娘还魂后，门当户对的婚姻顺利缔成；而在戏曲中，汤显祖进 行了脱胎换骨的创造性劳动，把小说中的传说故事同明代社会的现实生活结合起来，使它具有强烈的反礼教、反封建色彩，焕发出追求个性自由的光辉理想。
从零开始的女性主义,[日本] 上野千鹤子 / 田房永子,https://book.douban.com/subject/35523099/,8.7,◎日本女性主义理论第一人、《厌女》作者上野千鹤子 面向普通读者的女性主义普及课
张爱玲文集,张爱玲,https://book.douban.com/subject/1004992/,8.9,第一卷：《牛》《霸王别姬》《沉香屑 第二炉香》《茉莉香片》《心经》《封锁》《琉璃瓦》《年轻的时候》《花凋》《殷宝滟送花楼会》《等》《桂花蒸 阿小悲秋》《留情》《鸿鸾禧》《相见欢》《色·戒》《五四遗事》
消失的13级台阶,[日] 高野和明,https://book.douban.com/subject/34996429/,8.6,【内容简介】
如父如子,[日] 是枝裕和 / [日] 佐野晶,https://book.douban.com/subject/27611824/,8.9,当意识到孩 子也在注视着自 己时，那一瞬间，便懂得了什么是如父如子。
不存在的骑士,[意] 伊塔洛·卡尔维诺,https://book.douban.com/subject/6789551/,8.9,《卡尔维诺经典：不存在的骑士》是卡尔维诺 “我们的祖先”三部曲之一。“我们的祖先”三部曲包括：《不存在的骑士》《分成两半的子爵》《树上的男爵》，这三个故事代表通向自由的三个阶段，关于人如何实现自我的经验：在《不存在的骑士》中争取生存，在《分成两半的子爵》中追求不受社会摧残的完整人生，在《树上的男爵》中有一条通向完整的道路——这是通过对个人的自我抉择矢志不移的努力而达到的非个人主义的完整。
会饮篇,[古希腊] 柏拉图,https://book.douban.com/subject/21570668/,9.3,柏拉图（约前427—前347），古希腊哲学家，也是西方最伟大的哲学家和思想家之一。本书是关于柏拉图中期理念论和美学思想的一篇重要对话。对话所描写的是悲剧家阿伽松为了庆祝自己的剧本获奖，邀请了几位朋友到家中会饮、交谈。参加者有修辞学家斐德罗、喜剧家阿里斯托芬、哲学家苏格拉底等人。对话主要由七篇对爱神的颂辞组成，这七篇颂辞层层深入，讨论的主题从对爱神的赞美转向对爱的本质的追问，又提升到爱神帮助之下灵魂对知识的求索，最终引至美的理念引导之下灵魂向纯粹理念世界的不断攀升。
给青年诗人的信,[奥] 里尔克,https://book.douban.com/subject/26685994/,9.0,比诗更像诗的十封信，你我都是青年诗人。
被讨厌的勇气,岸见一郎 / 古贺史健,https://book.douban.com/subject/26369699/,8.6,「被讨厌的勇气」并不是要去吸引被讨厌的负向能量，而是，如果这是我生命想绽放出最美的光彩，那么，即使有被讨厌的可能，我都要用自己的双手双脚往那里走去。」
稻草人手记,三毛,https://book.douban.com/subject/3607117/,8.9,本卷收录散文16篇，其中大部分文章记述了三毛在加纳利群岛上的生活。
黑箱,[日]伊藤诗织,https://book.douban.com/subject/30484795/,8.9,【内容简介】
巨流河,齐邦媛,https://book.douban.com/subject/4842446/,8.6,巨流河，在清代被称为巨流河；哑口海位于台湾南端，是鹅銮鼻灯塔下的一泓湾流。这本书写的是一个并未远去的时代，关于两代人从巨流河到哑口海的故事。那立志将中国建设成现代化国家的父亲，在牧草中哭泣的母亲，公而忘私的先生；唱着《松花江上》的东北流亡学子，初识文学滋味的南开少女，含泪朗诵雪莱和济慈的朱光潜；那盛开铁石芍药的故乡，那波涛滚滚的巨流河，那暮色山风里、隘口边回头探望的少年张大飞……六十年来，作者读书、教书，写评论文章，却一直念念不忘当年事——郭松龄在东北家乡为厚植国力反抗军阀的兵谏；抗战初起，二十九军浴血守卫华北，牺牲之壮烈；南京大屠杀，国都化为鬼蜮的悲痛；保卫大武汉，民心觉醒，誓做决不投降的中国人之慷慨激昂；夺回台儿庄的激励；一步步攀登跋涉湘桂路、川黔路奔往重庆，绝处逢生的盼望；在四川、在滇缅公路上誓死守土的英勇战士的容颜，坚毅如在眼前；那一张张呼喊...
金阁寺,[日] 三岛由纪夫,https://book.douban.com/subject/3391248/,8.7,三岛由纪夫重要代表作，发表于1956年，长篇小说。
狂热分子,[美] 埃里克·霍弗,https://book.douban.com/subject/3057556/,8.8,这本书主要探讨群众运动的一些共有特征，重点是陷入狂热的乌合之众的人格。长期与下层民众打交道的生活经历使作者发现，积极投身群众运动的往往是一些失意者。他们认为自己的生活已无可救药地失败，渴望逃离自我寻求重生，将生命托付给某项神圣伟业让他们感觉不错，整齐划一的集体生活令个人的责任、恐惧、无能得以掩埋。运动的领导者则刻意培养参与者的罪恶感，号召自我牺牲以获救赎。
社会契约论,[法] 卢梭,https://book.douban.com/subject/1277981/,8.9,本书是十八世纪法国启蒙思想家、法国大革命的思想先驱卢梭（1712—1778）的一部政治哲学著作。它探讨的是政治权利的原理，它的主旨是为人民民主主权的建立奠定理论基础。
牧羊少年奇幻之旅,[巴西] 保罗·柯艾略,https://book.douban.com/subject/3608208/,8.5,牧羊少年圣地亚哥接连两次做了同一个梦，梦见埃及金字塔附近藏有一批宝藏。少年卖掉羊群，历尽千辛万苦一路向南，跨海来到非洲，穿越“死亡之海”撒哈拉大沙漠……期间奇遇不断，在一位炼金术士的指引下，他终于到达金字塔前，悟出了宝藏的真正所在……
佐贺的超级阿嬷,[日] 岛田洋七,https://book.douban.com/subject/2008284/,8.7,因为无力扶养，母亲将年仅八岁的昭广寄养到佐贺乡下的外婆家，没想到迎接他的却是一间破烂茅屋！在那物质匮乏的日子里，乐观的外婆却总有神奇的办法让生活过下去，始终让家里洋溢着笑声和温暖……
显微镜下的大明,马伯庸,https://book.douban.com/subject/30414743/,8.7,★ 马伯庸全新历史纪实作品，一本值得收藏的明朝历史书
基地,[美] 艾萨克·阿西莫夫,https://book.douban.com/subject/1258490/,9.2,向来，过去才是历史，昨天才是历史。阿西莫夫却与众不同，他的《基地》系列写的是“未来的历史”，是“遥远未来的历史”，是“明天的历史”！
简爱（英文全本）,[英] 夏洛蒂·勃朗特,https://book.douban.com/subject/1141406/,8.5,《简爱》是英国女作家夏洛蒂·勃朗特的代表作品。女主人公简爱是一个追赶求平等与自主的知识女性形象，小说以其感人的对于一位“灰姑娘式”人物奋斗史的刻划取胜，《简爱》也是女性文学的代表作品。
设计中的设计,[日] 原研哉,https://book.douban.com/subject/1941558/,8.6,设计到底是什么？作为一名从业二十余年并且具有世界影响的设计师，原研哉对自己提出了这样一个问题。为了给出自己的答案，他走了那么长的路，做了那么多的探索。“RE-DESIGN——二十一世纪的日常用品再设计”展真是一个有趣的展览，但又不仅仅是有趣，它分明是为我们揭示了“日常生活”所具有的无限可能性。若我们能以满怀新鲜的眼神去观照日常，“设计”的意义定会超越技术的层面，为我们的生活观和人生观注入力量。
挪威的森林,[日] 村上春树,https://book.douban.com/subject/2159042/,8.5,这是一部动人心弦的、平缓舒雅的、略带感伤的恋爱小说。小说主人公渡边以第一人称展开他同两个女孩间的爱情纠葛。渡边的第一个恋人直子原是他高中要好同学木月的女友，后来木月自杀了。一年后渡边同直子不期而遇并开始交往。此时的直子已变得娴静腼腆，美丽晶莹的眸子里不时掠过一丝难以捕捉的阴翳。两人只是日复一日地在落叶飘零的东京街头漫无目标地或前或后或并肩行走不止。直子20岁生日的晚上两人发生了性关系，不料第二天直子便不知去向。几个月后直子来信说她住进一家远在深山里的精神疗养院。渡边前去探望时发现直子开始带有成熟女性的丰腴与娇美。晚间两人虽同处一室，但渡边约束了自己，分手前表示永远等待直子。返校不久，由于一次偶然相遇，渡边开始与低年级的绿子交往。绿子同内向的直子截然相反，“简直就像迎着春天的晨光蹦跳到世界上来的一头小鹿”。这期间，渡边内心十分苦闷彷徨。一方面念念不忘直...
老人与海,[美]海明威,https://book.douban.com/subject/1064275/,8.5,本书讲述了一个渔夫的故事。古巴老渔夫圣地亚哥在连续八十四天没捕到鱼的情况下，终于独自钓上了一条大马林鱼，但这鱼实在大，把他的小船在海上拖了三天才筋疲力尽，被他杀死了绑在小船的一边。在归程中，他再遭到一条鲨鱼的袭击，最后回港时只剩鱼头鱼尾和一条脊骨。而在老圣地亚哥出海的日子里，他的忘年好友一直在海边忠诚地等待，满怀信心地迎接着他的归来。
影响力,[美] 罗伯特·西奥迪尼,https://book.douban.com/subject/1786387/,8.6,政治家运用影响力来赢得选举，商人运用影响力来兜售商品，推销员运用影响力诱惑你乖乖地把金钱捧上。即使你的朋友和家人，不知不觉之间，也会把影响力用到你的身上。但到底是为什么，当一个要求用不同的方式提出来时，你的反应就会从负面抵抗变成积极合作呢？
世界尽头与冷酷仙境,[日] 村上春树,https://book.douban.com/subject/1291809/,8.6,"《世界尽头与冷酷仙境》是村上春树最重要的小说之一，与《挪威的森林》、《舞舞舞》合称为村上春树三大杰作。小说共40章，单数20章“冷酷仙境”，双数20章为“世界尽头”，这种交叉平行地展开故事情节的手法是村上春树小说的特征，而这部作品是这种特征最典型的体现。“冷酷仙境”写两大黑社会组织在争夺一个老科学家发明的控制人脑的装置，老人躲到了地底。主人公“我”是老人的实验对象，他受到黑社会的恐吓，在老人的孙女帮助下，经过了惊心动魄的地底之旅，好容易找到老人，却被告知由于老人的计算错误，他24小时后离开人世，转往另一世界即“世界尽头”。“我”回到地面上, 与女友过了最后一夜告别，然后驱车到海边静候死的到来。“世界尽头”是另一番景象，这里与世隔绝，居民相安无事，但人们没有心，没有感情，没有目标。“我”一直想逃离这里，但在即将成功时选择了留下，因为“我”发现“世界尽头..."
ZOO,[日] 乙一,https://book.douban.com/subject/2297697/,8.5,每天早上都有一张我女朋友尸体的照片放到我的收件箱里，照片显示着女朋友的尸体正在一天天地生蛆、腐化。她是在我们去过动物园之后失踪的。所有人都认为她只是失踪了，只有我知道她被杀了。我辞了职，拿着她生前的照片四处寻找凶手的线索，一副心力憔悴的模样。然而苦心寻找的背后隐藏的却是我不愿面对的真相，是我亲手杀了她……
人类的群星闪耀时,[奥] 斯蒂芬·茨威格,https://book.douban.com/subject/1083762/,8.7,《人类群星闪耀时》由奥地利著名小说家创作。《人类群星闪耀时》内容：涌动着匪徒、探险家、叛乱者兼英雄血液的巴尔沃亚成为第一个看到太平洋的欧洲人；仅仅一秒钟的优柔寡断，格鲁希元帅就决定了拿破仑在滑铁卢之战中失败的命运；七十多岁的歌德像情窦初开的男孩爱上了十几岁的少女，求婚未遂之后，老人在萧萧秋色中一气呵成地创作了《玛丽恩巴德悲歌》；流亡国外的列宁不顾自己的荣辱毁誉，乘坐一列铅封的火车取道德国返回俄国，十月革命就这样开启了历史的火车头……
多情剑客无情剑,古龙,https://book.douban.com/subject/1422833/,8.8,《小李飞刀:多情剑客无情剑》一直被公认为古龙武侠作品的巅峰之作和最高成就。它不仅是一部阐明武学真谛的作品，还是一部写尽人间世态炎凉的人情历史画，更是一部触动社会现实，探索人生哲理的警世名著。
海底两万里,[法国] 儒尔·凡尔纳,https://book.douban.com/subject/1085470/,8.6,本书是法国举世闻名的科幻小说作家儒尔·凡尔纳的代表作之一。
呼啸山庄,艾米莉·勃朗特,https://book.douban.com/subject/1119522/,8.4,夏洛蒂和传记作者告诉我们，爱米丽生性独立、豁达、纯真、刚毅、热情而又内向。她颇有男儿气概，酷爱自己生长其间的荒原，平素在离群索居中，除去手足情谊，最喜与大自然为友，从她的诗和一生行为，都可见她天人合一宇宙观与人生观的表现，有人因此而将她视为神秘主义者。其实人与自然的关系，从来就是人类文明史上重要的命题，爱米丽不过是步历代哲人、隐者、科学家、艺术家后尘，通过生活和创作，身体力行地探寻人与自然的关系。
心是孤独的猎手,[美] 卡森·麦卡勒斯,https://book.douban.com/subject/1424741/,8.5,《心是孤独的猎手》作者麦卡勒斯的第一部长篇小说，也是她一举成名的作品和最具震撼力的代表作，居“现代文库20世纪百佳英文小说”第17位，曾被评为百部最佳同性恋小说之一。
通往奴役之路,弗里德利希・冯・哈耶克,https://book.douban.com/subject/1077528/,8.8,《通往奴役之路》一书在哈耶克的学术生涯中占有极其重要地位，这本书为他赢得广泛的注意，他的世界性声誉就是由此奠定的。他在这本书中论证道，当时正在计划中的福利国家不是为个人自由的战斗在和平时期的继续，倒是朝着专制的方向迈出了一步。因此，他认为追求计划经济，其无意识后果必然是极权主义。为了反对这种计划经济，哈耶克有力地重申了他一贯坚持的古典自由主义观点，同时，也允许适度的政府活动，但这仅限于符合他的法治概念的那些活动形式。应该强调的是，哈耶克的自由主义包括对许多有用的社会制度的赞赏，但这些制度只能是人的自发行动的后果，而不能是人设计的结果。这一论点是从休漠、亚当・斯密和苏格兰历史学派那里继承过来的，它在哈耶克的著作中占据了重要位置。由此出发，哈耶克认为，良好的社会不是简单地依赖于在政府所提供的法律框架内追求私利，相反，它应依赖于一套复杂的法律、道义传统和行...
尘埃落定,阿来著,https://book.douban.com/subject/1080309/,8.5,一个声势显赫的康巴藏族土司，在酒后和汉族太太生了一个傻瓜儿子。这个人人都认定的傻子与现实生活格格不入，却有着超时代的预感和举止，成为土司制度兴衰的见证人。小说故事精彩曲折动人，以饱含激情的笔墨，超然物外的审视目光，展现了浓郁的民族风情和土司制度的浪漫神秘。
小姨多鹤,严歌苓,https://book.douban.com/subject/3012517/,8.6,二战进入尾声，日本战败投降，大批当年被移民来中国东北企图对中国实施长期殖民统治的普通日本国民被抛弃。十六岁的少女多鹤即为其一，在死难多艰的逃亡中，她依靠机智和对生的本能的渴望逃过了死亡，被装进麻袋论斤卖给了东北某小火车站站长的二儿子张俭作为传宗接代的“工具”。张俭的哥哥据传因为抗日而被日本人杀害，张俭的老婆朱小环因日本鬼子的惊吓导致流产，从此不能生育。国仇家恨的大背景下，日本少女多鹤的介入，使得整个家庭的关系变得暧昧和怪异。
欢乐英雄,古龙,https://book.douban.com/subject/1264579/,8.8,成书于1971年。当时是古龙巅峰时期，是古龙个人最爱的作品。但因为小说与一般传统的武侠小说有着许多不同，叙述也是采用了散文化的笔法，因此在一些读者中间并未得到好评。但也有一部分读者认为这是古龙最好的作品之一。全书围绕郭大路、王动、燕七、林太平四人的友谊展开。四个人有着不同身世、不同性格，每人都有一个秘密，秘密的连续揭露推动了情节的发生发展。四个秘密的背后有着更深层次的故事，江湖中的新人老人，穷人富人，男人女人都不能避免的故事。故事随着这些秘密的揭发而展开。四个主人公坚持着自己做人的信念，在贫穷中获得欢乐与友谊。
告白,[日]凑佳苗,https://book.douban.com/subject/4836682/,8.5,森口是日本一所中学的教师，她经常将4岁的女儿爱美带到学校照看。一天，爱美被发现死在校游泳池内，全校哗然。痛失爱女的森口辞职。她没有向警方报案，申请重新调查，而是在学生结业当天向全班同学告白，并宣告了自己的复仇计划。原来，爱美并不是死于意外。面对老师冷酷疯狂的复仇，同学们惊恐万状，惶惶不可终日……
红玫瑰与白玫瑰,张爱玲,https://book.douban.com/subject/1014278/,8.4,"“也许每一个男子全都有过这样的两个女人，至少两个。娶了红玫瑰，久而久之，红的变了墙上的一抹蚊子血，白的还是""床前明月光""；娶了白玫瑰，白的便是衣服上沾的一粒饭黏子，红的却是心口上一颗朱砂痣”。因为《红玫瑰与白玫瑰》这句话成了脍炙人口的名言……本书收录了张爱玲1944年的中短篇小说作品。"
娱乐至死,[美] 尼尔·波兹曼,https://book.douban.com/subject/1062193/,8.5,《娱乐至死》是对20世纪后半叶美国文化中最重大变化的探究和哀悼：印刷术时代步入没落，而电视时代蒸蒸日上；电视改变了公众话语的内容和意义；政治、宗教、教育和任何其他公共事务领域的内容，都不可避免的被电视的表达方式重新定义。电视的一般表达方式是娱乐。一切公众话语都日渐以娱乐的方式出现，并成为一种文化精神。一切文化内容都心甘情愿地成为娱乐的附庸，而且毫无怨言，甚至无声无息，“其结果是我们成了一个娱乐至死的物种”。
西方哲学史（上卷）,[英] 罗素 / [英] 伯特兰·罗素,https://book.douban.com/subject/1008189/,8.9,本书是英国哲学家伯特兰·罗素（1872—1970）的重要代表作之一，根据其在美国讲学时的讲稿整理而成。在书中，罗素特别对他认为对西方哲学发展有着重要影响的历史事件多有着墨，力图将哲学家及其思想与之所处的时代与社会环境结合起来，形成了自己独特的见解。在哲学与社会生活的相互作用和密切联系中讲述西方哲学发展的历史，这也是本书区别于其他哲学史著作的特色之一。本书线索清晰，语言风趣，在我国印行多年，至今仍长销不衰，影响深广。
带一本书去巴黎,林达,https://book.douban.com/subject/1001885/,8.5,作者在浓厚的法国历史文化氛围中，用大量的历史细节和场景，丰富了对艺术、文化，对历史、社会，以及对“革命”的理解。
心理学与生活,[美] 理查德·格里格 / 菲利普·津巴多,https://book.douban.com/subject/1032501/,8.8,《心理学与生活》是美国斯坦福大学多年来使用的教材，也是在美国许多大学里推广使用的经典教材，被ETS推荐为GRE心理学专项考试的主要参考用书，还是被许多国家大学的“普通心理学”课程选用的教材。这本教科书写作流畅，通俗易懂，深入生活，把心理学理论与知识联系人们的日常生活与工作，使它同样也成为一般大众了解心理学与自己的极好读物。
陆小凤传奇,古龙,https://book.douban.com/subject/1089512/,8.7,本书为新版古龙作品集绘图珍藏本之51-55，古龙为从1960年创作《苍穹神剑》始，一生共写了近70部武侠小说，在小说中，他直接地或者通过人物的口，肆无忌惮地表达自己对人生、人性、情感、生死、快乐，影响巨大，被称为武侠小说四大天王中的怪才，其作品情节奇、险、怪、变，是唯一一个可以和金庸平起平坐的武林大侠。
长夜难明,紫金陈,https://book.douban.com/subject/26923390/,8.6,麦家、马伯庸、雷米、周浩晖都推崇的作家
把时间当作朋友,李笑来,https://book.douban.com/subject/3609132/,8.4,这本书从心智成长的角度来谈时间管理，指出时间管理是成功的关键所在。作者引述自己从事的职业中所遇到的事例，告诉我们：如何打开心智，如何运用心智来和时间做朋友，如何理解时间管理的意义，在时间管理上取得突破，进而用心智开启自己的人生成功之旅。
卓有成效的管理者,[美] 彼得·德鲁克,https://book.douban.com/subject/1322025/,8.7,《卓有成效的管理者》的基本观念：
京华烟云,林语堂,https://book.douban.com/subject/1391191/,8.5,《京华烟云》是林语堂旅居巴黎时于1938年8月至1939年8月间用英文写就的长篇小说，并题献给“英勇的中国士兵”，英文书名为Moment in Peking，《京华烟云》是它转译为中文后的书名，也有译本将本书译为《瞬息京华》。林语堂原本打算将《红楼梦》译作英文介绍给西方读者，因故未能译成，此后决定仿照《红楼梦》的结构写一部长篇小说，于是写出了《京华烟云》。
世界的凛冬,[英] 肯·福莱特,https://book.douban.com/subject/26957760/,8.7,我亲眼目睹，每一个迈向死亡的生命都在热烈地生长。
遥远的救世主,豆豆,https://book.douban.com/subject/1322455/,8.6,这是一部可以傲然独尊的长篇小说。也是一部可遇不可求的完美佳作。
那些回不去的年少时光·终场,桐华,https://book.douban.com/subject/4732378/,8.7,故事虽落幕，青春不终场！经过孤独的小学时光，混乱的初中生涯，罗琦琦来到了高中。和所有走过那段岁月的人一样，面对高考的折磨，罗琦琦虽然不情愿，却也无法做到不在乎，学习并不好的她，性格倔强不服输的她，究竟如何才能完成完美转身？
泰戈尔诗集,[印] 罗宾德拉纳特·泰戈尔,https://book.douban.com/subject/1170801/,8.9,从上一年暮春到现在，一年的劳作终于结束！
一个人的村庄,刘亮程,https://book.douban.com/subject/1692648/,8.9,《一个人的村庄》讲述了刘亮程是真正的作家，也是真正的农民，是真正的农民作家。作为农民，写作真正是他业余的事情；而作为作家，他却无时不在创作，即使在他扛着一把铁锨在田间地头闲逛的时候。在文章里，刘亮程是一个农民，但是作为农民的他，是否意识到自己是个作家呢——或者说，在他的内心深处，是否也以作家自许呢？我不知道。我揣测，在他的村庄里，在与他一样日出而作日没而息的村民们的眼里，这个无事扛着铁锨闲逛，到处乱挖，常常不走正道却偏要走无人走过的草丛中的人一定是个难以捉摸、有些古怪的人吧。在他们眼里，这个说不出却总觉着有点不一样的人是不是有点神秘呢？当然，他们也许不知道这个人在跟他们一样的劳作之外，还喜欢偷偷观察着村里的人，以及驴，兔，飞鸟，蚂蚁，蚊子，以及风中的野草和落叶，甚至村东头以及村西头的阳光……
少有人走的路,[美] M·斯科特·派克,https://book.douban.com/subject/1775691/,8.4,这本书处处透露出沟通与理解的意味，它跨越时代限制，帮助我们探索爱的本质，引导我们过上崭新，宁静而丰富的生活；它帮助我们学习爱，也学习独立；它教诲我们成为更称职的、更有理解心的父母。归根到底，它告诉我们怎样找到真正的自我。
君主论,[意]尼科洛·马基雅维里,https://book.douban.com/subject/1060774/,8.7,作者马基雅维里（1469—1527），近代政治思想的主要奠基人。在中世纪后期的政治思想家中，马基雅维里第一个明显地摆脱了神学和伦理学的束缚，为政治学和法学开辟了走向独立学科的道路。本书是马基雅维里的代表作，被誉为“一本毁誉参半的奇书，一直被奉为欧洲历代君主的案头之书，政治家的最高指南，统治阶级巩固其统治的治国原则，人类有史以来对政治斗争技巧最独到最精辟的解剖”。本书自1532年开始印行，迄今480多年，被西方评论界列为是与《圣经》《资本论》等相提并论的、影响人类历史的十部著作之一。
1Q84（全三册）,村上春树,https://book.douban.com/subject/10529920/,8.1,《1Q84（套装全3册）》包含《1Q84》Book1（4月-6月）、《1Q84》Book2（7月-9月）、《1Q84》Book3（10月-12月）今年夏天，属于1Q84年。
分成两半的子爵,[意] 伊塔洛·卡尔维诺,https://book.douban.com/subject/10555486/,8.8,卡尔维诺 “我们的祖先”三部曲之一。“我们的祖先”三部曲包括：《不存在的骑士》《分成两半的子爵》《树上的男爵》，这三个故事代表通向自由的三个阶段，关于人如何实现自我的经验：在《不存在的骑士》中争取生存，在《分成两半的子爵》中追求不受社会摧残的完整人生，在《树上的男爵》中有一条通向完整的道路——这是通过对个人的自我抉择矢志不移的努力而达到的非个人主义的完整。作为“开放性”小说，这三个故事首先遵循人物的发展逻辑，并且在从读者中引发的、未曾预料的提问与回答过程中将开始它们新的生命。它们是现代人的祖先家系图，在其中的每一张脸上有我们身边人们的某些特征：它既是作者的，也同样是读者的。
人生,路遥,https://book.douban.com/subject/3803820/,8.5,《人生》是路遥的一部中篇小说，发表于1982年，它以改革时期陕北高原的城乡生活为时空背景，叙述了高中毕业生高加林回到土地又离开土地，再回到土地这样人生的变化过程。高加林同农村姑娘刘巧珍、城市姑娘黄亚萍之间的感情纠葛构成了故事发展的矛盾，也正是体现那种艰难选择的悲剧。
巴黎圣母院,[法]雨果,https://book.douban.com/subject/1024197/,8.4,《巴黎圣母院》是法国文豪维克多·雨果第一部引起轰动效应的浪漫派小说。小说以十五世纪路易十一统治下的法国为背景，通过一个纯洁无辜的波希米亚女郎惨遭迫害的故事，揭露了教士的阴险卑鄙，宗教法庭的野蛮残忍，贵族的荒淫无耻和国王的专横残暴。作品鲜明地体现了反封建、反教会的意识和对人民群众的赞颂。
别闹了，费曼先生,[美] 理查德·费曼,https://book.douban.com/subject/1037602/,9.0,费曼得过诺贝尔奖，是现代最伟大的理论物理学家之一。但他同时也可能是历史上唯一被按摩院请去画裸体画、偷偷打开放着原子弹机密文件的保险箱，在巴西桑巴乐团担任鼓手的科学家。他曾跟爱因斯坦和波尔等大师讨论物理问题，也曾在赌城跟职业赌徒研究输赢机率。
长袜子皮皮,[瑞典] 阿斯特丽德·林格伦,https://book.douban.com/subject/1004088/,9.0,一位小姑娘一个人住在一栋小房子里，生活完全自理，富得像一位财神，壮得像一匹马，他的爸爸是南海一个岛上的国王。她所做的一切几乎都违背了成年人的意志，不去学校上学，满嘴的瞎话，与警察开玩笑，戏弄流浪汉。但是，她花钱买一大堆糖果，分发给所有的孩子，这就是长袜子皮皮。
过于喧嚣的孤独,(捷克) 赫拉巴尔,https://book.douban.com/subject/6781794/,8.8,本书是作者最重要的代表作，酝酿二十年，三易其稿。正如作者自己所说“我为它而活着，并为写它推迟了我的死亡”。小说诗意地叙述了一个在废纸回收站工作三十五年的打包工汉嘉，他把珍贵的图书从废纸堆中捡出来，藏在家里，抱在胸口。他狂饮啤酒，“嘬糖果似的嘬着”那些“美丽的词句”。这是一个忧伤的故事，爱情的忧伤，文化的忧伤。汉嘉最终将自己打进了废纸包，他乘着那些书籍飞升天堂。
社会性动物,埃利奥特·阿伦森Elliot Aronson,https://book.douban.com/subject/2328458/,9.0,《社会性动物》是“美国社会心理学的《圣经》”（Revue des Questions Scientifiques的评价），“仍然是最好的……是一部杰作”（Contemporary Psychology的评价）。本书从1972年出版第一版以来，在世界范围内畅销数千万册，是社会心理学领域内最具影响的著作。
美国宪政历程,任东来 / 陈伟 / 白雪峰,https://book.douban.com/subject/1144185/,9.3,本书的主体部分由三篇精彩的宪法论文与25个司法大案组成，一共28节。这三篇论文是《美国宪法的英国普通法渊源》、《保守的美国革命产生了长寿的联邦宪法》和《美国宪政法治捍卫者：最高法院的九尊护法神》。按照历史发展的轨迹，三篇文章分别扼要论述了美国宪政中的英国因素、美国特征及平稳发展的原因。25个司法大案则主要包括：确立最高法院司法审查权的“马伯里诉麦迪逊案（1803）”、引发内战的“斯科特案（1857）”、结束种族隔离的“布朗案（1954）”、导致总统下台的“美国诉尼克松案（1974）”，以及裁决总统选票的“布什诉戈尔案（2000）”。每个案例自成一节，既有生动的史实叙述，也有引人深思的法理分析。25个案例异彩纷呈，令人回味无穷。
那些回不去的年少时光,桐华,https://book.douban.com/subject/4231381/,8.5,最值得珍藏的怀旧读物，写给年少自己的书，纪念我们共同的青春和成长
批评官员的尺度,[美] 安东尼·刘易斯,https://book.douban.com/subject/6401128/,8.9,1960年，因为一则批评性广告，警察局长沙利文以诽谤为由，将《纽约时报》告上法庭，并申请巨额赔偿。两审失利后，几乎被各地政府官员相继提起的索赔逼至绝境的《纽约时报》，奋起上诉至联邦最高法院。九位大法官在“《纽约时报》诉沙利文案”中力挽狂澜，宣布“对公共事务的讨论应当不受抑制、充满活力并广泛公开”，维护了媒体、公民批评官员的自由。《纽约时报》资深记者、两度普利策奖得主安东尼•刘易斯，以翔实史料、生动笔触，系统回顾了这起新闻自由史上的里程碑案件，并循此为线，串接起美国人民争取言论自由的司法抗争历史，完美展现了霍姆斯、布兰代斯、汉德、沃伦、布伦南、布莱克、韦克斯勒等伟大法官和律师的形象。
纽约客,白先勇,https://book.douban.com/subject/5337243/,8.7,《纽约客》是白先勇在六十年代就已着手创作的小说系列，《纽约客》之名或许借自美国著名文学杂志New Yorker，却与《台北人》正好成为一个浑成的佳对。从收录在《纽约客》尔雅版这个集子中的六篇小说来看，《谪仙记》和《谪仙怨》写于二十世纪六十年代，《夜曲》和《骨灰》发表在二十世纪七、八十年代，《Danny Boy》和《Tea for Two》则是最近几年创作的作品。仔细对照这些分属不同时期的小说，或许可以发现，体现在白先勇《纽约客》中的创作立场，经历了一个从上个世纪的国族（中国）立场，到近年来的世界主义的变化过程。
