User,Content,Time
老袁,有技术也有真情,2022-09-18 12:44:12
毛绒绒,有技术但是有技术的痕迹，不过一些对科技间离真实生活的角度蛮刁钻的,2022-11-05 13:48:35
坏狗牙,还是看不来,2022-11-12 22:18:12
源沭思沂,科技时代书写起来很难讨巧，但总有人要来做这件事。,2022-11-11 23:50:21
输入昵称,总觉得前几篇比后三篇好。写英国phd和鲁迅研究的那篇真叫人开怀又伤心（可见读者恶趣味对阅读的影响）。可能也是题材有一些重复，看多了未免觉得沉滞（悲观是不悲观的）。«寄生草»开头文字太缠绕，写着写着又往«细民盛宴»的风格回去了。要说社交媒体时代的新世情小说，尝试是好的，但是毕竟太“小”了。,2022-11-12 01:16:03
奔马,找回了当年看《樱桃青衣》的感觉,2022-09-19 13:18:46
Memphiszz,喜欢《缕缕金》《四合如意》《锦缠道》,2022-11-18 13:38:02
林药,有一些与以往风格不一样的篇目很惊喜。比如有关英国的篇目，在英国读书的异地恋故事《四合如意》，英国拿到学位回国的《字字双》，这两篇真的很喜欢。讲人偶制作师的《一春过》和少女学琴的《锦缠道》也喜欢。《寄生草》是以台湾为背景的不伦恋爱故事，让人想起苏伟贞的《魔术时刻》。,2022-11-20 22:12:08
Aretlas,交往、记忆、痛苦、炫耀、嘲讽，微信之后是白银时代，小红书之后是青铜时代，以后的元宇宙也许是黑铁时代,2022-11-17 21:47:44
Thomas,对话中展现的淋漓闪光，是要对生活有细致入微的观察与体验才能凝结出这般精彩的对话的。结尾的怅然，对生活的无力，或是戛然而止的突兀，是对人生漫无目的地追寻与离弃，追索微弱生命感的跳动，患得患失中不自觉陷入的矛盾、无奈，亦或在平凡中获得些许自我安慰。,2022-11-19 14:02:49
梅丽莎福,“孤独是难以卸尽的浓妆”,2022-11-19 21:09:28
绫懒遥,《寄生草》一篇尤佳。,2022-11-16 23:26:58
Pyrojewel OS,在疫情信息焦虑的状态下读完了。淡淡浓浓、异国本土，看是好看，有一点像下午三点痴呆的阳光。,2022-11-21 15:51:36
Sanitya,幽微是一种切实地打在心上的东西,2022-11-22 19:10:35
小狗情绪,3.5，有些比喻我真的看不懂,2022-11-23 10:13:55
duysuy,后面的几篇都挺喜欢的,2022-11-26 20:04:54
Whatever伊fun,"我很喜欢我朋友圈里一位远方好友的文字，而张怡微是她的挚爱。读这本书的第一天，也就是昨天，是我的生日。趴在床上，对着饱满的阳光，是读到好书的幸福感。《缕缕金》读完后，愣了半天，把最后一段又看了好几遍，心里又疼又难过，眼泪被阳光短暂照射后被抹去。我写“我们都在痛苦的掩盖下尽力高飞，实则飞不过。本来可以如初的。”收到一些家人的祝福，舅舅在戈壁滩发来视频，一望无际。“社交媒体一代的新世情小说”，很贴切。上海，海归，学者，大龄女青年。以特定群体讲述矛盾心理。另一篇喜欢的是《字字双》，在安栗与母亲的遥望中我感叹作者的厉害高明。她如此懂得如何捕捉隐秘情感，以模糊记录模糊，却是无声的深刻。在某个播客里，张怡微也担忧过于贴近时代而有失去经典性的风险，但她还是这样写了。我觉得应该。我们属于现在就要写现在。",2022-11-26 15:18:55
澹泊,一种俯视态度。 不好看。,2022-11-29 15:59:47
液态镁,断断续续终于看完，情感表达偏细腻，但诸多情节没头没脑实在觉得有些难懂,2022-12-02 00:43:50
地球之盐,最喜欢《寄生草》，非常态的生活里关于灾难的隐喻，对旧生活的怅然和面对将至未至阴影的不安，写得波澜不惊，读起来惊心动魄。像是久久地坐在黄昏时分的屋子里，对随之而来的漫漫长夜心知肚明。总有人被灾难成全吧？Jhumpa Jhumpa 可怜团圆今夜月，清光咫尺别人圆。,2022-12-02 11:08:49
破碎月亮之心,22/34 是我想写而没写到这么好的小说，满满都是城市人轻浮的孤独。,2022-12-03 00:14:36
吾宁爱与憎,该说是营造了一种小小狡黠的和若失若忘的氛围感，还是改说每篇都有点没头没尾嘞，不过前者说的氛围感贯穿了每一篇，显得很同质化。感受上都差不多，故事上，书名篇四合如意太平了，后面几篇像步步娇，双双字，白观音比前半本的来的有趣点。,2022-09-18 22:26:18
墨涅涅📚,在那刻写着青春的回忆、衰老的恐惧与死亡的宿命之间，是我们这一代人共有的情感体验。张怡微再次以自己沉稳扎实而又力透纸背的苍凉意蕴去书写她的传奇与生命的来来去去，而在空阔与静寂的镜框背后，是陈年的颗粒与顽固的灰烬，它们共同凝结成经年累月的勋章，在生命的尽头执拗的闪着光。,2022-08-22 20:47:32
不停,"写作风格或者说姿态有所转变，少了之前的忧闷苦情，多了平和从容还有引人发笑的戏谑。但感觉似乎又太自在随意了些，小说太散了，有时整个故事没头没尾的。此外，小说里的金句和漂亮词语太多了（仿佛在看她之前的散文），有点喧宾夺主。但还是为张怡微的求新求变或者说“当下性“写作打四星，包括对移民生活和对当下的探讨，对社交媒体、网络和媒介的书写以及将不少当下生活与网络用词纳入文本之中（而且并不突兀）。还是很期待她未来的创作。
如果一直关注张怡微，能看到文本里她生活和她以前提到的脑洞的痕迹哈哈哈。以及四年前，她来北京还提前剧透了当时还没写就的《醉太平》的情节（但隐约记得她当时说小说题目是《四合如意》）
那是2018年。",2022-09-18 01:15:32
松子一桥,熟悉的感觉……,2022-09-26 18:04:54
huyouyou,故事背景是新时代了，但说故事的人还是活在旧时代，所谓的内心戏就是絮絮叨叨。#20220925,2022-09-25 09:18:28
Brown,令人惊喜的张怡微。,2022-09-25 22:09:19
浅草,我喜欢端正好和四合如意,2022-09-29 11:33:03
梧桐籽,看小说，给自己打针预防针，很有可能我就会变成小说里的主角那样,2022-09-28 22:31:01
夏小暖,故事中有很多现实议题的书写非常精准，刀刀见血，女性角度真实犀利，大疫情和网络背景也极具现实意义。,2022-10-02 10:17:12
草木有本心,很多细节都太疼了，尖锐的疼痛能唤起人的共情。譬如说被女学生鄙夷出卖文字的女教师，觉得女学生“痛苦地那么精致”，温柔一刀。最喜欢《寄生草》，那些绵长的细腻的关于情绪的描写，最后是一场空。感情的消亡让人觉得很可怖，似乎没有一个瞬间是意气飞扬的（喜欢有点指望的故事，或者没啥指望破罐子破摔的故事，所以扣一星）,2022-10-02 08:26:58
林小路,一些讲到心坎里的话，一些不为人知的无奈，一些想走捷径却翻船了的爱情。所谓的如意，只是见面时的奉承，日子的冷暖，只有自己知道。每个人都可以在故事中找到自己熟悉的身影。,2022-10-05 22:10:16
不吃冰的可达鸭,宣传是社交媒体一代的新世情小说，但受众还是有限，可能就处在新旧交替间的一代能relate，再新一代的连里面细枝末节的内心纠葛可能都看不懂，观感大概类似于外地人看一些上海人写书，主题大都涉及房子，户口，本地人，一头雾水又有些情理之中。几个小故事都挺细腻的，丛丛爱意里的墓穴，辛苦劳作的景观，有关情感痕迹与自我存在，算是有技法有真情。有几篇让人想起以前她的萌芽文章，特别是《寄生草》一篇，匠气太重，落了下乘。最爱《缕缕金》。,2022-10-06 12:12:09
还在修飞船吗,好喜欢！！！,2022-10-06 13:59:37
晴又晴,是怎样无聊无情的一个深渊。,2022-10-04 16:24:22
青岚,最喜欢《寄生草》，这篇比较对我的口味。作者的文字是非常流利、精致而聪明的，但或许过于聪明了一些。,2022-10-27 17:14:57
酒酿小圆子,夜仿佛纸浸了油，变成半透明体，它给太阳拥抱住了，分不出身来，也许是太阳陶醉了，所以夕阳晚霞隐褪后的夜色也带着酡红。,2022-10-31 16:31:06
禾苗禾,断断续续读完，喜欢寄生草那篇。很多细微恰到好处的句子，好厉害。,2022-10-30 22:14:49
清漪湘涵,希望2019年的人能记得，那年是你们最美好的一年。哭了😭,2022-10-31 23:22:33
千鶴子,“情海多变卦，顺适心意是与男权的蛮横作对。变心是寻常，忘恩也是寻常。人心就是草木，就是无情，唯有禁忌才是最好的催情药。”,2022-10-30 19:18:01
Cinnamongirl,科技混合生活的时代无力感,2022-11-04 13:52:31
Enjolrad,有几位友邻是张怡微的忠实读者，于是也买来看看，这本应该是最新出版的。前三篇不太适应，从《缕缕金》开始，越看越喜欢，每一篇都好看。所有人物没有歇斯底里的情绪，而是处于一种平静的不愉快中。也许作者只是展现了生活中不那么开心的一面而把剩下的隐藏了，但这的的确确是当代人内心世界和现实生活的真实写照。,2022-11-04 17:11:22
Suen,"书里每个人都有着自己的秘密，每个人都在探索自己内心的矛盾与困境，于我而言，反而没有什么惊喜。
大部分的故事里逃不出死亡，病痛，离婚（分别），结婚的背景。不知道怎么，每每看到葬礼，死亡的痕迹时，都觉得表面上看似悲痛欲绝，分崩离析的家庭，实际上却有一种吊诡的和谐与团圆如意。
//《步步娇》最好，读的时候，哭了",2022-10-30 18:07:25
七空,端正好和缠绵道写的好。,2022-11-07 03:43:38
栎琦,4.5  延续了之前《细民盛宴》的故事内核，家庭，爱情，亲密关系。只是这次更深刻了，有时候突然一针见血，猝不及防。写的是最当下的生活，生生死死，孤独无奈。虽然中国人根植着传统家庭生活理念，但好像即使这样也驱散不了作为个体的孤独。,2022-11-06 11:05:39
kiyooni,发过的几篇好，同名的这篇也不差，余下几篇就有点凑数了。包括这个曲牌名的策划，产品感很重，是为了扣一些题做的命题作文。社交媒体只是很浅的一层元素，浮在面上嵌入得不够好，提炼这个主题slogan或许还是为了图书策划而策划。抛开这些，从各个短篇来说，还是能看到熟悉的一些好洞见跟信手拈来的一些随想，但要说往前一步的尝试还是抬了抬脚，最后又作罢了的。手松能打三星，凑数的那几篇实在还是有点太松散琐碎了。但还是佩服这样勤力的写作者，能坚持写总能留下些什么。,2022-08-14 22:12:08
机智萌女,学了张爱玲的形，但是没有张爱玲对世事的清冷感，而是一种苍白感、无力感。有思考，但没有哲学，最致命的是没有生命力，读完我只看到了悲观，有点空虚。写年轻一代对家庭、婚姻、爱情、友情、工作的迷惘和无助，有一种单薄感。看《老妓抄》，每个故事自成一个世界，很圆满，但是《四合如意》是故事结束了反而比没有结束更空虚了，看到作者批判完现实只想逃离现实，每一个人都拿被子捂住耳朵，装聋作哑。还是喜欢《锦缠道》和《端正好》。总之是看过一遍不会想看第二遍的书（太悲观了）,2022-10-15 16:07:19
Desperado.L,有一些短篇还是蛮精彩的，对于这个时代年轻人的生活场景观察得很细致。,2022-10-12 12:58:52
nuguseyo,“苏北人吃烤麸不放酱油”,2022-10-12 16:33:17
Fabio法布,隔几年读张怡微都多懂一点，有点像听李志的歌，每多几年生活阅历就能多听懂几首，总之人间太苦了，日子太苦了，在张怡微的世情小说序列里，能如此精微地咂摸出日子的苦是一种作家的敏锐也是一种人间的遗憾，要么需要天赋，要么需要支付暗中标好的价码。张怡微的语言我一直蛮喜欢的，技术流的同时也有与世情主题相匹配的一定烟火味，尤其是这本，大量网络语言进入文本，是需要一定勇气的尝试。,2022-10-13 10:12:58
Cornelia,张怡微还是写世纪初的上海下只角小市民的悲喜更适合，《家族试验》《细民盛宴》微妙而精明的世情，丝缕缠绕却针针明晰，写的是生活的参与感，被生活的琐杂而支配的被动，本质来自于自愿深陷于真实人世的眷恋。而到《四合如意》这，每个故事都虚浮飘忽，人物均面目模糊，漫不经心地得过且过，充满了真实缺席的失重感，虽然这个集子的标签是“世情小说”，但情感稀薄淡漠，人与人只是随时路过、随时抽离、随时可供抛弃，随时在遗忘之前已经消抹去原本也并不深刻的痕迹。看得出张是想着笔构建一个“后疫情时代”的故事集合的，生硬融入了一些“网上冲浪”的内容，显得文风更加快餐化了，之前存有个人经历影子、也有王安忆师承的上海故事中的细致书写几乎见不到了。但不知道为什么所有篇目名非要排词牌名，不知所云，快餐故事里也扳不回来什么古意。,2022-10-16 16:15:59
合欢,书名那篇最好，《寄生草》换了种写法，但是写社会和环境好过人物。张怡微的短篇信息量是大的，但是经常写到结尾感觉没想好怎么收尾。,2022-10-22 11:46:01
别找我麻烦,在34之间纠结,2022-10-10 19:08:06
苏丽珂,《字字双》读到流眼泪了,2022-10-19 00:17:59
weirdness,印象最深的是一些关于phd的细节——研究与生活的断裂感，异乡求学与伴侣分隔两地，因为物理上的距离而避开了一些世俗的束缚。成年人的生活，B面总是没法细看的。（但也别太丧啦！昨天跟朋友们去胡闹唱歌聊大天也是真的开心！,2022-10-18 00:24:25
拖延要戒,喜欢缕缕金、步步娇、锦缠道和字字双。,2022-10-23 22:44:34
老海豹,在我心里《家族试验》《樱桃青衣》是超4星的作品，这本却真的太可怕了，粗糙的类似于人物大纲式的描写，没有起伏的机械的情绪，没有细节的情节，还有大概只有一小部分人才懂的冷梗，非常尴尬。还有这本短篇所有的题目，真的和这些故事一样模糊不清让人完全记不住。,2022-10-13 03:36:52
nmsj,三星半，有些短篇感觉结束得很突然，不知道作者想表达什么,2022-10-23 10:55:29
人间生活观察员,"不知道在写什么，为什么写，一些比喻完全没有必要且难以解释，比如“例如在阿德答非所问的弹幕里，似乎就留有文字沿路径移动效果的空间，召唤某种神秘的历史回忆纷
至沓来，它们洇染，弥散，渐变，凿破了世事递迁的永恒流，泄露了生命的明辉与狼藉”，这写的是啥？看过的优秀的书太多，以为“语言流畅”是一本书的基本要素，看到这本书，才发现“噢 不是，这事原来这么难”",2022-10-23 15:31:25
oyster,最后一篇也好精彩,2022-10-23 17:15:38
尤里卡,阅读这部小说，从十二篇故事中感受温热的人间烟火，体悟不同的世间风情。其实，小说中的他们，可能也一一对应着我们，只不过作者以更加艺术化的形式呈现而已。身处这个急速流动的社会，生命也悬浮了起来，金钱成为了社会的晴雨表，权力成为了个人的比例尺。在这个“两元”驱动的社会中，那些坚守初心、“我与我周旋久，宁作我”的人，不是被同化，就是被边缘化，在金钱与权力的裹挟中，沦为了无奈的牺牲品。更让人绝望的是，这种困局似乎是鲁迅先生所言的“无物之阵”，看不到任何敌人，却时时刻刻经受着系统性的攻击。但愿我们都能坚守初心，在成长与变老的路上，可以一直不偏离内心的航向，勇敢地追求自己的梦想。,2022-12-04 20:31:52
简心,有些比喻和用词，好造作和尴尬，这种“高级”修辞真的让人挠头犯晕。整个古风的标题，但内容很违和，有些结尾突兀又不知所云。最受不了滥用括号。浪费时间，比蒋晓云差了八百条街。,2022-12-02 09:48:45
Dottie,"一篇一篇慢慢看端正好：买来的多肉她不喜欢缕缕金：假玉石、证件照和家庭的坟茔四合如意：向着下瞧的社科人盛明——“世界上除了赫尔辛基的雪、纳米比亚的星星，还有好几亿的王玉石”，向着上看的茹意抑郁（“而就连抑郁症这样的事，恐怕也是有等级的”）“明明说到了险要的、痛楚的，却最终什么都不想再说下去了”锦缠道：小蓝鸟！音乐和女性情谊寄生草：违背学科伦理的田野；在情感道德方面，女性可真不需要过度自我检讨",2022-12-11 05:35:34
🥐,感觉比几年前的《樱桃青衣》那本写得好。封面设计得不错，但是轻型纸败好感，现在连人民文学出版社都开始用轻型纸了，有没有人能解释一下为什么？,2022-12-07 19:41:43
Irenefy,互联网和疫情背景下关于友情、婚姻、家庭的故事，是隐藏在看似平静的日常下细如发丝的、一般不会同外人诉说的情绪独白，多少有点现实和薄凉。不得不说张老师写世情太厉害了，敏感、细腻，很多比喻非常犀利，直击心坎。“都说人生如戏，可人生要真做成戏，好像还挺难看的”。,2022-12-12 09:15:46
溪诚,如果不是有强迫症，可能不会读完这本书。我感觉里面的故事写得太轻飘飘了，看似要记录这个时代下的人，但是只是记录了一些人的符号、一些特定的姿态、一些想象出来的苦楚。很多打双引号的全文引用，包括歌词、句子，而且是直接加了引号后就用作自己的比喻或表达，我觉得读起来很违和。这像是读书很多的人在写评论随笔的写法，可是小说是以第一人称写的，这些东西不像是“我”能说出来的话，略显奇怪。小说情节就也是比较平淡，读完不太记得很多，后面那篇台风天最长也最好一些。,2022-12-18 19:27:01
放养的星星,十二则脱胎于互联网时代的人物故事。微信朋友圈的高频出场，加上新近网络包袱的点缀，贡献了许多只有经历疫情以来这三年才能会心共情的熟悉感。就像是虚构形式的纪实，往后回头看也可作为历史的补充。三个字曲牌名取得好含蓄啊，富于美感，偏又精准对应了小故事的情节。中意《步步娇》和《寄生草》，多了几味意料之外的戏剧性。,2022-12-18 21:48:46
苏芒种Isabella,最爱《缕缕金》～,2022-07-17 11:29:22
Yier,最喜欢《四合如意》这一篇～🥭,2022-07-17 16:41:41
黄蠢蠢,一口气读完，是那个熟悉的写世情的怡微，但又更深了一些。写作的技艺很熟练，但感情也很深厚。看她写上海、台湾，这次又多了英国，无论是哪儿，人与人之间的牵连总是很相似的。,2022-07-17 20:10:42
未若柳絮,最喜欢《缕缕金》。,2022-07-17 21:07:34
阿橙子宁,偶像说这是她给自己的命题作文，文字绵密，主题在峰回路转之后依然在云雾之中显现，机器与世情，很颇有些转型之作的意思，坦诚讲，太琐碎了，这本并不特别喜欢。,2022-07-18 12:52:32
微却,用古典的词牌名来讲述当下互联网时代的那些新世俗故事。这大抵也就是真实的创意写作的味道。开篇即惊艳，还是那个熟悉的、令人惊喜的怡微姐姐。,2022-07-18 16:20:47
尹小迟,"期待已久，恭喜怡微老师。
新书有一些《樱桃青衣》里已经成型的意象，读起来很顺畅，感到叙事逻辑和叙述方式都是很熟悉的。新的故事看起来“有迹可循”，但质地更成熟更轻盈。这种轻盈不是年轻人什么都不在乎的轻盈，而是从前在心里很深刻的爱恨怨不足，随着岁月流逝，慢慢放下来了。
飞机会失联会坠落，疫情从爆发到反复，人，尤其是一路高压长大的中年人，在这些事物面前似乎连无力感都开始疲软。生活总是要过，从婚姻到儿女，从儿女再到婚姻，到最后也许只能供一座观音，早晚默念几声四合（事事）如意。",2022-07-16 02:42:32
曺人理,不知道为什么，张老师这次写了很多“在英国”的故事，在英国打工，在英国做研究，在英国结婚，甚至还有在英国隔离，这些故事还挺好看的，写台湾的那个中篇反而看不下去，个人感觉内里的区别就是有没有放下语言的包袱，潜心讲故事，中篇花架子比较多，短篇语言短促有力，经验和意图的传达反而更到位。,2022-07-16 23:43:57
已注销,很张怡微的风格，感觉和之前的书相比这本有种中年的感觉hhhh很好读，不知道是不是小张老师被封在家里的那段时间写的，不知道现在的纸媒还好不好做，不过怡微最近几年蛮高产的！印象最深的是《波兰首都是上海》，哦还有方鸿渐（，没想到小张老师也有听过，感觉有一丝奇妙联动！这很年轻大学生！,2022-07-15 15:52:25
野,短篇集还是应该断续看，一口气看几篇容易腻味，虽然故事本身不腻，反而多写了许多当代人际或者人生的寡淡。看到了好些共同的新闻记忆，浏览鹤岗买房讯息的独居女性，失联的飞机，天临x年，回国隔离等，太近了。这一本其实没有特别喜欢的文章，比较喜欢的是《一春过》《步步娇》和《寄生草》，见不上面也谈不得多爱的情侣，住在一起却没有身份的伴侣，结了婚后对彼此的生活、家庭仍旧迷蒙的夫妻，好在还可以循迹到“以前”，至少要好过，也算有过好时候。还有提到几次的“研究”，生活，好没意思的田调。,2022-07-22 12:47:33
levitating,笔触越来越松弛，近作中比较喜欢的一本。,2022-07-20 12:16:19
Sheryl1270,"很神奇，这世界上好多事都好像是这样。
偶然顺藤斩瓜，在豆瓣发现怡微老师也有个人账号。搜索她的名字时，看到一大排著作，提醒我可以便捷地标记。我标过那么多电影，想读或者读过的书，她的所有书我几乎都买了，读过了，却从不曾在这里标记过。",2022-07-24 11:35:39
Arcadian,看完《樱桃青衣》，我觉得张怡微会成为中国当代最好的小说家。但这本，走得远了，却没走深。,2022-07-24 16:19:13
当代窝窝头,我的生活，我的犹疑，我的痛苦在里边都有迹可循。我是否有处可去？,2022-07-25 00:55:29
Alwaysongdan,第一次读作者的书，关于科技对于生活的影响，在书中随处可见，把这个点可能当作自己假期作业的一项内容完成。有很多内容读不太懂，后续看看解读。,2022-07-25 17:17:57
槿之,真挚细微温柔冷暖，小说可以非常广阔、深邃，搜集故事讲故事是件属于攫取创造力的快乐。我们生活里的素材，成为了想象力的跑马场，作者给了很多关于创作方法的启发。,2022-08-20 10:31:55
tsunami,不对我胃口...,2022-08-21 15:11:06
列那,很热的天气里断断续续看完，这个阅读有很热的昏昏欲睡的记忆。怎么说呢，就是我们都已经在步入自以为追求圆融的中年，怡微还能写出那种青春期的不妥协的苍凉气息，说明她还是年轻的。,2022-08-22 11:00:28
麦草格,前几个故事很不错，《缕缕金》、《四合如意》，《步步娇》尤其喜欢，有一些句子击中内心，故事本身很当下很现实，有微信、播客、豆瓣等各种元素，读完只感觉到孤独和荒凉，人生无奈，并不如意。,2022-08-21 19:04:12
慕荣-雨亭,每个故事初读很吸引人，中间感觉会有些句子很突兀，突然，莫名其妙，读不懂。整体感觉读起来不太顺畅。不太喜欢。,2022-08-15 14:44:01
叶子🍃,喜欢其女性友谊书写,2022-08-07 17:26:29
沃艾赦卷,看完觉得自己老了很多,2022-07-28 10:59:30
茶火因,到手迅速读完，没想到这么好看！喜欢缕缕金，读到后面更喜欢锦缠道。恰好年近30了，挺多情节有幽微的共鸣。不太喜欢的是寄生草和煞尾，都有啰嗦的毛病。嗯还有2048年，就当做是个美好的祝愿了！,2022-08-09 20:50:07
诨名唤作芭乐儿,夏日里一颗甜冽的青芒🥭篇篇读下来都很顺畅，流水一般在检阅自己的生活。因为常常刷张老师的微博，读她的文字集结也好像看她在日常生活的犄角旮旯处落笔。小说里有对现实的检讨，对秩序的不满，打动人的地方在于，这些声音是经由文字、文学发出的，“女性”“青年”“作家”，有其观照当代生活的独特方式。初读尤喜《缕缕金》，《寄生草》一文则是惊喜不断。睽违求学的那个小岛数年之久，字里行间依然牵动许多彼岸陆生才懂的物事。男女关系的建设、猜度和交换，被探照灯一样的文字照亮，迎来最残忍的结局。隐隐地在茱帕身上看见子君的影子，但几十年过去，写忏悔录的笔终于被握在了女性自己手里。其实篇篇都是如此。,2022-08-09 12:04:23
清言客,赤裸裸的现实人性，看多了会对生活看得更真切透彻。,2022-08-13 17:58:37
小熊软糖,微平时肯定没少网上冲浪🤣非常多的文化梗、文学梗、历史梗，同时夹杂着一些隐喻和前后呼应的细节。前段时间跟朋友悲叹近年没看到有内地作者写现代生活写得好的，看完微的书我想说这不就在这儿嘛hhh最喜欢《一春过》和《步步娇》，太写实太细腻了。中产阶级被消费主义裹挟的千篇一律的无趣被展现得淋漓尽致，很讽刺。东亚家庭关系内部的脆弱与游离，向外部展现却时不约而同的扮演“完美”，都太似曾相识了。时代的千疮百孔铺就了这本《四合如意》。四合如意，四方的天空下是一派吉祥如意。给我读下来的感觉就像是《辛德勒的名单》里黑白背景下有一个红衣服的小女孩，这些细节的小物件把整个空间点亮了。作者摆了一些物件在台面上，只对他们进行描写，看着很散，但整个环境和背景年代就已经表达出来了。微太会写了！,2022-08-20 11:55:00
micromomo,"科技折叠了现代人的情绪和记忆，导致情感瘀滞，感受延宕。所以她说人与人之间有着万丈峡谷。
最近脑子里总是冒出怡微在《旧日的静定》里的那句：“万千往事里都有我的一份不体谅。”
我好像能够理解不同频的人，总是要散的。可惜当时的我不能体谅，以为是对方不够勇敢。“有机缘照亮彼此，本来就是千载难逢的偶然”，所以还是要感恩。",2022-08-22 21:48:12
ETOILE,之前因为工作见过张老师两次 后来看了WSJ的采访 才知道她是爽快辛辣的人 文字也是 像一种当代纪实 生活和情绪一并记录 留下一些属于这个城市的余味,2022-08-23 00:20:45
旷野和字的笔画,融入了很多鲜活的时代体验，故事本身都是淡淡的。（结合主题）以曲牌名作为文章标题很有意思，但我还不太会解读曲牌名背后的含义555…..比较喜欢《寄生草》一篇。,2022-08-08 13:42:13
碳酸饮料无气泡,怪怪的，互联网元素【直播，小红书，朋友圈】明显，但感觉情绪跟背景，断裂开了。怪，再看看吧,2022-07-29 21:27:00
Frkkk,太喜欢了，四合如意这篇，上上下下里里外外他们说是“爱”的多层脆壳，咬下去，流心儿包着他们不可说的惘然，又滴落在快意啃食这颗巧克力的我的白衫上。补充，还很喜欢煞尾篇，怀疑作者坐在环形剧场24-7盯着我这个配角，写下不应许的这全套独角戏。,2022-08-12 22:50:28
momo,喜欢《一春过》和《缕缕金》。喜欢婚姻、贞子和电视机的比喻。,2022-08-13 13:11:46
玛嘉烈V2.0,最喜欢寄生草和端正好，是21世纪20年代的百年好合，蒋晓云之后又有这么会写世情小说的女作家。有时候会希望张老师下笔更冷酷一点，像寄生草的结尾，但又知道她不会。,2022-08-07 11:27:41
我爱你,识于薇时，便是欢喜时。很酷的张怡薇，没有序言，直奔主题,2022-08-10 09:12:34
舟上不想卷了,是张怡微一贯的水准，犀利不乏冷嘲的人情洞悉，因而没有太多惊喜感。无论是离散带来的距离，还是隔着一道屏幕伪饰的体面交往，都让人物之间真正的走进与相连变得不可能，但真的走进了又只剩下互相侵耗——渴望羁绊又畏惧羁绊，跋山涉水几遭，最后发现人终究还是在世上独行（“独立生活”）的动物。独特之处是，在某几篇中，鲁迅以一种吊诡的形式出现在小说人物的生活里。小说的时间感也很触目，比如《煞尾》里写2020年怎么怎么样，仿佛在说一桩久远的时代历史，在这种时代的时间下，个人的时间又是以一种倒计时的方式来倒叙（“距离XX结婚不到二十一天”，“离入职不到XX天”）……另外，这本里多了许多括号里的话，营造出一种自言自语般的对话感，也许也是社交网络世代的语言特质。,2022-08-20 14:35:14
听、心雨,细密琐碎又纠缠,2022-08-11 16:25:39
月亮骨骼,丝丝入扣，感觉中间几篇是渐入了佳境，让人拍手叫好处多有之。但作为短篇小说，还是不够起伏和利落。,2022-08-08 02:17:47
临雲,用彩色便签条贴了很多“金句”，丝丝入心。,2022-08-08 11:45:46
🌌,"最喜欢《寄生草》这篇。喜欢行文里闪现的词句，但不喜欢整体的风格。感觉题材有点同质化，写或者出书的速度稍显着急。",2022-08-10 16:03:00
第九个马甲,挺好的。如果没有那些网络用语，明星就好了，毕竟都是会过时的梗，过几年再看，就会曲解。,2022-08-25 14:52:59
EndliL,缠绵道、寄生草。,2022-08-27 11:07:32
白井黑子阿尼娅,延续了之前《樱桃青衣》的风格，只是短篇小说主角群们开始长大，面对生活里的狗屁倒灶如长久不联系的同学，前男友，阿尔茨海默病的父亲，她们显得更为笃定也更加包容这个感觉不会再好起来的世界了。最喜欢端正好，缕缕金，一春过，字字双，几乎每个主角都是像活在旧世界的人但是无奈心智赶集着到了如今，像是我生活里会遇见的活人。张老师仿佛住在我家床底下一般。,2022-08-27 23:26:11
懿罂,文笔依旧叫我欣赏又叹服。最喜欢《寄生草》这一篇，结尾的峰回路转让人对前世的对岸生活又生发出了丝丝缕缕的想象。,2022-08-26 16:34:09
暖兔糖,共情率💯,2022-08-26 22:38:51
别列兹汪,还是我最喜欢的这一代的写作者。其实自家族试验以后没再看新作了，公众号更的越来越少，我也更不像过去那样字字认真看，篇篇觉得动人。因此这本满意而满足（说满足有点变态，其实频频唤起的情绪是很苦的，苦到我觉得也许生活真的怎样都可以的）。还是没办法客观评价，短评里有人说每个人物都像同一个人，对于前几篇来说是对的，我也是这种感觉，但依然不妨碍你沉浸在小说营造的心理真实里。前面几篇看的我又深深感到自己的江浙沪性，那种人情、人际关系思索的表现形式真的就是江浙沪特别典型吧。后面写留学生、移民的就故事突出起来，而人物不再那么重叠了。的确是同名篇《四合如意》最精彩，给人以最深的印象，好像其他好几篇都是为这篇打的草稿。其次喜欢《字字双》。整本都是很贴近的时代记录，尤其是这两年的脚注，读着真的很会心,2022-08-28 21:25:02
Hsing,今年的第七本书，看的出来这一本是下了功夫字斟句酌的小说，最喜欢《寄生草》（除了结尾）和《端正好》、《煞尾》。,2022-08-29 16:49:11
多田,最喜欢步步娇这篇。网络时代，科技时代下的个体生活和感情故事，有点命题作文，也无法对人物产生共情,2022-08-31 20:28:15
陌生吕人,"这本好喜欢！现代生活切片的小短篇，文风比中篇轻快明亮多了。
最喜欢的是《寄生草》这篇，最后反转颇为魔幻现实。没有痛苦的寄生是不存在的，不管是什么程度的关系。被照顾的一方永远是被俯视与怜悯的。",2022-08-29 23:34:55
elle_lv,谢谢一直都在的小张老师,2022-08-29 23:48:55
ltlamy,比《樱桃青衣》中的大部分篇目进步很多，生活的总貌和片段，情感的幽微细碎，笔触圆融畅达，怡微中短篇的艺术成就越来越高啊,2022-08-30 01:27:35
哦呵呵呵呵呵,担得起“中国当代世情小说”名号，比起萨莉·鲁尼，张怡微走的是更偏讽刺小说的路子。以学者的目光打量都市的世俗感情生活，是《围城》那一挂的……,2022-09-02 13:28:39
Lichtung,张怡微的小说，还是会出一本买一本的。一路看下来，就会感到《四合如意》里的转变是多么令人欣喜。她在过去的小说中，一向是极用情且用力的，虽然深沉，但也累人。而这回，我还是头一次在她的小说里看到令人噗嗤笑出声的桥段。其实，笑场的尴尬同样是世情，同样是“阻止人超越的真相”。而且更重要的是，这种幽默感解放了作者，尽显行文的熟练与轻巧。这本书并不完美，但它依然可以说是“刚刚好”。,2022-09-02 18:34:04
不要吃夜宵了,觉得蛮可爱的,2022-09-02 15:44:32
不语,我们中国人的执念：结婚生子、望子成龙、生老病死，被张怡微解构的如此细微，书里的人和事仿佛就在自己的身边发生。有些心里的话，也只有她写的出来。,2022-09-04 22:03:21
水豆豆,韵味十足，古风今唱,2022-09-03 00:03:30
glulumi,看书名和标题并没有想到是这么接近生活的内容，前半部分的故事有一种僵硬感，但依旧让人对后面的内容好奇。后半部分逐渐灵活起来，不知道是因为我渐渐熟悉了作者的叙述方式还是事实如此。最喜欢最后一个故事，幽默又轻盈。,2022-09-02 16:32:53
圣诞,读前两篇的时候心想：这生硬的炫技…和小四安妮宝贝什么的也没什么区别呀。读到《缕缕金》：发现气质不一样了。大事不好。果然，在淡然又成熟的叙述中，看最后一页时流下了眼泪🥲,2022-09-04 05:05:38
夜塘纪,读到最后审美疲劳了,2022-09-04 13:46:09
唯爱杠上花,无聊又没营养的故事，刻意嵌入一些当下的热词和热点进行一些不痛不痒的批判。,2022-09-02 11:09:13
_the obscure,不如宣传时不提及机器与世情这一点,2022-09-06 07:53:23
480693,喜欢 第一本怡微！由很新很轻的时空之感织就，有把日常生活的幽微“入画”的勇气。如果内心的不自洽是原罪，那我坦白从宽。,2022-09-06 12:24:12
Mirror,心尖儿颤动，像是「提前」窥见了某种真实。文字是有魔力的。唉,2022-09-10 01:12:52
鸥鸥鸥,张老师笔力又精进啦～坐等下次见面大聊特聊（等我看完西游记……）,2022-09-10 10:57:31
sweetfire,问题怎么会完全没有问题呢，可是为了姿态抓眼球架子必然要整个端起来啊，现在什么都不好做，遑论卖字…那既然都是卖字，主要是文字技术过硬就足够了，毕竟有格斗经验的读者（将阅读看成格斗而不是欣赏的读者）能知道这种写如何强悍、冷峻乃至傲慢，不是指一两处啼笑皆非或叫人尴尬的小打小闹，是说能向读者腹部（不是面中）猛挥拳头。真是压倒性的力量呀，当然，如果是面对无知于格斗技的读者，这本书连打也不屑于打的吧…我对这种训练有素的强硬作风其实没有太多天然的亲近（让我亲近的可能是训练痕迹稍弱的技术），但是不能没有敬意,2022-09-09 23:15:22
阮戴安,私以为怡微的小说不如书评影评，对白太弱，心理活动太多，人物大多内耗很高不讨喜。,2022-09-09 00:21:55
对暮,感觉所有主角都是一个人,2022-08-19 17:57:20
李朝阳,怡微姐的新书从来不会让人失望。老一辈人的逝去，长大的孩子面对真实生活的无奈，总显得人性十分冷漠且无常。这本集子有好几个故事都讲了国人在海外留学或移民的一些生活，没有钱的过得悲惨又仓促，挣到钱的想挣更多钱，故乡反而显得陌生，失去了土地的牵绊，成为了没有归属的人。仔细想来我最喜欢的还是怡微姐写婚姻，像鬼打墙般的日子，无奈是无奈，可大家都是这么过来的。张怡微是现代作家里我认为唯一一个不需要“进步”的人，她的文字非常轻盈，理性与感性交织得恰到好处。以前放不下的事情和人，都在岁月的流逝中变得模糊，年轻跟年老之间不再有界限，有的只是作为人的成长。,2022-08-19 22:12:04
噗子,“我先走了 你们去忧愁吧”,2022-08-18 19:42:26
瓦片外婆,"原以为是部长篇小说，放了很久，后来发现是以“四合如意”为曲牌名的12首曲牌，也是12篇故事，便拿起来，很快看完。是让人舒适的写作方式。
最喜欢的是前几个故事，《端正好》《冉冉云》《缕缕金》《四合如意》。
张怡微的写作非常写实，也很当下，贴合着日常生活，所以疫情、核酸、隔离、抖音、播客都会出现在故事里，婚姻、恋爱、重逢，大家都不过是生活的演员，自以为超群的演技和一些千疮百孔的内在。
小说集名为《四合如意》，但却描绘了很多人的不如意，异国异乡的，父母子女的，久别重逢的。这些小说还有一个很重要的元素：机器。科技化的生活，实际是破碎着的、不确定的年代记事，也挺不如意的。",2022-08-20 08:21:09
动物园漫步者,人世间的事，总没有什么道理可讲。到底是留下什么余威，还要等着往下看。,2022-09-12 19:07:01
凯音,剩下最后三篇实在看不下去了！这他妈是一本广告册子吧，美其名曰『社交媒体一代的新世情小说』，我又被青年作家割了…还没有郭敬明写得好￣^￣゜,2022-09-12 19:56:39
M-U-K-I,短篇合集，很多幽微的情绪看似平静的流淌，学会浅浅的叹息失落失意乃人生常态，人有悲欢离合，此时古难全，今昔更尤甚。全书笼罩着一股梅雨天的质感，像口袋翻出后边边角角残留的毛绒的污渍。,2022-09-12 23:27:39
kemi,几乎篇篇精彩。做了诸多尝试，很当下很沉重很压抑纠缠。镜头感十足，金句频出。,2022-09-13 10:08:52
amelia,怡微老师又进步了~一直很喜欢她的文风，不是大家风范，但是亲切自然，读起来很舒服。丧丧的，但又莫名带着一丝现代气息，微弱的嘲讽时隐时现——特别现代都市人了，但绝不装逼。没去深入理解题目和曲牌是否能应和，如果不能，是不是有点形式大于实质呢？但是关于家庭中微妙的关系，不全然的爱，与人的小懦弱、小心思，在点点滴滴中飘荡，又充满了一些可信的、戏剧性的错愕。很喜欢那个洞的故事，很克制，也很中国——我们不直接索求，但会让对方感受到。这里没有大时代（当然不是完全没有），只有每个人。,2022-09-14 13:41:33
newstartroy,还行,2022-09-15 22:20:32
zinzin,相比家族试验系列 更喜欢这本 尤其喜欢其中关于移民与故乡的部分,2022-09-16 12:24:27
Iphisophia,被机器过滤的今昔。,2022-07-28 07:46:52
zuolan1991,“希望2019年的人能记得，那年是你们最美好的一年。”…“这是一个特别的时代吗？” “是的。”…还有那排队乡愁…趁着出差飞机上的闲暇读完了张老师这本新书，可太逗了～喜欢！,2022-07-28 08:34:33
Zoecosmos,好久没看这种当下的文字，很有共鸣。浓烈急剧的感情也能被作者写得像山水画一样，清淡却打动人心。,2022-08-01 23:13:25
潜在异智元,手天使、陆配、教鲁迅的……张老师的“学者型小说”。观察女性，书写女性，写女性的隐忍和悲苦。那些男性在做什么呢，急于背叛，忙着离婚，制造闹剧，他们的存在，让文学世界充满弧光。另外，最喜欢的是《步步娇》这篇，家族生死的故事里陡然牵扯出的刘童，引出青春中的秘史，像门罗。,2022-08-01 19:55:32
飘儿白,《白观音》暂时没看懂，像是前面好几个故事的另一视角布置到一起的。今年还看了同是上海作家滕肖澜的《心居》，也是心理描写多，不过后者更通俗俏皮，而张老师语言偶尔会学术一些，近乎要杂糅的长句子时不时还会出现，一大特色。跟以往的小说作品差别还是很大。,2022-08-02 17:07:25
SIRIUS,最喜欢《四合如意》。故事里的主角们对生活的感悟像是，一个人顶着不同名字生活在别处，在一些细枝末节上略有不同，但也足够构成不同的人了。,2022-08-05 13:21:11
左右偏,好有洞察，好幽默，好多次几乎快笑死。喜欢缕缕金，最能共情的是最后一篇煞尾,2022-08-02 22:19:29
萌之痴痴,断断续续的，看完了（少食多餐，有滋有味！）,2022-07-26 17:40:29
小炒,事事如新,2022-07-20 00:02:43
黄泥村民,最近读的书都是合上书页一声长叹,2022-07-29 15:55:52
我这茂盛的猫毛,抱着很大的期待打开，看完觉得要下载国家反诈app,2022-07-31 16:35:13
Solidays,带有一种独特的幽默，很多地方让人会心一笑；读的时候想到很久前在tape上的提问，距离是否会虚构我们生活的一部分。通过社交媒体去了解彼此，终究只能窥见他生活极小的一部分，而我们心中所想象的对方经历的生活全貌，是根据这个极小部分重新想象脑补出来的，自然是虚构的。与此同时，媒介又左右着我们共同营造的“虚构”。,2022-07-31 20:58:01
潛水艇305,个人认为怡微老师写老人暮年写得极好，并且由于作者身份的非透明性而给读者以暗示，未曾经历而洞察，读来觉得和生活中的观望也吻合，共通心酸。同时这点暮年的描绘也赋予了上海国际大都市面目下的另一重色彩，在蓬勃加速的同时也有历史旧事在减缓衰亡，在年轻人的视角下又与生活的惘然映照。看这些故事，读到异中见同的麻木的悲伤，也不是哭泣或是死亡可以概括的悲伤，觉得情感被唤起，细细想来有点难过，细细想来觉得也有抚慰。但其中几篇写得过于琐碎，隐喻又太深，没有深思也就翻页过了。希望以后有时间再重读。,2022-07-27 15:29:29
憨鱼,看有些书对我来说是很大的折磨，主要本人不是看书的料，严格地说看书有一主要目的还是为了预防脑子痴呆，为了少刷手机。这本书还真不一样，一点也不折磨我，每一个故事都好好看。故事的语言平常、没有古怪字眼又时不时冒出古灵精怪的话，看着流畅。有的故事很有年代感，有的故事则刚刚结束又开始：他们还没有建立古典的追忆，人就没有痕迹地离开，大部分时候，网络带给人的虚无，连残余也没有。那都是轻描淡写的笔触，却引得我掩卷长思一番。,2022-07-27 18:38:28
苏安,很张怡微，又有新意，更明显感受到了小张老师写作功力见长,2022-07-27 23:58:12
April,20 很细致很是她的风格。年轻一代面临个人危机家人老去外界动荡，有时候鲜少关注到自己的时候有一个人白描般地写出来，就容易被击中了。以前老师让学她写写世情，其实人心变化最难抓啊。,2022-07-27 23:18:58
辉城啊,这些天，每天阅读两到三篇。“每一篇故事、每一处感受，都是我们独立生活、情感教育的例证”，最大的启示，或许是面对生活我们知道的很少，面对困境我们无法彻底解决。在生活的缝隙中，许多晦暗的东西在生长，如《步步娇》中外公的死亡。这不是事件，而是生活的部分。《四合如意》中的悬宕的跨国恋，也是让人迷恋的。阅读这些小说时，常常会联想到自己，遭遇这些状况时，会不会比其中人物处理更好。答案大约是不会的。因为这些都是普通人的选择。不伟大，或许还有些自私，然而却是正常的。,2022-07-21 14:14:53
出云,听一首歌唱“世人惊羡的桥段终沦为老生常谈”，就想，这本小说集倒反而把生活里那些逼仄、晦暗、尴尬的细碎情节和说不清道不明的感情纠葛写到惊艳了。跟《樱桃青衣》阅读体验不太一样的是，读这本有时会读到笑出声，人情世故蛮可爱的。最喜欢《字字双》，与那种“格格不入”“无奈而只能承情”深深共情了。《寄生草》中间超大篇幅写台风天，梦回怡微的散文了，结局写得真狠。可我还是向往台湾，虽然知道那可能只是我想象中的台湾……嘤,2022-07-20 10:29:21
一只海獭,某个瞬间，这辈子第一次，在文学作品里，让我大喊“原来这就是见到家乡的感觉啊”。是松散又多有细琐的不紧凑小说，但张怡微写了太多让我共鸣的微小人物事件，暧昧地写我们心知肚明的情感、怀念，是我们这代生活的现实主义素描，很感动的。,2022-07-23 17:24:00
Dietrich,依旧是那个小张老师，缕缕金的结局看得我心发涩，想到自己的父母,2022-07-28 10:46:16
同同特,中年生活有着一望到底的疲倦与平淡，即便在至亲之人生死之关，也仍要上班，“经理不能出丑的”。不再像青年时期热烈的情感，即便有一点动容也会自觉廉价，每个人被自己的理性隔绝在大起大落与大起落的情绪的很远之外。永远矛盾的内心，永远想打破距离又保持距离，我们都很“安全”，过着一点幸存者的生活。偶尔某一天想发疯跳楼，坠落前仍会打开降落伞。,2022-07-28 16:34:56
Ursula,2022（5）,2022-07-28 22:05:03
郑卷卷,"用曲牌做题目，似乎并没有形成足够的效果，稍显做作。十二篇女性视角故事，多围绕留学，婚恋，亲情等都市女子常见话题展开，对白确实偏弱，惯用大段大段胡思乱想式心理描写，细腻入微准确没得说，却随处可见各种标签的滥用，书名地名人名，太刻意制造本不很需要的环境真实性。整本书并非一气呵成，断断续续结集成册，难免形态各异，但若真能参考《官场现形记》，细致构思一下十二篇故事之间的联系，形成《后疫情时代都市女文青现形记》倒是真有意义。",2022-07-30 12:15:36
浩原,看完立马去搜kfk。有很好笑的地方。,2022-07-30 12:20:17
ckg48-头要掉了,怡微伴我成长！其实也可以多一颗星but its so close…,2022-07-21 09:44:50
群鸷Sisyphus,有一段时间曾经对故事祛魅过，觉得故事的精彩程度归根到底由经历差决定，于是看之前担心老师这次是否会失手…看完觉得担心很多余，看上去再猎奇的设定，铺陈都是稳扎稳打的，熨帖而不突兀，因此和老师的所有作品一样都有静心的魔力，某种程度上比一些非虚构记录集子更贴近真实呢…（以及实在读到太多当代社会学/传播学经典作品的影子了hhh,2022-07-20 23:43:59
星野,最喜欢第一篇端正好。尤其是说睡得好真好啊，作为长期睡眠苦主的我也突然松了一口气。我被问过为什么喜欢看小说，小说看似无实用价值，又因为是虚构，貌似更缺乏一些指导生活的功用。我说因为这是精心搭建的人性试炼场，多看看，多几分宽容和对自我的探索。张怡微笔下的，正是一群心思幽微曲折之人，我读着，就是两相对照，自我审问。,2022-07-22 15:46:45
爱犬进宝是土狗,这本小说作品很有意境，根很值得我们阅读，值得好评。,2022-08-06 01:47:29
余寄,里面有几篇在杂志上读过，在那些兵荒马乱码毕论、考编找工作的日子里。现在从头读过，又有了新感触，而现在也已顺利毕业，找到工作。,2022-08-06 10:54:44
Seb Kela Han,写的太好了吧,2022-08-06 11:10:20
之徽,祖辈父辈无可避免的衰老与逝世，烧掉的遗物与记忆，人生何处不尴尬的分手重逢，高中语文教师与精英学生的抑郁症，通过手机视频维系的异国恋情，走向现实的相亲，童年时代的练琴，人文学科读博，高居不下的房价，牵扯大家族的拆迁，2019-nCov。读到职业女性困境，人文学科困境，性格幽微之处的跋涉，缠绕的深度关系与心事。现实与虚拟交织，文字搭建起的虚构世界与一地鸡毛的现实世界相互入侵，各有各的不清明——纵有千般不是，“它到底是我们的，与我们亲。”最喜《缕缕金》（自我代入感很强…），其次是《步步娇》《四合如意》,2022-07-16 15:02:47
快乐橘子大福🍊,感叹怡微写的越来越好了，被疫情偷走的两年里还保持着高质高产，让我等躺平少女有好书可读，真好！,2022-12-19 18:07:14
托尼瀑谷,阅读感受渐入佳境，一开始披上新媒体环境的外衣，总有一种隔膜的阅读近视感，但随着每个短篇的风格、故事以及表达的深意，越来越容易透过这层隔膜看清崭新的世情流露。全书的文章的编排极有心意，其中中间的四合如意一篇更是起到了起承转合的作用，生活在世界的人们个体。在一种被操作却又变幻莫测的进程中，内心的情感与实际的行为在混乱中有序的交错碰撞着，仿佛某种制度上的机器多么冰冷无情，人们的生活依然充满饱满的私情。,2022-12-20 13:25:05
萌爱与默默,很一般。,2022-12-19 14:51:23
Binns,〈四合如意〉不錯，〈寄生草〉令人失望。作者比較擅長寫自己的經驗，營造生活氛圍，夾雜一些七寶樓臺不成片段的金句，寫老男人就比較隔。,2022-12-27 15:57:00
紫心银翼,估计是我老了看不懂这样的新文学,2023-02-23 12:29:08
潘允嫒,都说人生如戏，可人生要真做成戏，好像还挺难看的。,2023-02-14 16:28:42
雪磨坊,风到这里就是黏。像过节烧纸，连着放了好几张，火就燃不起来，那么大面额的钱，也就像是扔掉了。不禁想韩国人怎么看金爱烂呢，会不会也有种尴尬般的刺痛之感。｜长安大道横九天，峨眉山月照秦川。除此之外，没有什么值得回忆的事。｜方鸿渐娃娃｜花开得多了，就仿佛泥土和阳光里的阴影才是能被风吹到颤动的样子。,2022-11-07 23:07:28
kind,2022-B-90 8/10,2023-01-04 18:08:20
杨杠铃,当你觉得自己是个loser，错过了世间一切美好的时候，就应该读这本书。它告诉你，大家差不多地摆烂，大家差不多地抱怨，你什么都没错过。,2023-01-04 19:18:45
水净陈桉,克制、理智、细微，有最敏锐的观察，也有真诚的书写。每一篇都值得认真对待。最喜欢《缕缕金》。,2023-02-11 10:09:43
懒小贱,虚构小说最大的困境在于作者自身的阅历。应是个人偏见，我会觉得现实题材的短篇小说是最容易写出来的，写作通顺也是最容易实现的，但当然也是很难写出彩的。读这本的时候让我想到了初中时候读三毛，读安妮宝贝，读新概念女作家（原来真的是），大学时候读亦舒 — 也说不上来读出了什么，只是文字通畅带点文艺情感和小忧愁就觉得不错。我其实不大明白作者的写作有何深意，有些结尾嘎然而止，或者好似有个转折（但也没明白转折了什么）。大部分讲的就是不太有爱的家庭？,2023-02-11 18:30:03
渡鸦与竖琴,都市致郁，怡薇越写越好了,2023-02-11 19:28:50
Jo‖1386☃,从此就看见许多陌生的先生，听到许多新鲜的讲义。,2023-02-12 11:39:03
Lily,写当代都市的人情世故，体面包裹着所有喜怒哀乐，咖啡因和威士忌填塞着过分紧凑的人生里最后的空隙。金句频出，感觉随手摘录就可以成为收获万转的微博文字。但比起金句更动人的是那种新一代都市人精致的疲惫和微妙的狡黠，但更更动人的是皮囊之下的情。,2023-02-12 17:09:05
豆友0YLB0RDm5o,可以可以好看的,2023-03-17 19:57:08
Jasmine _T,好喜欢这本小说集，社交媒体时代的都市故事集，但又都感觉是身边人可能会发生的事，平常中透露着忧伤和编造过的精致感。身处上海对书中所描绘的那些环境也可以感同身受。// 《白观音》《煞尾》为过去三年留下了一点痕迹,2023-03-17 23:31:09
香菜的好朋友,"说实话读得有点费劲，是非常有技巧的科班出身的那种会写，可太多太多的巧思隐喻还是会读得有点累。
倒是完美符合那句推荐语“比起应对日常生活的枯燥，探索内心的矛盾反而更为棘手”",2023-03-18 11:57:04
Echoooooo,很喜欢“字字双”那篇。读到那句“安栗英文并不好，却有人免费为她润稿，这是为什么呢？”，很灵。,2023-03-12 13:19:40
Phoenix Queen,每一个人都是独立的个体，好像很少有人可以懂得这个道理，所以变成寄身草去依赖爱情，依赖亲情，依赖友情，在网络上面依赖别人的点赞评论，去寻求在这个世界上的存在感。曲终人散到头来还是一个人离开这个世界。,2023-03-13 08:56:49
水星記,热闹又孤独的隔膜感。,2023-03-14 13:24:04
易直爱小千,内容真实贴近人心，好看,2023-03-14 20:05:03
一只橙子🍊,前两篇惊艳,2023-03-16 16:27:37
我似浮云殢吴越,有所进步,2023-03-11 21:58:48
萤火虫,感觉像是在述说身边的一个个小故事，最后那篇煞尾感觉就是在写这三年时间的人生百态。,2023-03-19 11:54:42
荒,越来越觉得许多当代文学像时代问题的集合展览。当然很多世情人心的细节写得还是一如既往的好。最大的感受是温情里满目苍凉。最喜欢同名短篇《四合如意》。,2023-01-23 05:14:52
SOULsoulsoul,"当初买这本书的缘由挺傻，觉得书名好听、封面好看，再仔细看看每篇的题目，也都很美，想买来看看到底写的什么样的故事。没有失望，一篇篇读下去，渐入佳境。每个故事都是独立的，也都暗中有联系。读书，留学，打工，老人去世，父母离异，看似不般配的爱情，纠缠的友情，想起来就有微微刺痛感的母女关系，疫情。作者将这些日常的主题写得相当细腻，尽管情节不同，每篇都有相似的氤氲濛濛的氛围感。

尤其喜欢缠绵道和字字双两篇，连在一起，读了好几遍。童年/中学时期对待友情总是尤为敏感，现在回头看那段时光好像带着一层泛着金光的滤镜，很多人渐渐疏远的缘由也记不清了，心底总归是有一点点怅然的。字字双里安栗的倔强和温柔，母亲的倔强和温柔，是书中少有的温馨的瞬间。",2023-01-22 15:03:26
pupu,2023第10本 不知道是我看不了了 还是张怡微老师文笔风格变了 我读不出来当年细民盛宴的感动了 就几篇文章看下来 都很浮啊,2023-01-17 16:50:21
月生霍,四星半，白观音这一章没看懂。第一次看张怡微的书，文笔很好，每一个故事都有一种淡淡的忧伤。非常喜欢《寄生草》这个故事。,2023-01-17 17:41:54
windyfly,最喜欢《四合如意》和《字字双》,2023-01-14 13:23:26
洋洋,后半本渐入佳境，喜欢《字字双》和《寄生草》，很无奈又引人发笑。,2023-02-07 19:55:53
梁海,控制力变弱了,2022-07-28 15:17:32
Délires a Deux,可以，这很爱丁堡,2023-01-18 00:04:51
云水茵茵,除了《端正好》《冉冉云》读的较早，后面是连起来一气读下来的。感觉上，同名短篇《四合如意》《字字双》《寄生草》叙事形式感更强，更喜欢《缕缕金》《字字双》这样充满情意的结尾。虽然。多说一点的话，只是单纯地感觉张老师真文如其名，温婉中又有一股看透世情的透彻和倔强。,2023-01-25 18:43:50
汤展望,"张怡微是最独特的一个“新概念”出身的作者，在那会儿都以标新立异为荣，在苛求创新的浪潮下，她安静成长，一路走来，一路记录，晃晃近二十载，稳定输出。

当初不那么拥有所谓“文学气息”的青涩学生，（给外界的印象实在太乖了，哪怕写作上不乏一些大胆地越界尝试，也被视为偶尔的叛逆）

二十年来她围绕文学深耕，展现了学者，老师，作家，多重身份。

她平和 稳定  偶尔叛逆 但还是那个校园里的优等生，但社会需要这样的一个记录者  文学世界也需要这样一位坚定的作家，期待后续的作品。",2023-01-31 23:24:12
Josee,笔触细密，情感生分，在复杂的生活细部统合中层层透出，是钻至及时的深处又浮潜而生新的 轻描淡写的体察。偶有怪石嶙峋。,2023-02-08 17:01:06
淼淼一朝,在申请季失眠的每个夜晚，我便会打开这本书，阅读一些作者的叙述。时隔两个多月再想起这些个夜晚，还是觉得奇妙。,2022-11-26 20:32:54
一天的轴,喜欢的句子其实都在写家庭。“爱的代价，爱的遗物”。我也是吧。喜欢《缕缕金》。喜欢怡微。,2023-04-04 13:42:16
东北洪常秀,如果不能走进生活，光靠再好的才华书写生活，也会隔了一厚厚的膜。张怡微的文笔一直不错，但这本书里每篇故事，都像是她躺在上海的床上，在一个又一个APP里搜集到的，像是真实的，又缺乏确凿的生活雕刻的证据。或许写作时从床上爬起来，到楼下遛遛弯能好一些。难道是因为写书这两年被关在家里导致的？,2023-04-06 19:40:09
zhoyoyo,读张怡微已经变成了读自己，对她的期待也变成了对自己的期待。如果是每月一本就好了😂,2023-04-07 00:51:09
辞束,像是都市人在迷茫中的那些努力逃离庸俗又不免流俗的意识流，和一些缓慢的透彻（生活没有神启）。目前认为最好的是缕缕金，说，邱言去仙台访学，说，听到病重的母亲半夜里绝望地呼喊着爸爸妈妈，说，“人间的爱欲率先熄灭以后，食欲翻江倒海”，是我一直想说却难以说的关于饮食男女的念头。主角们都有着令人向往的自由职业，然而用那些令人艳羡的游荡所换来的伪透彻（生活的细节是虚伪的）也不会让人生过得更美些。（更喜欢张老师以前的作品,2022-12-10 18:19:22
小浣熊洗棉花糖,感觉这本书很新，原来有这么新。短篇总有点意犹未尽。,2023-04-06 17:06:35
Lizzidin,可以说是近期溺水般的孤独黑夜里透进来的光…… 怡微真的很敢写，字字泣血的当代青年人生活。,2023-04-06 17:58:48
yokoisland,被豆瓣的年度榜单和介绍骗了,2023-04-02 18:24:15
和静清寂,很耐读的短篇小说集，其中寄生草看完感慨很久,2023-03-30 21:54:08
yaosir,看了第一篇，不喜欢语言的风格，刻意的烧脑金句让人头疼。一种小女人的精修短篇，还是推荐历史类或世界名著，能影响你三观的作品。,2023-04-01 20:41:07
四百击,前几篇都挺喜欢，带着点小聪明，尤其是“父亲”的形象塑造得很传神，也许我们没有一个一模一样的父亲，但是读后都能赞同得点头，是的，这是中国社会的父亲了。,2023-04-01 19:17:23
十豆又欠人儿,爱和无奈，有什么区别呢？,2023-03-26 22:19:04
pty,过于炫技而没有讲好故事，有点舍本逐末。,2023-03-29 22:24:15
Lililili子。,第一遍没有看进去，总觉得文字有一点太过用力。但被吸引是从第二遍读寄生草开始的，里面有一句“语言就是屏障本身，是时间和空间的持续悬停，是人与人间的万丈峡谷。更因为日子过得很苦的人，有许多事是根本不需要知道的”，深以为然。,2023-03-26 18:20:28
胡桑,张怡微2022最新小说，一如既往地敏锐。洞悉当代人的游丝般微弱而残忍的时刻。字里行间隐隐有一股坚定的狠劲。,2022-09-14 10:21:18
林雨希,看完再回看書名更像是反諷，記錄這個時代不容易。,2023-03-28 00:53:00
Krixinley-,3.5,2023-04-09 20:08:41
二重桥出神者,能感受到从以前文青气质转向世情写作，大概是因为摒除了抽象的情感叙述，贴近现实的同时共情感也减弱了一点——却反而增加了特定群体（学术青年）的共鸣。之前读很多篇她在台湾写的，真的是好得没话讲，这本贴近的那种“现实”实在太过真实了，导致这种真实显得没有以前那么“美丽”，不过话说回来，处处见血的小说我还是很爱读。,2023-04-09 16:07:56
立夏,上海人大抵是都很以自己的故土为荣的吧,2023-03-25 23:23:11
吹耄,就看了同名那篇，感觉还不错，精英阶级的普通生活。,2023-03-25 14:46:54
松花酿酒酒酒酒,每个人仿佛能量都很低，任由生活在时间轴上流淌，滴落一点未曾宣之于口的碎碎念痕迹，这点最喜欢。可以堆叠上那些诸如“内耗”、“空虚”、“孤独”的标签，也可以说偶尔共鸣到，没有很好，但想到《字字双》里关注豆瓣书评的安栗忍不住加了半星。喜欢《字字双》、《锦缠道》、《四合如意》还有《寄生草》的后半。,2023-04-11 17:17:12
Leaving,题材很切合当代青年在互联网影响下的生活，不少细节很符合城市生活的普遍现状，因此情节和对话越是细节丰富的读起来感觉越好。有些描写和议论太过夸张，有些篇章心理活动太多太杂，如果读者与主角个性不合则很难读。,2023-04-11 19:15:37
你最可爱,"原来每一节的标题是曲（词）牌名，怪好听的，步步娇，冉冉云，一春过……虽然到现在也不懂和故事有什么关联，《四合如意》是最好的一篇，更贴合普通年轻人的生活，引起共鸣，那种破碎感，无奈，盛明和茹意各自的生活和爱情。
“对文学和艺术的看法理应收藏心中，而不必时时将之当做首饰变卖”谁不会被刺痛……",2023-04-10 14:38:36
向阳橘猫易为春,感觉甚至退步了，取材很有意思很新奇，但是写出来的效果很灾难，感觉她越来越电波系了,2023-03-02 00:05:38
日已歌,没读过张怡微别的书，如果单论这本能比较明显看出作者本人的阅读谱系与关注领域。/ 对读《取出疯石》，我觉得都没写初我心中的当代经验。,2023-04-10 23:36:17
不开挖掘机,文字技法观察细节，都有了，只是情感依然没来到。,2023-04-11 14:01:29
我不知道,沉浸在能写出“社交媒体一代”故事的自我满足感中，语言贫瘠、描述匮乏，看得真生气。,2023-04-13 17:20:33
水獭🦦,还可以。,2023-04-13 17:34:49
樗栎,今天不太看得下去書，就把這個看完了。看出努力的方向，但作為寫作並不更好，幽微的世情是永恆的，機械的部分則生硬，還是屬於一種，知識份子上網。像播客，可以同時講社會學理論和網絡熱點，不像小說。有點非要把三言二拍和後現代拼在一起的縫合感。為什麼這樣不好，因為縫合本身沒有必要。這種縫合是一種實證主義社會科學的縫合。文筆當然很好，當然還是，喜歡讀書的上海女孩子的好。,2023-04-13 21:47:35
一粒言,此前没有看过张怡微的小说，读完后发现她好幽默啊，有些句子不禁让人会心一笑。然而读完也就读完了，没有给我更多的震撼，有种“啊原来也可以这么写小说”的感受。,2023-04-14 15:44:07
Sylavie,没想到评分那么高，刚读完第一篇，倒觉得没有樱桃青衣好，有点用力过猛了。最多三星了，有点读不下去。想说深又始终浅了些，一些凹来凹去的长句子也是没必要。就很用力想讲好，但最后也就这样的感觉。/步步娇开始找到点以前的感觉了，感受到张老师想要改变，寻求突破的心。/喜欢“锦缠道”。/没有🍒好，以后可能不会再买了。,2023-01-07 11:32:07
白桃乌龙茶,《四合如意》幽微的心理写到我的心里，可能只有类似的经历，才能与小说中的人和文字本身产生共鸣吧。,2023-01-07 20:05:31
水玻璃幻想,像切割石头一般让我看到一些从未见过的生活的切面，每一篇都用了很多比喻，长句接短句缓缓道来，没有耐心逐句品读主要是我的错。,2023-01-07 18:19:55
夭夭,是当下的小说，入境隔离、行程码、健康码、分组可见的朋友圈、Siri、偷能量、种树、走了的科比、胖了的杰伦...也有许多过去的元素，校内网的足迹、用来暖手的味全每日C塑胶瓶、按字数算钱的短信...不知几十年以后再读是怎样的回味。尤其喜欢《寄生草》和《缕缕金》两篇。,2022-12-29 17:11:07
树扶疏,《寄生草》啊……有没有机缘照亮彼此，本来就是千载难逢的偶然。知道它会来，又怕它来。怕它来，又怨它迟迟不来。妙极。,2022-12-30 22:57:25
罗马乘归,第一次在出版物里读到有普通人的生活自然地和疫情背景有一些交互，觉得这个书对我很特别，恰好书里青年人关心的课题也是我的困惑。共鸣感强度没有弗兰西斯哈，但是共鸣的广度让我感概，像是借作者（名字好听，听起来就是敏感细腻的女孩）之手写了这几年的年鉴。另觉得文字果然比影像更大胆（也许和成本也有关,2022-12-30 23:24:18
Michelle,作者的文字有一个属于自己的世界，看进去了，金粉屑虫蚁蛀都是戏，出了戏，回头再看，却常嫌琐碎。作者的文字是难以模仿也难以打捞的——每个细节都各自独立，鲜与全貌粘连。也许对作者的文字的态度也透露了我对生活里的枝枝节节的态度——有时沉迷，有时很想远离。,2022-12-06 09:35:30
vendredi soir,但我喜欢怡微啊。什么时候再写个长篇,2023-01-02 19:56:57
sssxz,很可爱的睡前读物,2022-12-31 12:59:13
野生热带鱼,锋利又缠绵,2022-12-31 18:38:33
百香果喝一杯,"2023年第一本书是花了好几个月读完的，从夏到秋，从秋到冬，马上凛冽的冬天也要过去了。我很清楚，离开学校之后我很难静下心来读完一本文学的书，所以这两年间，我只是“偷懒”地读了一些漫画绘本，我开始不去思考一些问题，下班回家我很累地在沙发上玩手机。
回到这本书本身，我想这是新年好的一个开始，开始慢慢地识图找回从前的感觉。最喜欢《缕缕金》，最后的那句话甚至读了很多遍，那些落寞和误解到最后成了爱的注解，那些没有言说的爱到了最后是那么动容和悲伤。",2023-01-02 20:03:20
yan,有几篇挺喜欢 读着很有感觉 有几篇又没什么触动,2023-01-01 20:53:08
杨紫萄,在四个小时的高铁上困意满满地读完了，琐碎的剧情就像此次旅行的目的一样无疾而终。共鸣很容易有，但习惯了自我否定和故作清醒之后就什么感想都没能剩下,2023-01-02 20:36:00
偏振镜,很喜欢 这才叫夹杂着真善美邪恶自私又懒惰的真情实感 一些生活的体验 真实的触感 在2022的最后一天终于看完了 新的一年要多读书 多体验,2023-01-01 00:22:13
Lilith,故事到底是怎样的其实无所谓，在意的是讲述的语气，读一页，叹三口气，难过半天。,2022-12-22 10:45:34
Gin,虽然硬封搭轻型纸让人作呕（大概是出版社的锅），但文笔故事确实可以。最喜欢端正好和一春过，一个是我的向往，一个心里的畏惧。,2023-01-05 21:25:24
cyberuta,《字字双》满分,2023-01-06 22:00:15
无尽夏,文笔很好，细节描写很精准。,2023-01-10 13:17:45
三点五,23年3月3日，怎么能写这么多……,2023-03-03 20:39:06
零度,每个故事都没有结局，每个故事都如此贴近每一个人。,2023-03-03 19:07:49
哇靠见到哇塞,什么呀跟看朋友圈状态一样。APP，小红书，抖音，网络小说？!另外浮夸的页码设计，有些小文艺，有些小女生吧，但这种畅销书确实需要时间筛选，读完之后跟吃了一汉堡快餐一样。,2023-03-04 14:10:40
fofoki,【生活和爱情是不是就是这样的，一天又一天，说很少很少的话，但也不能不说话。对此她既不确定，也不想去确定。】,2023-03-05 20:25:08
逾白,2023.3.4。在图书馆读的，看了大半本，不过没借走，今后大概也不会再看。也不是不好，但觉得我和这本书之间缺点缘法。其实读了没几个故事就开始有点走神了。还是觉得前几个更好。,2023-03-04 17:06:09
羊小狼,用抽象又精致的语句讲述模糊朦胧的情绪和一些隐去前因后果又凸显细节的故事片段，这么多年过去了，依然有这种熟悉的新概念作文味道，仿佛在看一本加厚版的《萌芽》。金句偶有，文笔佳，但这股新概念味道不去，依旧还是小眉小眼的格局。,2023-03-05 18:05:59
像玉的石头,小伙伴说张怡微一看就让人觉得是个好学生。这本集子，也非常的“好学生”，很工整很规矩，不会有很多“溢出”的东西。做个类比的话，有那么一点凌叔华的意思。印象最深刻的是《字字双》，大概是因为……仿佛往我脸上扇了一巴掌。《缕缕金》也不错。,2023-03-04 00:17:17
莲魄,小世情比所谓大格局的部分好看。,2023-01-28 16:00:54
事有難言齋主人,《锦缠道》和《煞尾》有些山鸣谷应，不复《樱桃青衣》与《细民盛宴》的读感，可能旧时孑遗也只咂得出新世的枘凿不合。,2023-01-27 21:52:57
Wait,2022.9 读一些细微的故事///上学琐碎的事情总是让这些宜人的书本束之高阁 2023.1.20前面读过的有点忘了，从头再看看。///1.27读完啦。太多共鸣，太多感动。喜欢那些心绪的展露。几乎没有完美的爱，社交媒体时代下矛盾的人们。最后还是打成五星。喜欢《端正好》里面买到房开心睡觉的阿梅，《四合如意》描摹的异地恋，《字字双》的豆瓣评论很温情呢。（2023已读第6本）,2023-01-27 13:44:23
走路晃,其实最喜欢的是字字双，那种某些时刻难以面对又感激的情感。兼喜欢一春过里对女性友谊和爱情的微妙雕琢。缕缕金的结局让我想起海边的房间里卜算子一篇，回望只道是寻常，但却因为刚刚才猛然发现的爱的滤镜而如此伤怀。当然一体两面的是，还有很多私人化的书写我其实没太看懂。,2022-09-15 19:33:14
朝涨,前两篇差点就让我觉得“就这？”，还好还有剩余的十篇。,2023-01-16 12:58:11
有宵夜吗,不是很喜欢，寄生草那篇的语言看不下去了，会喜欢缕缕金步步娇两篇包含死亡因素的。和腰封推荐语没啥关系😅我的感觉是在写难以辨认无法解决只能暂时搁置的各种情感，知道作者想描述现实生活，但没有惊艳的感觉，或许我已身在这样的世界所以见怪不怪了吧,2023-01-16 10:49:16
Nux,在《端正好》里读到“大夏天，有西瓜和男人啤酒肚的那种真正的夏天”这句的时候，就爱上张怡微的文字了。落笔轻轻，像空气净化器里呼出的气体拂过身体，没有温度和香气，不仅使人当下很惬意，也能让人在往后污浊的空气里常常回想起这些文字、故事和情绪。文学的东西我也说不上一二三四，总之，喜欢。,2023-01-18 23:52:56
望海的少年,《四合如意》好像描述的都是不太如意又那么真实的故事，总能在里面看到你我他的影子，就是那种，想说什么，但最后只说了一句：算了算了。,2023-01-12 00:16:03
暖年,特别喜欢字字双，印象比较深刻的还有缕缕金，步步娇和煞尾。和未来相关的几篇没有读下去，以后再找时间看下,2023-01-11 21:48:38
枯鱼过河,整体不太喜欢，感觉是较为粗糙的热点拼贴，但依旧尊敬这份书写当下的勇气。最喜欢《步步娇》，相对复杂且痛切，虽然有点过于狗血的嫌疑。至于《四合如意》和《字字双》这样的写作，某种意义上可以理解，但很难忍受那种兼具卑俗和清高的小市民感，几乎觉得厌恶，又或许只是难堪。最后那两篇，不知道该如何评价，太仓皇，太轻易了，觉得有点抄近路。,2023-04-21 18:15:13
大脸,好在哪里？常规生活文本记录。没能把熟悉的生活情景、沉浸的生活状态，用陌生的视角或特别的叙事风格，画出自己的独特造型,2023-04-20 18:49:07
前世乡愁,目前最喜欢《缕缕金》这一篇。,2023-04-21 11:47:16
轩儿高了,同龄作家，倒不是文笔或者故事多么惊艳，主打的就是一个你说的我都懂,2023-04-23 11:48:46
蓝河的风儿,适合在上海文艺青年在书店咖啡馆配着下午茶读。同是去年的短篇女性小说合集，还是喜欢《如雪如山》。相比之下的缺憾就是散文味太浓（语言很美I know，但没有小说该有的那种剧情张力），字句可品味但故事太单薄，被较多提及的《寄生草》一篇就是典型。洞见与随感都颇有水平，但好像还是没掘深。,2023-04-22 15:02:35
Ching,终于找到一本写当下的小说了 我们这代人多少有点抑郁 时代特点,2023-05-01 21:25:56
kittyking,过于小资了。,2023-04-30 19:08:25
TinyRice,太当下了，真的太当下了,2023-05-05 00:47:37
misty,非常喜欢，想去复旦听老师的课,2023-05-05 02:47:47
Anniversary,"断断续续读完了。有所长也有所缺吧。通过一个个小故事短暂连缀起上海21世纪的一个个小社会，像真实存在在身边的一个个人，看的时候很感动，偶尔会觉得像回到了自己的童年（虽然是北方人），故事内容真的会打动到我，很写实；只是有些文字太过矫饰，词藻过于华丽，比喻夸张而个数繁多，像堆砌起的华而不实的油腻奶油，看一点就可以了，看太多就太腻了。
“语言就是屏障本身，是时间和空间的持续悬停，是人与人间的万丈峡谷。更因为日子过得很苦的人，有许多事是根本不需要知道的。更因为有没有机缘照亮彼此，本来就是千载难逢的偶然。”",2023-04-30 23:31:58
吞声,“社交媒体一代的世情小说”每一篇故事都是发生在当下的，真实世界与虚拟创作的糅合是一种很容易被读者不理解的尝试，小说可以有各种世界的构建，隔着文化，世界观，或者是时代的滤镜可以让人避开文学化过程中很多“不真切”。所以当一本书想要构建一个有拼多多，疫情，跨国恋，KFK时空穿越豆瓣评论，拆迁移民，上海户口，直播带货，微信区别分组，杀马特，弹幕，等等贴近日常生活的确凿生活感的时候，会让人觉得野心很大，局限也很多，所有的主角都平凡又不平凡，每个人的哀怨都有种不能共情的优越感。文字很有灵气，可是平常却最难书写，所有的故事都有很强烈的主观情绪，真的就像隔着屏幕看到各种人，却一个个都面目全非，男男女女通通化成一个张怡微,2023-04-29 23:00:53
白某,连续看了两本同类写法的书，也是巧极了，但比《基本美》好得多，尽管只看了几篇而已。看书时试图放些音乐，但往往音乐更吸引人，一不留神，就会把思绪带走。我想，学生时代的我一定会更喜欢。,2023-05-07 21:51:29
胡氏烧饼,四合如意，大概是哪儿哪儿都不如意。台风那一篇写得最好。2021年，台风过境，风云低沉，残存的一点，都随那场大风破败。2023年，再回望，却看到那些无处诉说的衷肠，最终化进那碗喝不完的米面汤。阅於癸卯初春回杭途。,2023-02-26 13:31:21
过期的凤梨罐头,前面几篇写的比较活泼，后面几篇就带点提不起劲来的悲伤感觉，草草看完。,2023-02-25 22:08:46
小欣,腰封写的很对，比起应对日常生活的枯燥，探索内心的矛盾反而更棘手。,2023-02-25 20:32:21
PAUL,一如既往的喜欢 相比哀眠 确实变化很大 哀眠的那种悲伤气息淡了很多 对生活的多样化观察加入了很多,2023-02-26 11:59:42
藍襪子,驚人地殘忍，動人地好看。,2023-01-29 00:19:01
冰岛面包厂厂长,看的很艰难 难道是现代人的生活真的太无趣了吗 还是喜欢《樱桃青衣》更多,2023-02-10 23:07:00
乌龙奶茶,这本小说揭示着这个时代的残酷真相的警策之句。四合如意原为曲牌名 意为包含多首曲牌连缀而成的大型套曲 每一个故事都在辨析当代青年的情感生活,2023-02-27 17:44:42
Santé,挺会写的，很能洞察自己然后写出来,2023-02-22 21:09:05
波波安,我好像一直都喜欢这样的文字,2023-04-24 13:01:58
Aftersun,对于现代人心理的捕捉和刻画挺到位的。最大的问题还是小说情绪过于雷同，读了几篇有些乏味。,2023-04-23 23:33:34
青椒肉丝,文笔精致细腻，读到好几处时都觉得似曾相识，往日我的那些难以名状的情绪居然具象在纸上。,2023-04-25 23:20:27
否极,不好——好——不好——好。,2023-04-26 16:44:23
柚,处在/囿于相同的景观中，被刺痛，被剥开，厉害哦张怡微老师……,2023-04-27 15:33:19
豆友250710151,前面几篇读起来比较淡，后半部分的故事蛮喜欢的。就是题材有些雷同，读多了有些审美疲劳。但不得不承认有些句子还是写得很美的，很戳我。,2023-04-16 23:01:05
阿九努力攒钱中,引用太多了。有几篇不错，但也只是点到为止，没有深入。,2023-04-16 20:30:19
