Name,Author,Source,Date,Data
,,,,
大数据发展对我国县域碳排放的影响机理研究,"['孙光林', '汪琳琳', '艾永芳']",西安理工大学学报,2023-06-13 11:11,期刊
公平和效率双重视角下中国粮食主产区农业碳排放研究,"['邓荣荣', '肖湘涛', '刘凡璠']",调研世界,2023-06-13 09:57,期刊
中国人口年龄结构对碳排放的影响：效应估计与趋势预测,"['赵晓航', '孙碧洋']",调研世界,2023-06-13 09:55,期刊
基于青岛市碳排放BIM审查系统的建筑能耗及碳排放分析,"['田力男', '刘平平', '郝楠', '朱峰磊', '徐汉擎', '王金祺', '王佳员']",土木建筑工程信息技术,2023-06-09 08:49,期刊
基于投入产出法的中国造纸工业碳排放核算,"['杨本晓', '姜涛', '刘夏青']",中国造纸,2023-06-07 14:30,期刊
“双碳”目标下中国油气开采业碳排放影响因素探究,"['周淑慧', '高翔']",油气储运,2023-06-07 10:05,期刊
交通运输碳排放信息化统计监测平台研究,"['韩淑君', '穆琙博', '张寒月', '柴瑶琳', '毕立波', '宋平']",交通节能与环保,2023-06-07 09:16,期刊
吉林省农业碳排放测度分析及影响因素研究,"['李菲菲', '徐绘薇', '王舒泓', '崔金栋']",综合智慧能源,2023-06-06 16:48,期刊
我国农业保险对农业碳排放的影响研究,"['王晓润', '李娟', '刘熙']",云南农业大学学报(社会科学),2023-06-06 14:14,期刊
北部湾经济区土地利用碳排放时空差异及影响力地理探测,"['刘少坤', '王鹏程', '黄荣华']",自然资源情报,2023-06-06 12:58,期刊
航空发动机全生命周期碳排放计量方法研究,"['邵彦博', '李伟', '颜应文', '刘云鹏']",航空工程进展,2023-06-03 11:46,期刊
碳排放权交易政策对企业绿色技术创新的影响——基于工具变量和三重差分的检验,"['李创', '王智佳', '王丽萍']",科学学与科学技术管理,2023-06-02 11:52,期刊
基于碳排放流迭代算法的分布式碳表系统（二）：系统设计与验证,"['李业辉', '包维瀚', '周特', '杜尔顺', '李姚旺', '刘昱良', '张宁']",电网技术,2023-06-02 10:25,期刊
湖北省能源消费与碳排放现况及发展趋势研究,"['杜奇迹', '赵璐', '范黎', '肖建军']",工业安全与环保,2023-06-02 09:25,期刊
基于土地利用变化的江苏省碳排放时空差异与碳平衡分区,"['李卓娜', '杨洋', '朱晓东']",环境保护科学,2023-06-01 10:49,期刊
国内外工业碳排放数据平台建设现状与应用展望,"['刘铁牛', '郭少华', '张笛', '赵赫', '魏平', '李塔娜']",能源环境保护,2023-06-01 09:37,期刊
数字经济、异质性技术创新与二氧化碳排放,"['刘潭', '徐璋勇']",科技进步与对策,2023-06-01 09:32,期刊
徐州市农业碳排放时空特征与脱钩效应,"['徐玥', '王辉', '韩秋凤']",水土保持通报,2023-05-30 15:17,期刊
城乡收入差距、消费差异与碳排放效率—以京津冀地区为例,"['邹秀清', '葛天越', '孙学成', '邢盛']",软科学,2023-05-30 14:59,期刊
论“双碳”背景下碳排放价格的形成机制,"['卢美伶', '程蕾']",决策与信息,2023-05-01,期刊
,,,,
贸易开放的规模、技术和结构效应对碳排放的影响——基于中国省级面板数据的检验,"['夏子惠', '古丽娜尔·玉素甫']",技术经济与管理研究,2023-04-26,期刊
全球价值链嵌入、技术创新与制造业碳排放效率,['韦帅民'],技术经济与管理研究,2023-04-26,期刊
城镇化进程中碳排放轨迹及其传导机制,"['孙玉阳', '侯晓娜', '柳清瑞']",技术经济与管理研究,2023-04-26,期刊
上海市预拌混凝土碳排放分析,"['杨雪', '桂志伟']",上海建材,2023-04-25,期刊
西安市碳排放动态演变及等级评估研究,"['黄仁全', '曾倩']",环境科学导刊,2023-04-23,期刊
基于“双碳”背景下构建碳排放生态补偿法律制度的问题分析,['马蓉'],湖北开放大学学报,2023-04-20,期刊
建筑景观园林工程生命周期碳排放计算方法研究——以西安市住宅小区为例,"['罗智星', '曹雨', '田瀚元', '胡昕月', '卢梅', '谢静超']",建筑科学,2023-04-20,期刊
“双碳”背景下东北老工业基地碳排放驱动效应研究——以黑龙江省为例,['郑鸿'],中国集体经济,2023-04-18,期刊
基于DLCA的家用空调器碳排放研究,"['崔志恒', '杨昌智']",制冷学报,2023-04-16,期刊
施工企业碳排放权如何进行会计处理,['孙亚杰'],中国商界,2023-04-15,期刊
碳排放权交易试点政策能否促进绿色经济增长,"['张优智', '刘寅可', '赵璟']",西安石油大学学报(社会科学版),2023-04-15,期刊
基于使用阶段的城镇住宅建筑碳排放测量与影响因素研究:以重庆为例,"['黄小恒', '潘雨红']",河南科学,2023-04-15,期刊
南昌市耕地利用变化碳排放时空演变特征及影响因素分析,['刘思维'],江西科学,2023-04-15,期刊
“双碳”背景下中国农业碳排放分布动态及减排路径,"['葛继红', '孔阿敬', '王猛']",新疆农垦经济,2023-04-15,期刊
浙江省县域碳排放的时空格局与影响因素研究,"['祁慧博', '沈欣懿', '龙飞', '刘梅娟', '高晓玮']",长江流域资源与环境,2023-04-15,期刊
西宁市城市建设用地扩张与碳排放关系探究——基于VAR模型,['才仁卓玛'],西部学刊,2023-04-15,期刊
基于生命周期评价的UHPC碳排放控制潜力评估,"['丁超', '贾子杰', '王振华', '丁玉贤']",硅酸盐通报,2023-04-15,期刊
装配式与现浇楼面板的碳排放及经济性对比分析,"['张霞', '丁晓欣', '王群', '邓蓉晖']",吉林建筑大学学报,2023-04-15,期刊
高速公路服务区污水处理站全过程碳排放特征和碳减排模式研究,"['刘智慧', '张泽乾', '罗凯']",公路,2023-04-11 08:51,期刊
基于碳排放评价的桥梁路基建设方案比选优化研究,"['王海涛', '栾治军', '黄明利', '吴啸宇']",公路,2023-04-10 17:22,期刊
,,,,
社会抚养压力与碳排放——基于STIRPAT模型与岭回归分析,['刘玲玲'],科技和产业,2023-04-10,期刊
中国石灰产业碳排放影响因素分析及趋势预测,"['王法军', '姚艳霞']",科技和产业,2023-04-10,期刊
绿色技术创新与碳排放效率：影响机制及回弹效应,"['杨浩昌', '钟时权', '李廉水']",科技进步与对策,2023-04-06 09:39,期刊
商贸流通业集聚对碳排放的影响——基于面板门槛模型分析,"['叶娟惠', '叶阿忠']",商业经济研究,2023-04-06,期刊
我国流通产业碳排放影响因素研究,"['黄卓', '杨佩月']",商业经济研究,2023-04-06,期刊
基于土地利用变化的重庆碳排放时空格局研究,"['肖磊', '孙贵艳']",国土与自然资源研究,2023-04-03,期刊
双碳目标下建材行业碳排放权交易会计处理探讨,['金旭霞'],时代金融,2023-04-01,期刊
河北省土地利用碳排放时空特征和脱钩分析,"['马建辉', '田刚', '谢宛怿', '何淼']",上海国土资源,2023-03-30,期刊
江苏省县域碳排放效率的测度及时空演化特征研究,"['陈红梅', '李建豹']",现代营销(下旬刊),2023-03-30,期刊
绿色信贷对长江经济带制造业碳排放效率的影响,"['黄德春', '沈雪梅', '竺运']",水利经济,2023-03-30,期刊
“双碳”背景下碳排放权会计处理探讨,"['杨宇晴', '毛慧颖']",长春工程学院学报(社会科学版),2023-03-28,期刊
“双碳”目标下网络舆论对碳排放的影响——基于链式多重中介模型的影响路径分析,['李佳佳'],城市问题,2023-03-27,期刊
能源消费碳排放的区域差异及其影响因素分析,['邓光耀'],统计与决策,2023-03-26 07:20,期刊
两高行业碳排放核查方法的研究,"['许瑞祥', '姚依国', '翟恒涛', '薛蕾', '肖远欢', '韩明']",工业计量,2023-03-26,期刊
双阶理论视域下碳排放权的法律属性及规制研究,['秦天宝'],比较法研究,2023-03-25,期刊
烧结页岩空心砖与加气混凝土砌块碳排放对比,"['陈霏', '农玉伯', '潘荣伟', '林华', '林俊豪', '朱国宁']",新型建筑材料,2023-03-25,期刊
我国省域碳排放差异及碳补偿机制比较,"['李文婷', '都海珊', '樊晓娟']",青海金融,2023-03-25,期刊
碳排放权的资产属性与碳排放权交易会计处理模式探析,['李军义'],环境保护,2023-03-25,期刊
数字经济是否抑制了农业碳排放——基于中国城市层面的经验证据,"['李鑫', '张林', '杨祝三', '齐婉竹']",西部金融,2023-03-25,期刊
临沂工业碳排放影响因素及碳减排措施研究,"['邓天一', '武兰玉']",能源与节能,2023-03-23,期刊
,,,,
环境规制对国家级城市群生态旅游产业碳排放效率的时空动态影响,"['程杰晟', '雷俊霞']",中南林业科技大学学报,2023-03-22 13:11,期刊
中日建筑全生命周期碳排放对比分析,"['郭诚', '张兴惠', '周浩', '赵俊波']",施工技术(中英文),2023-03-21 15:37,期刊
“双碳”目标下碳排放权担保制度研究,['侯国跃'],广东社会科学,2023-03-20 13:07,期刊
中欧碳排放权交易的市场化比较——基于国家金融学视角,"['蔡彤娟', '林润红', '张旭']",金融经济学研究,2023-03-20,期刊
企业碳排放权会计确认与计量,['莫卓婷'],合作经济与科技,2023-03-20,期刊
电力系统碳排放智慧运监平台研究,"['佟勃霖', '李成俊', '孟庆龙', '张诗琪', '刘尹华']",东北电力技术,2023-03-20,期刊
我国城镇化对碳排放的影响及空间溢出效应研究,['金飞'],技术与创新管理,2023-03-20,期刊
我国油脂加工行业碳排放及认证现状,"['鲁海龙', '钱瑾蓉', '杨静雯', '郑有涛', '张小勇', '杨帆']",中国油脂,2023-03-20,期刊
全国碳市场框架下辽宁碳排放权交易市场建设和优化对策研究,['姜楠'],北方经济,2023-03-20,期刊
《碳排放权交易有关会计处理暂行规定》解析,['许亚威'],中小企业管理与科技,2023-03-20,期刊
数字经济对我国碳排放的影响——基于省级面板数据的实证检验,"['王芳', '董战峰']",改革,2023-03-20,期刊
考虑碳排放成本的冷链物流配送车辆路径优化,"['程元栋', '韩佰庆']",九江学院学报(自然科学版),2023-03-20,期刊
建筑全生命周期碳排放计算分析及软件应用比较,"['钟丽雯', '于江', '祝侃', '田炜']",绿色建筑,2023-03-20,期刊
基于碳排放影响因素的城市群碳达峰研究,"['高国力', '文扬', '王丽', '徐睿宁']",经济管理,2023-03-17 13:51,期刊
基于LCA的高速公路服务区碳排放核算研究,"['吴昊', '段志宏', '方留杨', '文元勇']",交通节能与环保,2023-03-17 11:32,期刊
基于LMDI分解的山东省城乡居民生活碳排放研究,"['张全意', '李太平']",河北环境工程学院学报,2023-03-16 11:56,期刊
自然灾害-电力系统-碳排放变化的贝叶斯网络建模与估计,"['章坚民', '王雨宽', '薛禹胜', '薛峰', '常康']",电力系统自动化,2023-03-16 11:45,期刊
碳排放研究热点及其演化的知识图谱分析,"['武翠芳', '赵慧', '陈少炜']",河北环境工程学院学报,2023-03-15 10:05,期刊
上海港控制船舶碳排放立法研究,['何梦云'],中国海事,2023-03-15,期刊
环境资源产权视角下的碳排放权确认与计量,"['郑宇花', '王宝升', '李雪莲']",财会研究,2023-03-15,期刊
,,,,
数字普惠金融、技术创新与城市碳排放强度,"['李寿喜', '张珈豪']",华东师范大学学报(哲学社会科学版),2023-03-15,期刊
山东省种植业碳排放度量分析,"['宋宏恩', '姜常宜', '李树超', '孙兆明']",中国农学通报,2023-03-15,期刊
国家创新型城市建设能否促进碳排放效率——理论构建、机制分析及空间效应评估,['杨膨宇'],贵州财经大学学报,2023-03-15,期刊
我国碳排放权交易试点对试点地区碳强度及碳减排的影响研究,"['曹维焕', '钟鼎']",商展经济,2023-03-15,期刊
空间视角下绿色金融对碳排放效率的影响研究,"['杨礼渊', '陈俊营', '方俊智']",甘肃金融,2023-03-15,期刊
碳排放权融资的可行性、实践与建议,['苗军'],甘肃金融,2023-03-15,期刊
煤电企业碳排放权价值评估的应用研究——以Z公司质押贷款项目为例,"['付莉', '曹颖', '沈孟丽']",中国资产评估,2023-03-15,期刊
我国双向FDI对碳排放的空间效应研究,"['何金旗', '李广楠']",甘肃金融,2023-03-15,期刊
数字金融与碳排放效率提升的关系研究——基于中国省际面板数据分析,"['康曼', '杜运伟']",生产力研究,2023-03-15,期刊
中国水路运输碳排放驱动因素分析,"['吴慧玲', '陈亚杰', '葛世伦']",中国水运,2023-03-15,期刊
保定市农业碳排放的空间网络结构——基于社会网络分析法,"['杨子贤', '孙鑫', '陈琦若', '孙青茹']",农村经济与科技,2023-03-15,期刊
基于SBM-DEA模型中部六省碳排放效率测度与分析,"['王馨', '范敏', '谢运生']",能源研究与管理,2023-03-15,期刊
辽中南城市群碳排放时空分异特征及驱动因素分析,"['周姚姚', '刘馨蕊', '曹婷婷', '霍会杰', '李佳欣', '杨红绵']",环境生态学,2023-03-15,期刊
人口流动会抑制城市碳排放吗?——基于二元户籍制度改革的准自然实验,['徐俊武'],湖北大学学报(哲学社会科学版),2023-03-14,期刊
长三角城市群碳排放绩效与土地利用强度时空格局及协调发展特征,"['冯新惠', '李艳', '余迩', '杨佳钰', '王诗逸', '马嘉艺']",农业工程学报,2023-03-13 07:07,期刊
全球碳排放的近实时定量方法,['刘竹'],科学通报,2023-03-10,期刊
碳中和视角下的通信网络碳排放计算模型探索,['朱惠斌'],电信快报,2023-03-10,期刊
中国二氧化碳排放的空间差异及其双维内在结构解析：2000—2019年,"['刘华军', '田震', '石印']",地理研究,2023-03-09,期刊
长江经济带种植业碳排放效率空间关联网络结构及动因,"['吉雪强', '张跃松']",自然资源学报,2023-03-07,期刊
装配式建筑预制构件物流配送过程的碳排放研究,"['董树修', '王淋', '黄月', '王梦涵']",物流科技,2023-03-06,期刊
,,,,
碳排放强度与企业研发产出——高管学历与薪酬激励的联合调节作用,"['郭江山', '师琪']",华北金融,2023-03-03 14:53,期刊
环境规制工具对建筑业碳排放的影响研究,"['王幼松', '江小敏', '张扬冰']",工程管理学报,2023-03-02 09:09,期刊
建筑业碳排放效率的空间溢出效应研究,"['孙涵', '苑子義', '吴军锦']",工程管理学报,2023-03-01 17:35,期刊
中国对外直接投资的碳排放强度研究——基于省级经济政策不确定性视角,"['孙皓程', '马宁', '孙文莉']",生态经济,2023-03-01,期刊
“双减”背景下我国农业碳排放的影响因素及地区差异——基于LDMI分解和面板回归分析,"['旷爱萍', '谢凯承']",枣庄学院学报,2023-03-01,期刊
建筑碳排放计算新规范及建筑设计减碳要点探析,['卓遥'],福建建筑,2023-03-01,期刊
铝电解工业碳排放核算方法,"['李春焕', '曹阿林']",有色金属(冶炼部分),2023-02-28,期刊
异质性环境规制、空间溢出与渔业碳排放效率,"['汪克亮', '袁鸿宇']",海洋开发与管理,2023-02-28,期刊
财政支农、技术溢出与农业碳排放,"['黄伟华', '祁春节', '聂飞']",软科学,2023-02-28,期刊
我国农业碳排放的研究热点与趋势——基于CiteSpace的可视化分析,"['王巧玲', '欧阳耀树', '易新云']",农业与技术,2023-02-28,期刊
轻骨料混凝土对桥梁建设碳排放的影响分析,"['张洪俊', '王涛', '柏佳文']",特种结构,2023-02-28,期刊
碳排放管理标准体系的构建研究,['何桂琴'],皮革制作与环保科技,2023-02-28,期刊
“双碳”背景下交通运输行业碳排放影响因素研究,"['廖志高', '梁傲']",广西职业技术学院学报,2023-02-28,期刊
碳排放权的法律属性、适质性及质权实现路径,"['陈宝贵', '石晓慧']",金融发展研究,2023-02-25,期刊
“双碳”背景下我国碳排放权交易市场研究,['华峻卿'],公民与法(综合版),2023-02-25,期刊
数智化对物流业碳排放的影响研究,"['廖名岩', '田炜']",吉林工商学院学报,2023-02-25,期刊
双碳目标下企业碳排放权会计处理问题探析,['王微'],财会学习,2023-02-25,期刊
针对施工企业的碳排放核算方法研究与建议,"['黄凯', '胡小燕', '薛世伟', '侯磊', '李锦']",施工技术(中英文),2023-02-25,期刊
区域异质性视角下的碳排放、经济增长与产业结构——基于PVAR模型的实证研究,"['郭娜娜', '乔英', '高岳林']",科技和产业,2023-02-25,期刊
产业结构、空间溢出与碳排放强度,"['官芷怡', '傅浣溪', '黄和亮', '苏志庆']",内江师范学院学报,2023-02-25,期刊
,,,,
装配式建筑建造全过程碳排放分析与研究,"['武涛', '李松', '廖聪', '许贵传', '陈煌勇']",施工技术(中英文),2023-02-25,期刊
碳排放权交易政策对企业绿色技术创新的影响,"['丁海勇', '韩增华']",洛阳师范学院学报,2023-02-25,期刊
基于BIM-LCA的建筑物碳排放测算与实例研究,"['高项荣', '李春丽']",山西能源学院学报,2023-02-25,期刊
粮食主产区农业碳排放效率时空演变及影响因素研究,"['侯宇', '张宏胜', '杨尚钊', '耿芳艳']",新疆农垦经济,2023-02-24 15:18,期刊
湖北省农业碳排放及基于K-means聚类算法的县级碳排放研究,"['张再杰', '杨伟芳']",云南农业大学学报(社会科学),2023-02-23 14:54,期刊
中国省域碳排放绩效时空演变与技术创新驱动研究,"['程钰', '张悦', '王晶晶']",地理科学,2023-02-23 14:30,期刊
基于CiteSpace的国内外碳排放权研究现状与趋势分析,"['杨丽', '牛远远', '马青青']",上海节能,2023-02-23,期刊
团体标准《热处理行业碳排放核算方法》解读,"['张永武', '李琨', '余维江', '吕东显', '佟晓辉']",热处理技术与装备,2023-02-23,期刊
我国产业碳排放结构测算及其启示,"['覃盈盈', '廖尧']",西南金融,2023-02-22 16:27,期刊
碳排放权交易违约罚则与履约责任优化路径,"['王世进', '杨琳']",山东财经大学学报,2023-02-22 09:17,期刊
洞庭湖区域土地利用变化的碳排放效应研究,"['阳凯', '王奕文', '黄春华', '王志远', '何曦冉']",生态科学,2023-02-22,期刊
“双碳”背景下内蒙古碳排放情景仿真模拟研究,"['马越峰', '刘爽']",河北环境工程学院学报,2023-02-20 11:22,期刊
2022中国城镇污水处理碳排放研究报告,,城乡建设,2023-02-20,期刊
含硫气田水除硫过程能耗及碳排放分析,"['饶冬', '郭威', '岳龙', '张羽鑫', '吴鹏斌', '胡祥芳']",油气田地面工程,2023-02-20,期刊
基于预算定额的公路工程建造阶段碳排放计算模型构建与分析,['黄志勇'],福建交通科技,2023-02-20,期刊
我国污泥处理处置路径中的碳排放分析,['印辉阳'],产业科技创新,2023-02-15,期刊
基于超效率SBM模型的省域建筑业碳排放效率及影响因素分析,"['李龙', '周盛世', '孙瑞鸿']",内蒙古工业大学学报(自然科学版),2023-02-15,期刊
技术进步和经营规模对农业碳排放的影响研究,"['祝伟', '王瑞梅']",农业经济,2023-02-15,期刊
新疆畜牧业碳排放测算及动态演变分析,"['李娜', '石晶']",环境污染与防治,2023-02-15,期刊
低碳、近零碳、零碳公共建筑碳排放控制指标研究,"['张时聪', '王珂', '徐伟']",建筑科学,2023-02-15,期刊
,,,,
低碳、近零碳、零碳居住建筑碳排放控制指标研究,"['张时聪', '王珂', '杨芯岩', '徐伟']",建筑科学,2023-02-15,期刊
近零能耗公共建筑示范工程全寿命期碳排放研究,"['杨芯岩', '于震', '张时聪', '王骞', '吕梦一', '徐伟']",建筑科学,2023-02-15,期刊
社区碳排放计算边界及技术指标分析研究,"['刘常平', '张时聪', '杨芯岩', '徐伟']",建筑科学,2023-02-15,期刊
基于关键因素敏感度分析的低碳社区碳排放控制指标研究,"['张时聪', '刘常平', '吕燕捷', '徐伟']",建筑科学,2023-02-15,期刊
建筑碳排放标准化计算的电力碳排放因子取值研究,"['张时聪', '王珂', '徐伟']",建筑科学,2023-02-15,期刊
基于生命周期的电商物流碳排放系统动力学模型研究,"['吴小珍', '周千宇']",物流工程与管理,2023-02-15,期刊
基于随机森林算法的辽宁省建筑业碳排放影响因素重要度研究,"['孔凡文', '张贵恒', '王英华']",沈阳建筑大学学报(社会科学版),2023-02-15,期刊
基于一次能源的重庆市碳排放环境库兹涅茨曲线研究,['傅俊越'],云南化工,2023-02-15,期刊
考虑碳排放的生鲜农产品冷链物流配送路径优化模型,"['邓红星', '周洁', '胡翼']",重庆理工大学学报(自然科学),2023-02-15,期刊
云南省城市营运柴油货车碳排放测度及空间分异特征,"['戢晓峰', '王娟', '陈方', '王艺霏', '普永明']",公路交通科技,2023-02-15,期刊
长三角地区2000—2019年黑碳排放核算及其不确定性,"['李舒惠', '曹闪闪', '杨依', '程丹阳', '樊林平', '刘敏']",地球环境学报,2023-02-15,期刊
2000-2020年中国种植业碳排放驱动因素及预测分析,"['蔡景丽', '顾佳艳', '陈敏', '谢丽萍', '何国富']",环境科学与技术,2023-02-15,期刊
中国农地流转对农业碳排放强度的影响及作用机制研究,"['吉雪强', '刘慧敏', '张跃松']",中国土地科学,2023-02-15,期刊
纤维素乙醇生命周期碳排放评价,['陈栋'],化工与医药工程,2023-02-15,期刊
新发展阶段居民家庭碳排放核算及影响因素研究,"['韩君', '牛士豪', '高瀛璐']",兰州财经大学学报,2023-02-10,期刊
道路建设期碳排放核算方法与减排技术综述,"['牛凯', '朱晓东', '张兴宇']",交通节能与环保,2023-02-07 16:09,期刊
实施碳排放权交易制度对我国电力企业资本结构的影响,"['王二菊', '峥宇', '陈省宏']",上海商学院学报,2023-02-07 11:00,期刊
碳排放权质押融资模式研究,"['贺聪', '江红波']",中国产经,2023-02-07,期刊
地方政府竞争、科技创新与碳排放,"['李光龙', '陈小雨']",南京审计大学学报,2023-02-06 16:56,期刊
“双碳”目标下都市圈碳排放协同治理研究,"['易成栋', '曾石安']",中共中央党校(国家行政学院)学报,2023-02-01,期刊
,,,,
碳排放权交易、产业转型升级与经济高质量增长,"['刘晓燕', '鲍静海', '孙文娜']",技术经济与管理研究,2023-01-26,期刊
城镇化、低碳技术创新与碳排放效率,['陶焘'],技术经济与管理研究,2023-01-26,期刊
中国人口老龄化对碳排放影响的时空异质性研究,['崔月彤'],统计理论与实践,2023-01-25,期刊
基于船舶日志的船舶主机碳排放核查,['薛树业'],航海,2023-01-25,期刊
宁波市碳排放测算与分解效应研究,"['余杨', '冯浩博']",统计科学与实践,2023-01-25,期刊
“双碳”目标下碳排放第三方核查机制的制度省思与法治完善,['罗凡'],环境保护,2023-01-25,期刊
我国农业碳排放时空演变特征研究,"['张希栋', '杨程博', '刘静']",环境保护,2023-01-25,期刊
钢结构装配式住宅物化阶段碳排放研究,"['宋志茜', '罗晓予', '葛坚']",建筑技术,2023-01-25,期刊
基于RFID的预制混凝土构件物化阶段碳排放跟踪计算,"['方卓祯', '徐照']",施工技术(中英文),2023-01-25,期刊
融合多源遥感数据的长株潭城市群碳排放时空差异分析,"['王孟杰', '王艳军', '李少春', '林云浩', '滕菲', '蔡恒藩']",测绘通报,2023-01-25,期刊
清洁能源转型下关键金属产业链碳排放研究综述与展望,"['朱学红', '李双美', '曾安琪']",资源科学,2023-01-25,期刊
生产性服务业集聚对碳排放效率的影响——基于长江经济带108个城市企业数据的分析,"['及添正', '邓宏兵', '张天铃']",资源科学,2023-01-25,期刊
2000—2020年中国畜牧业区域碳排放公平性与排放效率,"['戴小文', '李金花', '何艳秋', '王芳']",资源科学,2023-01-25,期刊
农地流转对农业碳排放的影响及空间特性,"['吉雪强', '李卓群', '张跃松']",资源科学,2023-01-25,期刊
2022年12月碳排放权交易市场动态,,造纸信息,2023-01-25,期刊
“双碳”背景下碳排放交易制度与企业价值研究,"['林萍', '林梦婷', '林伯强']",会计与经济研究,2023-01-25,期刊
金融发展、产业结构与碳排放研究——基于黄河流域资源型城市面板数据的机制检验,['夏勇'],西部金融,2023-01-25,期刊
中国城镇化对交通运输业碳排放的空间效应研究,"['田泽', '肖玲颖', '刘超', '王雨璇', '任阳军']",技术经济,2023-01-25,期刊
工业智能化对中国工业碳排放效率的影响及空间效应研究,"['王艳秋', '陶思佳']",技术经济,2023-01-25,期刊
基于时间序列的民用运输航空器碳排放预测研究,"['向小军', '杨志晗', '赵赶超']",现代计算机,2023-01-25,期刊
,,,,
井工煤矿开采全生命周期碳排放特征研究,"['曹原广', '刘娜']",煤炭工程,2023-01-20,期刊
环境规制对碳排放效率的多重性影响,"['江三良', '鹿才保']",商业研究,2023-01-20,期刊
基于超效率SBM和ML的航空公司碳排放效率研究,"['魏中许', '牟健']",舰船电子工程,2023-01-20,期刊
双碳目标下的中国碳排放政策评价,"['赵晓春', '吴子珺', '孙群', '周瑛']",统计与决策,2023-01-19 17:14,期刊
河北省农作物生产投入品碳排放变化特征,"['山楠', '肖广敏', '串丽敏', '孙秀君']",中国农业气象,2023-01-19,期刊
双碳目标下县域空间的减碳潜力与策略路径——基于浙江省碳排放权的解析与分配,"['周从越', '王竹', '裘知', '张钊']",浙江大学学报(理学版),2023-01-19,期刊
“双碳”目标下高铁开通影响城市碳排放的机制及效果,"['徐超', '徐振宇']",长沙理工大学学报(社会科学版),2023-01-18,期刊
“双碳”目标下中国省域碳排放公平性及其影响因素,"['刘志华', '徐军委']",地理科学,2023-01-16 16:47,期刊
能源消费背景下河南省碳排放测算及碳达峰预测,"['王倩倩', '娄媛媛', '张鹏岩', '王春晖', '朱慧儒', '张金炳', '刘振岳']",河南大学学报(自然科学版),2023-01-16,期刊
中国碳排放权交易政策的理论基础、演进逻辑及创新发展,"['王丛虎', '骆飞']",中共天津市委党校学报,2023-01-15,期刊
数字经济何以促进碳减排——基于城市碳排放强度和碳排放效率的考察,"['江三良', '贾芳芳']",调研世界,2023-01-15,期刊
长江经济带交通运输业碳排放效率测算及空间特征分析,['付雪妮'],物流工程与管理,2023-01-15,期刊
基于LCA理论的典型饮品咖啡碳排放足迹分析研究,"['张子华', '万绪同', '杨雪', '潘诗悦', '张林杰', '郭文嘉']",农业与技术,2023-01-15,期刊
国家速滑馆建造过程碳排放分析,"['苏振华', '陈利敏', '祖建', '李久林', '李少华', '唐俊甜']",建筑技术,2023-01-15,期刊
“双碳”目标下我国碳排放权交易机制的减排机理及路径,"['张修凡', '付宁宁']",长沙大学学报,2023-01-15,期刊
全球价值链视角下的出口与碳排放——对“倒U型”关系的再检验,"['刘瑶', '张军', '耿燕']",国际贸易问题,2023-01-15,期刊
我国区域城镇化的碳排放效率时空动态效应研究,['吴旭晓'],区域经济评论,2023-01-15,期刊
“碳中和”目标下的中国省域碳排放效率测算,"['韩君', '牛士豪']",杭州师范大学学报(社会科学版),2023-01-15,期刊
基于LCA的沥青路面施工期碳排放模型及特征研究,"['张兴宇', '朱晓东', '左贵强', '牛凯']",城市道桥与防洪,2023-01-15,期刊
算准碳排放  企业有“方案”,['林琪'],环境,2023-01-15,期刊
,,,,
甘肃省农业碳排放区域差异、时空特征及趋势预测,"['陈睿涛', '李薇', '燕振刚']",草业科学,2023-01-15,期刊
碳中和目标下土地利用碳排放效率及其时空格局——以黄河流域72个地级市为例,"['冯薇', '赵荣钦', '谢志祥', '丁明磊', '肖连刚', '孙锦', '杨青林', '刘天昊', '尤增涛']",中国土地科学,2023-01-15,期刊
“双碳”目标背景下碳排放治理路径研究,['苏泽鹏'],环境科学与管理,2023-01-15,期刊
成渝城市群陆地碳排放时空变化及效应研究,"['廖祥', '杨鑫', '牛振生']",环境科学与技术,2023-01-15,期刊
绿色税收、产业结构升级与长三角地区碳排放——基于动态空间杜宾模型的实证分析,"['方杏村', '周咏琦']",安徽理工大学学报(社会科学版),2023-01-15,期刊
内蒙古自治区工业能源碳排放影响因素分析,['许馨戈'],内蒙古科技与经济,2023-01-15,期刊
京津冀城市群产业结构、土地利用效益与碳排放的耦合协同发展研究,['刘云青'],江西农业学报,2023-01-15,期刊
技术创新与碳排放效率耦合协调关系及驱动力研究——以装备制造业细分行业为例,"['冯俊华', '韩美']",环境污染与防治,2023-01-13,期刊
基于BP神经网络的车辆碳排放测算研究,"['彭美春', '阳晨', '李君平', '叶伟斌', '黄文伟']",广东工业大学学报,2023-01-13,期刊
农业机械化对农业碳排放的影响——来自粮食主产区的实证,"['贺青', '张俊飚', '张虎']",统计与决策,2023-01-12 09:17,期刊
工业要素配置引致碳排放效率损益的逻辑探究,['刘天森'],现代商贸工业,2023-01-12,期刊
长江经济带碳排放时空差异及影响因素分析,"['田慧敏', '王向前']",西安文理学院学报(自然科学版),2023-01-12,期刊
碳排放的空间关联：基于两阶段SYS-GMM的实证研究,"['何立华', '金地']",中南民族大学学报(自然科学版),2023-01-12,期刊
光纤激光焊接的碳排放建模与多响应评价,"['吴剑钊', '孙家豪', '张超勇', '曹华军', '葛威威']",机械工程学报,2023-01-11 15:12,期刊
碳排放权交易制度影响下发电企业的对策研究,['韦宇虹'],农电管理,2023-01-10,期刊
基于来源和用途混合分类的碳排放权会计处理构想,"['黄金曦', '张云丽']",财会通讯,2023-01-10,期刊
基于BIM技术的建筑生命周期碳排放计量分析,"['李春丽', '高项荣']",城市建筑,2023-01-10,期刊
试析低碳经济下碳排放权交易会计处理,['易志军'],财经界,2023-01-10,期刊
中国(广西)与澳大利亚甘蔗生产碳排放特征比较,"['谭俊杰', '梁阗', '杨尚东', '谭宏伟']",中国糖料,2023-01-10,期刊
110kV变电站栓焊混合连接和螺栓连接钢结构碳排放研究,['刘泽鹏'],工程技术研究,2023-01-10,期刊
,,,,
硫铝酸盐水泥碳排放核算,"['尚春静', '吴诚根', '鲁刘磊', '姚凯卿', '王志豪', '汪峻峰']",水泥,2023-01-10,期刊
基于系统动力学的交通运输碳排放系统仿真与低碳情景研究,"['张旭', '秦怡华']",物流科技,2023-01-09,期刊
中国区域一体化如何影响碳排放效率,"['徐斌', '柯达', '刘杨倩宇']",当代财经,2023-01-09,期刊
我国公共服务建筑碳排放影响因素研究——基于两种碳排放核算方法,"['刘月利', '胡威', '邢园通']",价值工程,2023-01-08,期刊
河南省种植业碳排放动态演化分析,"['孙康', '解月', '贠鸿琬', '何泽军']",安徽农业科学,2023-01-08,期刊
湖南省土地利用碳排放时空差异及其影响因素分析,"['廖攀', '张雄一', '吴吉林', '刘志洲', '左金友']",湖南文理学院学报(自然科学版),2023-01-06,期刊
中国农地碳排放时空分异及其驱动因素,"['李天驹', '贾磊', '张晓慧']",生态经济,2023-01-05,期刊
粮食增产与农业碳排放强度降低——基于中国粮食主产区政策的准自然实验证据,"['原野', '李太平']",福建农林大学学报(哲学社会科学版),2023-01-05,期刊
互联网使用与家庭间接碳排放:测度及影响因素分析,"['华怡婷', '石宝峰']",重庆大学学报(社会科学版),2023-01-03 16:09,期刊
垃圾焚烧发电项目碳排放核算与减排效应研究,"['张炳康', '李云玉', '张欣', '王诗颖', '周霖', '吕石磊']",环境保护科学,2023-01-03 10:42,期刊
税收负担降低了碳排放强度吗?,"['王锋', '罗珊', '单静']",经济与管理评论,2023-01-03 08:33,期刊
中国农业碳排放测算研究综述,"['胡永浩', '张昆扬', '胡南燕', '武拉平']",中国生态农业学报(中英文),2023-01-02 14:36,期刊
我国交通运输业全面进行碳排放权交易研究,['陈绮'],中国储运,2023-01-01,期刊
农田生态系统碳排放时空格局及趋势分析,"['王英', '杨娟', '王佳丽']",中国农业大学学报,2022-12-30,期刊
数字普惠金融对家庭碳排放的影响研究——基于2018年CGSS数据,"['刘倩', '陈瑞颂']",环境经济研究,2022-12-30,期刊
基于“云-管-边-端”物联网架构的碳排放监测,"['邢方圆', '贺诗波', '孙铭阳', '陈积明']",物联网学报,2022-12-30,期刊
中国农业碳排放的空间关联网络分析,"['李若寒', '范成方']",山东农业大学学报(社会科学版),2022-12-30,期刊
国家级城市群建筑业碳排放效率的空间分异及影响因素,"['俞雅乖', '沈盼熠', '李瑜婷']",宁波大学学报(人文科学版),2022-12-29,期刊
新旧动能转换背景下碳排放交易如何影响企业全要素生产率——基于波特假说,"['段文娟', '油永华']",现代商业,2022-12-28,期刊
数字金融对碳排放的影响及机制研究,['王广在'],武汉商学院学报,2022-12-28,期刊
,,,,
基于旅游卫星账户的我国旅游业碳排放核算研究,"['俞宗尧', '葛建军', '张国帅']",贵州师范学院学报,2022-12-28,期刊
新疆碳排放驱动因素与减排策略分析,"['马冬芬', '祝学军']",煤炭经济研究,2022-12-28,期刊
碳排放权交易会计处理中的问题与对策,['赵旭婉'],合作经济与科技,2022-12-27,期刊
我国碳排放权法律属性浅议,['王芳源'],合作经济与科技,2022-12-27,期刊
内蒙古自治区农业碳排放时序变化与影响因素研究,"['朱舰伟', '刘卫柏', '刘金丹']",湖南师范大学自然科学学报,2022-12-26 15:50,期刊
数字化对交通运输碳排放强度的影响——基于省际面板数据的实证考察,"['焦萍', '张帅']",华东经济管理,2022-12-26 14:42,期刊
长江经济带电力碳排放时空变化及影响因素——基于区域和产业视角,"['郭艺', '张鹏飞', '葛力铭', '曾刚', '万媛媛']",中国环境科学,2022-12-26 10:02,期刊
基于BIM的铁路物化阶段碳排放测算研究,"['肖磊', '李智勇', '王聪', '张海明', '郭森', '柳文祥', '王京京']",建筑经济,2022-12-26,期刊
综采工作面回采过程中碳排放的生命周期分析,"['雍海宁', '许宸瑞', '杨嘉豪', '姬益邦', '张玉权', '王瀚艺']",煤炭与化工,2022-12-26,期刊
基于LMDI分解方法的连云港市电力碳排放研究,"['张乘玮', '王健新', '李永峰']",能源与节能,2022-12-25,期刊
东北地区碳排放效率与经济增长关系研究——基于Tapio模型和DEA模型检验,"['赵国龙', '殷晨曦']",黑龙江工程学院学报,2022-12-25,期刊
多视角下东北地区城市碳排放责任核算与分布特征研究,"['刘晓宇', '张力小', '周长波', '翟明洋', '李广宇']",中国环境管理,2022-12-25,期刊
基于混合生命周期评价模型的我国食物系统水资源消耗及二氧化碳排放核算,"['刘金良', '王长波', '杨子彦', '庞明月', '王思雨']",中国环境管理,2022-12-25,期刊
安徽省工业碳排放影响因素分解及脱钩研究,"['王航星', '董洪光', '罗涛']",荆楚理工学院学报,2022-12-25,期刊
西部地区能源消费碳排放时空格局演变及影响因素分析,"['冉光圭', '杨宣']",贵州民族研究,2022-12-25,期刊
基于文献计量法的国内外建筑碳排放研究,"['任攀攀', '张玲玲', '吴松', '魏代晓']",节能,2022-12-25,期刊
基于GPS数据的重型货车碳排放计算及时空分布研究,"['金昱', '刘皓冰']",交通运输研究,2022-12-25,期刊
基于连续核算的燃煤机组碳排放特征分析,"['叶荣', '陈思畏', '崔希', '林乐平']",江西电力,2022-12-25,期刊
我国碳排放权交易市场存在的问题、国际经验借鉴及改进建议,"['蔡群起', '梁培金', '林雯茹', '苏锦荣', '吴秀萍', '吴婉羚', '杨红娇', '潘伟雄']",西部金融,2022-12-25,期刊
基于系统动力学的河南省农业碳排放研究,"['曹斌', '李炳军']",湖北农业科学,2022-12-25,期刊
,,,,
区域碳排放、经济增长与产业结构关系研究——以东北三省为例,"['郭娜娜', '高岳林', '陈雯雯', '宋志芳', '王苗苗']",宝鸡文理学院学报(自然科学版),2022-12-25,期刊
中国交通运输业碳排放驱动因素与达峰路径,"['王世进', '蒯乐伊']",资源科学,2022-12-25,期刊
碳减量影响下建筑业碳排放测算模型构建与实证,"['赵丽', '赵伟', '潘绍中', '杜昕', '张建强']",河北建筑工程学院学报,2022-12-25,期刊
我国塑料碳排放核算体系搭建与应用初探,"['种珊', '朱松丽']",中国能源,2022-12-25,期刊
双向FDI协调发展、碳排放与经济增长的关系研究——基于中国30个省区面板数据的实证分析,"['彭继增', '凌娇娇']",南昌大学学报(人文社会科学版),2022-12-20,期刊
基于作业预算法的碳排放三重预算体系解析,['庞仙梅'],财会通讯,2022-12-20,期刊
双碳目标下天津制造业碳排放双控与能源脱钩研究,"['孙振清', '张昊', '戴陈彦']",理论与现代化,2022-12-20,期刊
中国建筑业碳排放效率动态特征及驱动因素研究,"['林钰宇', '李建豹']",上海房地,2022-12-20,期刊
投入数字化对工业碳排放强度影响的实证分析,"['杨丹辉', '胡雨朦']",城市与环境研究,2022-12-20,期刊
广州地铁盾构隧道建设期碳排放强度与减排潜力研究,"['陈坤阳', '段华波', '张怡', '周雯雯', '陈湘生']",隧道建设(中英文),2022-12-20,期刊
碳排放权会计核算逻辑与流程,"['谈多娇', '杨芷芩', '李琳']",财务与会计,2022-12-20,期刊
建筑工程施工阶段碳排放计量方法研究,"['董玉平', '汪洪军', '费恺', '徐志']",洁净与空调技术,2022-12-17,期刊
碳金融是否促进了绿色创新水平？——基于碳排放权交易政策的准自然实验,"['王凤荣', '李安然', '高维妍']",兰州大学学报(社会科学版),2022-12-16 13:34,期刊
基于投入产出法的中国纺织服装产业碳排放核算,"['杨本晓', '刘夏青', '侯锋']",毛纺科技,2022-12-16,期刊
碳排放标准规范的研究现状及发展趋势,"['唐扬', '张明婷']",标准科学,2022-12-16,期刊
电力碳排放计量技术现状及展望,"['招景明', '李经儒', '潘峰', '杨雨瑶', '黄家嘉', '林国营', '邓凯', '蔡嘉慧']",电测与仪表,2022-12-15 13:47,期刊
碳税和碳排放权交易制度协同应用研究,"['刘双柳', '陈鹏', '程亮', '焦阔', '徐顺青', '高军', '葛汝冰']",环境污染与防治,2022-12-15,期刊
基于多DEA-Gini的纺织业碳排放效率时空分异研究,"['马玉超', '张永林']",武汉纺织大学学报,2022-12-15,期刊
新疆农业碳排放空间演变与驱动力分析,"['李娜', '石晶']",塔里木大学学报,2022-12-15,期刊
绿色基础设施投资降低了碳排放吗,"['林乐芬', '杨倩文']",现代经济探讨,2022-12-15,期刊
,,,,
基于碳排放特征的资源型城市低碳规划策略,"['张小平', '刘胜宾']",山东建筑大学学报,2022-12-15,期刊
基于系统动力学-Visual Studio集成模型的区域碳排放中长期变化趋势预测——以四川省为例,"['李乔楚', '陈军华', '何京']",环境污染与防治,2022-12-15,期刊
双碳目标下企业碳排放权会计处理问题探析,"['曹海娟', '吴小娟', '李晶']",中国注册会计师,2022-12-15,期刊
金融工具碳排放测算的国内外实践及探索,"['李建兵', '周慧虹', '梁文青']",华北金融,2022-12-15,期刊
城乡建设碳排放现状对比分析及工作建议,"['凡培红', '戚仁广', '殷帅']",建设科技,2022-12-15,期刊
粮食主产区农业碳排放回弹效应研究,"['黄晓慧', '杨飞', '陆迁']",长江流域资源与环境,2022-12-15,期刊
基于ESDA-GIS的湖南省碳排放时空差异动态演化分析,"['陈培红', '王鹏', '李春红']",衡阳师范学院学报,2022-12-15,期刊
混凝土结构与钢结构变电站建筑全生命周期碳排放对比研究,"['胡亚山', '庄典', '朱可', '石邢']",建筑科学,2022-12-15,期刊
半刚性沥青路面建设期碳排放特征分析,"['李清华', '刘聂玚子', '刘琰然', '朱晓东', '张兴宇']",交通节能与环保,2022-12-15,期刊
武汉市交通运输业碳排放达峰路径研究,"['汤峥', '彭莎', '黄宇']",环境科学与管理,2022-12-15,期刊
基于SDA的华北地区碳排放变动及驱动因素研究,['张晴'],生产力研究,2022-12-15,期刊
数字经济对碳排放强度的影响机制及空间效应,"['霍晓谦', '张爱国']",环境科学与技术,2022-12-15,期刊
安徽省工业碳排放现状及影响因素分解,['李菲菲'],山西师范大学学报(自然科学版),2022-12-15,期刊
近零碳排放园区试点建设实施方案研究,['刘慧敏'],绿色科技,2022-12-15,期刊
长江经济带土地利用碳排放时空效应及驱动力,"['方林', '李灿锋', '李浩杰', '刘艳晓']",草业科学,2022-12-15,期刊
双碳背景下数字经济对碳排放强度的影响研究——基于有调节的中介效应检验,"['郭玥沁', '郭彬', '张荣霞']",现代管理科学,2022-12-10,期刊
基于碳排放因子现状研究构建企业碳排放因子计量体系,['张明婷'],中国计量,2022-12-10,期刊
出口贸易多样化对中国碳排放的影响,"['赵双剑', '林木西']",商业经济研究,2022-12-08,期刊
我国二氧化碳排放强度演变的影响因素分析,['陈钊'],大众标准化,2022-12-08,期刊
江西省县域农业碳排放时空格局及影响因素分析,"['郑博福', '梁涵', '万炜', '刘忠', '朱锦奇', '吴之见']",农业工程学报,2022-12-08,期刊
,,,,
中国农业农村碳排放结构与碳达峰分析,"['曾贤刚', '余畅', '孙雅琪']",中国环境科学,2022-12-07 17:02,期刊
科技大国能源消费碳排放与经济增长脱钩关系及驱动因素研究,"['韩文艳', '熊永兰']",生态经济,2022-12-07,期刊
碳排放权价格评估方法及实证研究,"['廖志高', '许京怡', '简克蓉']",生态经济,2022-12-06,期刊
T/CAS 454-2020《火力发电企业二氧化碳排放在线监测技术要求》解读,"['陈小玄', '卢伟业']",中国标准化,2022-12-05,期刊
智慧城市建设与城市碳排放：基于数字技术赋能路径的检验,"['葛立宇', '于井远']",科技进步与对策,2022-12-02 13:39,期刊
碳排放风险约束下低碳园区储能容量规划方法,"['谈竹奎', '喻磊', '王扬', '林心昊', '蔡永翔', '刘胤良', '袁智勇', '何肖蒙']",南方电网技术,2022-12-01 15:10,期刊
基于深度学习模型的船舶碳排放时空预测研究,"['栾建霖', '冯胤伟', '李海江', '王新建', '贾鹏', '匡海波']",科研管理,2022-11-30 12:55,期刊
电动汽车全生命周期碳排放,"['康小平', '聂慧慧', '郜敏', '吴凤彪']",储能科学与技术,2022-11-30 10:26,期刊
ICT投资对碳排放效率的空间效应和影响机制,"['李朋林', '钟玉祥']",西安科技大学学报,2022-11-30,期刊
长三角都市圈工业能源消费碳排放强度区域差异及动态演进,['王青'],人民论坛·学术前沿,2022-11-30,期刊
基于马尔可夫链的建筑业碳排放的省域差异及时空演变,"['纪凡荣', '李琦']",建设科技,2022-11-30,期刊
河南省制造业碳排放效率及其影响因素研究,"['张国兴', '崔艳芳']",华北水利水电大学学报(社会科学版),2022-11-30,期刊
政府办公建筑碳排放限额分析研究,['邹晓锐'],建设科技,2022-11-30,期刊
我国工业碳排放影响因素的研究进展与趋势,"['陆烨', '王冉', '张元坤', '刘世奇', '常媛媛']",商展经济,2022-11-30,期刊
面向2035的节能与新能源汽车全生命周期碳排放预测评价,"['付佩', '兰利波', '陈颖', '郝卓', '邢云翔', '蔡旭', '张春梅', '陈轶嵩']",环境科学,2022-11-28 10:12,期刊
数字经济对碳排放的影响研究——基于产业结构转型的中介视角,"['杨清露', '侯普光']",煤炭经济研究,2022-11-28,期刊
“双碳”目标下行业能源责任碳排放测算与分析,"['刘志红', '袁杰辉']",有色金属(冶炼部分),2022-11-28,期刊
碳排放权交易、政府补贴与企业技术创新,"['路正南', '朱鹏']",经营与管理,2022-11-28,期刊
数字服务贸易发展水平对碳排放影响的实证分析——基于中国省级层面的面板数据,"['石红莲', '王钰良', '孔希贤']",天津商业大学学报,2022-11-25,期刊
资源禀赋对区域碳排放强度的影响效应及作用机制,"['宋龙飞', '李静']",安徽农业大学学报(社会科学版),2022-11-25,期刊
,,,,
基于县域单元的湖北省碳排放时空格局演变特征,"['周玄德', '窦文章', '詹庆明', '孜比布拉·司马义', '邓祖涛', '曾勇']",测绘通报,2022-11-25,期刊
区域经济增长、能源消费与二氧化碳排放,"['黄华继', '李英齐']",黑河学院学报,2022-11-25,期刊
中国对外直接投资的碳排放效应——基于多区域投入产出模型,['闫云凤'],资源科学,2022-11-25,期刊
土地利用、经济高质量发展与碳排放耦合协调度及影响因素——来自中国282个地级市的经验研究,"['丁学谦', '吴群', '刘向南', '谈林沂', '王健']",资源科学,2022-11-25,期刊
中国棉花生产碳排放核算与碳达峰预测,"['吴沣槭', '黄伟斌', '陈家乐', '韩迎春', '冯璐', '王国平', '李小飞', '李亚兵', '王占彪']",农业环境科学学报,2022-11-24 16:15,期刊
碳排放与环境影响评价制度探究,['王小平'],能源与节能,2022-11-24,期刊
农业技术效率对农业碳排放的影响——基于空间溢出效应与门槛效应分析,"['颜光耀', '陈卫洪', '钱海慧']",中国生态农业学报(中英文),2022-11-23 18:16,期刊
金融科技对碳排放强度的影响研究,"['周亚军', '齐志渊']",金融理论与实践,2022-11-23 13:53,期刊
基于机器学习算法的新疆农业碳排放评估及驱动因素分析,"['邓路', '袁圣博', '白萍', '李会芳']",中国生态农业学报(中英文),2022-11-22 16:51,期刊
碳排放权交易制度与企业绿色治理,"['张娆', '郭晓旭']",管理科学,2022-11-20,期刊
装配式混凝土建筑的碳排放计算研究——以金隅玉田二期办公生活区示范项目为例,['高洪军'],混凝土世界,2022-11-20,期刊
收入不平等与碳排放——基于城市碳排放数据,"['贾妮莎', '徐浩然', '雷宏振']",湖南师范大学自然科学学报,2022-11-19 16:08,期刊
国内价值链生产分工网络与省域——行业间碳排放强度差距：缩小还是拉大,"['陈兆伟', '李惠茹']",宏观经济研究,2022-11-18,期刊
碳排放权交易能促进企业创新吗?——基于中国碳交易试点覆盖企业的检验,['李晖'],系统工程,2022-11-17 13:56,期刊
基于多区域投入产出模型的长江经济带隐含碳排放研究,"['张天骄', '许钤川', '温璐歌']",企业经济,2022-11-16 10:45,期刊
基于LCA的特大桥梁全寿命碳排放特征分析,"['何江陵', '陈勇强', '董欣', '黄飞扬', '刘备', '王元庆']",交通节能与环保,2022-11-16 09:07,期刊
交通运输碳排放决策支持平台建设研究,"['胡希元', '尚赞娣', '魏新月', '林成功', '王锋锋']",交通节能与环保,2022-11-15 10:11,期刊
山区高速公路隧道建设期碳排放计算方法探讨,"['魏作标', '夏立爽', '刘志强', '王丹']",交通节能与环保,2022-11-15 08:50,期刊
民法典实施背景下碳排放权数据产权属性的法理证成及规范进路,['任洪涛'],法学杂志,2022-11-15,期刊
云南省建筑行业直接与间接碳排放核算研究,"['张楚蓓', '王志浩', '邓诗涵']",产业与科技论坛,2022-11-15,期刊
,,,,
“双碳”目标下完善我国农业碳排放核算体系的研究,['韩圆圆'],山西农经,2022-11-15,期刊
东北三省产业转型对碳排放效率的影响,['赵高茜'],黑龙江环境通报,2022-11-15,期刊
数字金融影响碳排放的作用机理及效果,"['范庆倩', '封思贤']",中国人口·资源与环境,2022-11-15,期刊
“双碳”背景下碳排放交易机制的减污降碳效应,"['陆敏', '徐好', '陈福兴']",中国人口·资源与环境,2022-11-15,期刊
西北五省碳排放时空格局及影响因素研究,"['程晓瑜', '盖微微']",环境科学与技术,2022-11-15,期刊
中国省际碳排放转移的福利溢出效应,"['董碧滢', '徐盈之']",中国人口·资源与环境,2022-11-15,期刊
对我国金融机构构建碳排放核算体系的思考,"['倪清', '金以文', '崔俊莲']",中国银行业,2022-11-15,期刊
公路隧道建设碳排放计量与预测研究,['龚静'],技术与市场,2022-11-15,期刊
碳排放权交易政策能提高企业现金持有水平吗,"['张娆', '杨小伟']",当代财经,2022-11-15,期刊
欧盟碳排放交易市场的发展及启示,"['丁海勇', '韩增华']",新经济,2022-11-15,期刊
基于土地利用和夜间灯光数据的京津冀区域碳排放时空分异研究,"['武爱彬', '赵艳霞', '郭小平', '范波']",地理与地理信息科学,2022-11-15,期刊
人力资本、技术创新与碳排放——基于中国城市视角的讨论,"['贺晓丽', '逯进']",东方论坛,2022-11-15,期刊
中国碳排放的时空跃迁特征、影响因素与达峰路径设计,"['刘自敏', '张娅']",西南大学学报(社会科学版),2022-11-15,期刊
中日碳排放与经济发展、电力消费比较研究,"['张忠华', '邵羽函', '胡杰']",中外能源,2022-11-15,期刊
基于夜间灯光数据的中国海岛县碳排放时空分异及影响因素研究,"['狄乾斌', '侯智文', '陈小龙']",地理与地理信息科学,2022-11-15,期刊
南方低山丘陵区高速公路路基工程全寿命碳排放来源分析及减排要点,"['程书祥', '何毅', '李晨瑶', '王炜', '刘备', '王元庆']",交通节能与环保,2022-11-14 16:43,期刊
中国旅游业碳排放—旅游经济—生态环境耦合协调时空分异研究,"['李智慧', '王凯', '余芳芳', '徐丽萍']",地理与地理信息科学,2022-11-14 15:46,期刊
京津冀碳排放的影响因素分析及达峰情景预测——基于供给侧改革视角,"['王韶华', '赵暘春', '张伟', '刘晔']",北京理工大学学报(社会科学版),2022-11-14,期刊
旅游与碳排放：全球视角与区域比较,['章杰宽'],地理研究,2022-11-11,期刊
非重点排放企业碳排放会计核算在不同财务战略下的方法选择,"['何凌霄', '张雨晴']",绿色财会,2022-11-10,期刊
,,,,
无锡市典型污泥处理处置全过程碳排放特征研究,"['李爱民', '李羽志', '宋联', '浦田', '常伟', '杨汉文', '王硕', '李激']",给水排水,2022-11-10,期刊
全国碳排放权交易机制概述及对控排企业的建议,['吴亚男'],中国律师,2022-11-10,期刊
数字经济发展对碳排放的非线性影响研究,"['金飞', '徐长乐']",现代经济探讨,2022-11-10,期刊
基于全生命周期活动数据的交通运输碳排放计算思路,['刘佩'],中国工程咨询,2022-11-10,期刊
兰西城市群能源消费碳排放时空分布特征及影响因素——基于DMSP/OLS与NPP/VIIRS夜间灯光数据,"['邓光耀', '陈刚刚']",西华大学学报(哲学社会科学版),2022-11-10,期刊
香港能源消费碳排放的演变趋势及其影响因素,"['林晓洁', '王长建', '汪菲', '陈静', '廖开怀', '罗皓', '卢敏仪']",科技管理研究,2022-11-10,期刊
建筑领域不同建造方式碳排放对比分析探讨,"['殷涛', '梅聪健']",工程质量,2022-11-10,期刊
我国流通产业集聚对碳排放的影响机制和空间分异研究,['张川'],商业经济研究,2022-11-07,期刊
中国碳排放效率的时空联系、非均质发展与收敛性分析——基于区域战略视角,"['陈向阳', '戴尔']",财经理论研究,2022-11-05,期刊
农产品贸易对农业碳排放的影响——兼议数字乡村发展的门槛效应,"['陈宇斌', '王森', '陆杉']",华中农业大学学报(社会科学版),2022-11-05,期刊
空间溢出效应下的环境规制影响碳排放强度路径分析,"['刘晓晗', '朱泯静']",生态经济,2022-11-02,期刊
产业集聚、碳排放与绿色农业耦合协调时空演化研究——基于长江经济带面板数据的实证研究,"['陈思杭', '雷礼', '徐辉']",生态经济,2022-11-02,期刊
东北三省碳排放时空演变多尺度分析——基于DMSP/OLS夜间灯光数据,"['关伟', '李书妹', '许淑婷']",生态经济,2022-11-02,期刊
我国碳排放—经济增长—生态环境三维系统耦合协调时空演化,"['吕靖烨', '李珏']",生态经济,2022-11-02,期刊
辽宁省能源消费碳排放的时空特征,['曾先'],皮革制作与环保科技,2022-10-30,期刊
陶瓷行业碳排放水平与碳减排潜力分析——以某工业园企业为例,['傅芬芳'],皮革制作与环保科技,2022-10-30,期刊
“双碳”目标背景下陕西农业碳排放驱动因素与脱钩效应研究,"['卢东宁', '张雨', '雷世斌']",北方园艺,2022-10-30,期刊
居民家庭消费碳排放核算方法综述,['王莉'],上海船舶运输科学研究所学报,2022-10-30,期刊
我国碳排放权交易市场存在的法律问题及完善建议,['刘英'],西部学刊,2022-10-30,期刊
碳排放权的规范解构与实践反思,['郭楠'],中国地质大学学报(社会科学版),2022-10-27 16:50,期刊
,,,,
海南省旅游交通碳排放驱动机理研究,"['蔡国琴', '王丽娜', '李敏纳', '张秋月', '王奕潼']",能源与环境,2022-10-27,期刊
农业技术进步、农业结构合理化与农业碳排放强度,['范东寿'],统计与决策,2022-10-26 14:54,期刊
中国林产工业嵌入全球价值链对贸易隐含碳排放的影响,"['侯方淼', '裴润田', '刘璨', '张雁筑']",中南林业科技大学学报,2022-10-26 14:19,期刊
完善碳排放定价权机制,['史婧希'],商业观察,2022-10-25,期刊
农业保险对农业碳排放空间效应的影响探究,['王博'],南方农业,2022-10-25,期刊
“双碳”背景下碳排放权的法律属性,['赵星月'],经济研究导刊,2022-10-25,期刊
基于“权额分立”理念的碳排放权性质与相关概念审视,"['曹霞', '郅宇杰']",中国环境管理,2022-10-25,期刊
2022年9月碳排放权交易市场动态,,造纸信息,2022-10-25,期刊
碳排放权交易政策对上市公司企业价值影响的实证研究,"['陈开军', '季鹏飞', '宋莹敏']",当代金融研究,2022-10-25,期刊
税制绿化能够降低碳排放吗？——基于我国省级面板数据的实证分析,"['史明霞', '刘娜']",财政科学,2022-10-25,期刊
科技创新、产业结构升级与碳排放的传导效应——基于半参数空间面板VAR模型,"['叶娟惠', '叶阿忠']",技术经济,2022-10-25,期刊
中国高校碳排放核算与碳中和路径研究——基于2008—2021年数据库的文献分析,"['崔鹏', '周思妤']",中国高校科技,2022-10-25,期刊
无人机低空摄影技术在碳排放监测中的应用,"['魏松泽', '曹玉军', '李林杰', '孙夙', '刘成']",能源与环保,2022-10-25,期刊
安徽农业碳排放与农业经济关系初析,['孙亚敏'],环境科学导刊,2022-10-24,期刊
辽宁省碳排放影响因素及情景预测,"['牛乐', '张丽霞', '郗凤明', '王娇月']",应用生态学报,2022-10-21 17:22,期刊
中国环境规制对旅游业碳排放强度影响的空间异质性,"['李智慧', '王凯', '徐丽萍']",生态学报,2022-10-21 11:19,期刊
农村劳动力外流、农业规模经营与农业碳排放,"['陈宇斌', '王森']",经济与管理,2022-10-20 17:16,期刊
碳排放权价格对能源企业价值的影响研究,"['韩民', '黄文璐']",中国石油大学学报(社会科学版),2022-10-20,期刊
公平与效率双准则下我国区域碳排放权分配研究——基于改进的ZSG-DEA模型,"['刘丙泉', '王月', '孟令奇', '聂博洋', '高政']",中国石油大学学报(社会科学版),2022-10-20,期刊
绿色金融发展是否促进了碳排放效率的提高?——来自中国省际面板数据的实证检验,"['王连', '吴召选']",福建商学院学报,2022-10-20,期刊
,,,,
Q地铁公司碳排放权的会计核算与建议,"['徐晓红', '毛守飞', '王文菁', '梁慧婕', '曹原青青']",财务与会计,2022-10-20,期刊
学习：《关于加快建立统一规范的碳排放统计核算体系实施方案》,,腐植酸,2022-10-20,期刊
碳中和目标下轻型木结构建筑碳排放计算及降碳策略研究,"['蒋柯夫', '杨瑛']",林产工业,2022-10-20,期刊
基于全寿命周期的环氧再生路面碳排放研究,"['刘士南', '王厚植', '张磊', '陈辉民', '杨军']",材料导报,2022-10-17 14:38,期刊
油气田地面工程建设设备安装碳排放优化控制,['仇放'],石油工程建设,2022-10-17,期刊
产业结构合理化对碳排放影响的空间效应,"['孙凌宇', '罗杨帆']",重庆社会科学,2022-10-16,期刊
碳排放权会计核算及财务报告分析——以宝钢股份为例,"['刘瀚斌', '曹泽卉']",新会计,2022-10-15,期刊
我国绿色金融发展与二氧化碳排放研究——基于GMM模型分析,"['陈兵兵', '黄芳蕊', '毛丽莉', '黄劲']",区域金融研究,2022-10-15,期刊
公路隧道建设碳排放量化分析计算及数字化,"['苏征宇', '张帆', '韦逸清', '邓越']",现代隧道技术,2022-10-15,期刊
人口城镇化背景下产业技术创新、结构调整和空间聚集对碳排放的影响研究,"['林桂泉', '王亚楠']",江西农业学报,2022-10-15,期刊
数字普惠金融对区域碳排放强度的影响研究,"['胡本田', '肖雪莹']",大连海事大学学报(社会科学版),2022-10-15,期刊
中国省际服务业碳排放空间网络结构及其驱动因素,"['甘畅', '王凯']",环境科学研究,2022-10-15,期刊
基于LMDI法和Tapio脱钩模型的天津市碳排放分析,"['刘茂辉', '邓小文', '刘胜楠', '李婧', '孙猛']",环境污染与防治,2022-10-15,期刊
碳排放权交易试点阶段企业减排效应研究,"['潘敏', '王晨']",经济纵横,2022-10-15,期刊
基于STIPRAT评估模型的中美碳排放与电力消费相互关系分析,"['胡杰', '于淼', '白慧媛']",中外能源,2022-10-15,期刊
长江经济带城市蔓延对能源碳排放的影响研究——来自夜间灯光的经验证据,"['方时姣', '张柯']",学习与实践,2022-10-15,期刊
基于碳排放测算的高速公路服务区低碳建设策略,"['王新', '李鹏', '阎西康', '李媛', '王丽洁', '王世超']",交通节能与环保,2022-10-15,期刊
基于SBM模型的区域碳排放效率评估研究,"['郭茹', '田博文', '吕爽']",能源环境保护,2022-10-15,期刊
基于文献计量法的碳排放权交易机制减排研究热点与趋势分析,['张修凡'],宝鸡文理学院学报(社会科学版),2022-10-15,期刊
航运绿色化背景下国际航运碳排放交易机制研究,"['郑少华', '王慧']",浙江海洋大学学报(人文科学版),2022-10-15,期刊
,,,,
基于土地利用变化的陕西省县域碳排放时空变化及影响因素研究,"['曹周亮', '张欣蓉', '员学锋', '陈锦鸿']",水土保持通报,2022-10-15,期刊
异质性环境规制对区域碳排放的影响,"['王睿敏', '黄晖']",生产力研究,2022-10-15,期刊
人力资本、技术创新扩散与碳排放——基于广东动态空间杜宾面板模型分析,"['谢长青', '叶林伟', '刘丽辉', '曾思妮']",广东石油化工学院学报,2022-10-15,期刊
基于国土空间规划的碳排放计算框架研究,['胡达天'],武汉职业技术学院学报,2022-10-15,期刊
基于STIRPAT模型的碳排放峰值预测研究——以甘肃省为例,"['李小军', '朱青祥', '漆志强', '王同斌', '张玉洁']",环保科技,2022-10-15,期刊
国内碳排放环境影响评价研究综述,['姚嫚'],皮革制作与环保科技,2022-10-15,期刊
典型钢铁制造流程碳排放及碳中和实施路径,"['张琦', '沈佳林', '籍杨梅']",钢铁,2022-10-14 17:23,期刊
甘肃省农业碳排放效率测算及提升对策研究,"['马爱玲', '王建平', '谈存峰']",国土与自然资源研究,2022-10-14,期刊
我国2030年实现碳达峰路径研究——基于经济、能源、碳排放系统的SD模型,"['杜焱', '胡鑫杨']",资源与产业,2022-10-13 16:37,期刊
基于社会网络分析的京津冀地区碳排放空间关联与碳平衡分区,"['张正峰', '张栋']",中国环境科学,2022-10-11 13:59,期刊
县域尺度下河南省种植业碳排放空间溢出效应及公平性研究,"['谢永浩', '刘争']",地域研究与开发,2022-10-10,期刊
基于夜间灯光数据的长三角地区能源碳排放时空演变及脱钩分析,"['顾倩芸', '李兰英', '杜治峰', '李振阳']",新余学院学报,2022-10-10,期刊
农业碳排放驱动因素——区域间贸易碳排放转移网络视角,"['信猛', '陈菁泉', '彭雪鹏', '师岚', '钱辉']",中国环境科学,2022-10-09 16:14,期刊
能源消费碳排放的影响因素特征及研究展望,"['王正', '樊杰']",地理研究,2022-10-08,期刊
“一带一路”沿线国家FDI的流入加剧了碳排放吗?——基于PSTR模型的经验证据,"['聂莹', '刘清杰', '任德孝']",生态经济,2022-10-08,期刊
城市轨道交通碳排放效率与影响因素研究,"['周琪', '梁肖', '黄俊生', '王海鹏', '毛保华']",交通运输系统工程与信息,2022-10-06 11:01,期刊
办公楼建筑碳排放计算与分析,"['张欢', '贺延壮', '赵晓宇']",智能建筑,2022-10-06,期刊
僵尸企业与低碳转型发展：基于碳排放绩效的视角,"['邵帅', '尹俊雅', '范美婷', '杨莉莉']",数量经济技术经济研究,2022-10-05,期刊
电力碳排放强度的基本概念及其研究进展,"['刘广一', '申彦红', '杨维', '汤亚宸']",供用电,2022-10-05,期刊
园区电力碳排放核算系统,"['汤亚宸', '刘婷婷', '刘广一', '李志宏', '程光影', '杨添麟']",供用电,2022-10-05,期刊
,,,,
城市典型居民社区水能消费碳排放核算与影响评价,"['李阳', '王春艳', '刘毅', '汪自书']",环境工程技术学报,2022-09-30 10:48,期刊
中部地区碳排放时空演变及其影响因素分析,"['赵强', '周月凌', '方潜生', '易明建']",环境科学学报,2022-09-30 09:32,期刊
装配式钢结构住宅建筑全生命期碳排放计算,"['蒋友娣', '王任媛', '郑建敏']",上海节能,2022-09-30,期刊
国际能源价格对我国碳排放权交易价格的影响,['谢明旸'],时代经贸,2022-09-30,期刊
数字经济对中国城市碳排放的影响效应及其作用机制,"['孙文远', '周浩平']",环境经济研究,2022-09-30,期刊
关于碳排放纳入环境影响评价思路探索,"['张艳春', '刘娜', '张心路']",皮革制作与环保科技,2022-09-30,期刊
低碳试点碳排放评价工作的探讨,"['石迈', '刘志刚']",皮革制作与环保科技,2022-09-30,期刊
环境规制影响碳排放效率的外部性及异质性——基于生产性服务业集聚协同的分析,"['江三良', '鹿才保']",华东经济管理,2022-09-28 10:58,期刊
黑龙江省耕地利用转型碳排放的时空分异特征与影响因素,"['赵映慧', '王子彤', '詹汶羲', '盖兆雪']",西南农业学报,2022-09-27 10:48,期刊
城镇居民食物消费碳排放分析——以长江中游省会城市为例,"['王智鹏', '李亚丽', '黄和平']",生态经济,2022-09-27,期刊
FDI对我国二氧化碳排放的影响——基于空间杜宾和多重门槛模型的实证研究,"['胡本田', '邵俊琪']",天津商业大学学报,2022-09-25,期刊
数字经济对我国碳排放的影响研究,"['张争妍', '李豫新']",财经理论与实践,2022-09-25,期刊
“一带一路”沿线省域旅游交通碳排放时空差异及驱动因素研究,"['郭伟', '周海霞', '张鹏飞']",燕山大学学报(哲学社会科学版),2022-09-25,期刊
环境规制对碳排放的影响——基于中国省级面板数据的空间计量研究,['刘文贺'],投资与创业,2022-09-25,期刊
北京市能源碳排放影响因素分解分析,"['薛悦鑫', '谢静超', '怀超平', '李航', '刘加平']",建筑节能(中英文),2022-09-25,期刊
2000-2016年陕南地区种植业碳排放特征及与农业发展的关系,"['陈炜', '刘妞', '吴蔚晨冕']",宝鸡文理学院学报(自然科学版),2022-09-25,期刊
DMSP/OLS夜光数据的珠三角碳排放时空差异性分析,"['王艳军', '王孟杰', '柳林', '李少春', '林云浩']",遥感学报,2022-09-25,期刊
基于碳物质流分析的民航碳排放评估方法,"['李舒', '张伟业', '汪坤']",民航学报,2022-09-25,期刊
江苏省交通运输、仓储及邮政业碳排放驱动因素研究——基于LMDI和Tapio脱钩模型的双视角分析,"['王春园', '雷思友']",江苏工程职业技术学院学报,2022-09-25,期刊
责任和收益匹配原则下中国省域碳排放责任共担方案优化,"['杨军', '杨泽', '丛建辉', '张雅茜']",资源科学,2022-09-25,期刊
,,,,
正规信贷对农村家庭消费隐含碳排放的影响效应分析——来自中国农村家庭追踪调查数据的证据,"['贾晋', '温虎', '张齐圣']",农村经济,2022-09-25,期刊
国内碳排放权分配正义:一种有利于共同富裕的制度设计,['陈鹏'],西华师范大学学报(哲学社会科学版),2022-09-23 11:40,期刊
我国纺织服装行业碳排放影响因素及达峰预测,"['师佳', '宁俊']",北京服装学院学报(自然科学版),2022-09-22,期刊
碳排放权价格关键影响因素动态响应研究,"['张哲', '付蓉', '高卫恒']",工程经济,2022-09-20,期刊
“一带一路”省域碳排放效率及驱动因素研究,"['尹妮妮', '王川川', '闫鹏程']",煤炭工程,2022-09-20,期刊
碳排放权出资的适法证成与制度建构,['孙博'],黑龙江生态工程职业学院学报,2022-09-20,期刊
社区碳排放计算方法探讨及案例分析,"['李芳', '宋亚杉', '周亿冰']",绿色建筑,2022-09-20,期刊
加快建立统一规范的碳排放统计核算体系,,中国氯碱,2022-09-20,期刊
碳排放强度对居民消费价格指数的影响研究,"['李博英', '王璇子']",统计与信息论坛,2022-09-19 14:20,期刊
碳排放权交易的会计处理探析,['张戈'],全国流通经济,2022-09-18,期刊
基于演化博弈视角的环境正义下重工业区工业碳排放治理机制,"['王越', '曾先']",应用生态学报,2022-09-16 12:39,期刊
数字经济发展、产业结构升级与城市碳排放,"['葛立宇', '莫龙炯', '黄念兵']",现代财经(天津财经大学学报),2022-09-16 11:43,期刊
长三角城市群能源碳排放空间关联及其影响因素研究,"['王彩娟', '季顺伟', '任丽燕']",上海国土资源,2022-09-15,期刊
全国碳排放权交易市场的启动对企业价值的影响——基于理论分析和实证研究,['侯翠凤'],武汉金融,2022-09-15,期刊
区域金融发展与二氧化碳排放：促进或抑制？——基于SDM模型的实证分析,"['张瑞锋', '刘帅']",武汉金融,2022-09-15,期刊
基于电力高频数据的碳排放测算研究——以青海省为例,['韩良煜'],技术与市场,2022-09-15,期刊
城镇化影响碳排放的研究进展,"['徐俊武', '陈钊雄']",湖北经济学院学报,2022-09-15,期刊
全国碳排放及基于K-means聚类算法的省级碳排放研究,"['张忠华', '王智超', '胡杰']",中外能源,2022-09-15,期刊
中国数字经济碳排放：总量测算与趋势展望,"['渠慎宁', '史丹', '杨丹辉']",中国人口·资源与环境,2022-09-15,期刊
基于STIRPAT模型的河南省建筑碳排放影响因素分析,"['张果瑞', '白蕾']",济源职业技术学院学报,2022-09-15,期刊
,,,,
二氧化碳排放、技术进步与经济增长——基于联立方程模型的分析,"['孙凌宇', '罗杨帆']",创新科技,2022-09-15,期刊
基于全生命周期评价法的雄安新区某木混结构建筑碳排放及其减碳效果研究,"['李瑜', '梅诗意', '孟鑫淼', '秦亦可', '张鹏', '高颖']",木材科学与技术,2022-09-15,期刊
碳排放与环境影响评价制度研究综述,"['李莎', '蔡阳波', '刘娜']",皮革制作与环保科技,2022-09-15,期刊
碳排放权交易对企业碳减排的效应——基于中国上市公司数据的准自然实验方法分析,"['方兰', '汤鹤延']",陕西师范大学学报(哲学社会科学版),2022-09-15,期刊
中国环境规制对旅游业碳排放绩效的影响,"['王凯', '刘依飞', '甘畅']",中国生态旅游,2022-09-14 15:25,期刊
交通基础设施、产业结构与农业碳排放,"['刘昕禹', '杨明洪', '吴晓婷']",云南财经大学学报,2022-09-13,期刊
节能监察数据用于水泥行业碳排放核算可行性的探讨,"['杨宏兵', '叶萌', '王兴鹏']",水泥,2022-09-10,期刊
基于交叉DEA的长江经济带农用地利用碳排放效率及影响因素研究,"['李伊涵', '李春华', '杨承楷']",现代农业科技,2022-09-10,期刊
中国试点地区碳排放权交易对大气污染治理绩效的影响研究,"['张节', '简义龙']",湖北农业科学,2022-09-10,期刊
政治经济学视角下碳排放权交易市场运行机制探究,['张楠'],理论月刊,2022-09-10,期刊
沿黄流域碳排放与经济高质量发展研究,['高博'],中国市场,2022-09-08,期刊
基于联合均值与方差模型的碳排放权影响因素分析,"['董洋', '王丹璐', '刘俊伯', '吴刘仓']",生态经济,2022-09-07,期刊
中国居民消费碳排放的统计测算,['周海燕'],企业经济,2022-09-06 15:02,期刊
新发展理念驱动下绿色创新对碳排放的影响及其机制研究——基于连续型双重差分的经验证据,"['陈宇斌', '王森', '陆杉']",经济与管理研究,2022-09-06,期刊
数字经济、产业结构升级与碳排放,"['谢文倩', '高康', '余家凤']",统计与决策,2022-09-05 15:39,期刊
长江经济带碳排放效率：测度与分析,"['王诚', '王晓娟']",统计与决策,2022-09-05 10:56,期刊
碳中和背景下我国重污染行业碳排放效率的溢出效应研究,"['杨友才', '牛晓童']",山东大学学报(哲学社会科学版),2022-09-05 09:25,期刊
公务用车碳排放管理探索,['臧晓良'],交通节能与环保,2022-09-05 09:08,期刊
我国省域碳排放绩效差异及影响因素研究——基于非期望产出的SBM模型及Malmquist指数分解,['陈燕和'],海南金融,2022-09-05,期刊
中国建筑业碳排放时空演变特征分析,"['汪振双', '覃飞']",工程管理学报,2022-09-01 16:11,期刊
,,,,
中国省域生态文明建设对旅游业碳排放强度的空间溢出效应,"['王凯', '易能静', '甘畅']",中南林业科技大学学报(社会科学版),2022-09-01 09:03,期刊
数字金融发展对二氧化碳排放增减叠加效应的理论分析与实证检验,"['廖珍珍', '茹少峰']",经济问题探索,2022-09-01,期刊
人口集聚与碳排放：基于空间溢出效应视角的经验考察,"['孙猛', '费不凡']",人口学刊,2022-09-01,期刊
人口老龄化对家庭碳排放的影响路径研究,"['陈英姿', '胡亚琪']",人口学刊,2022-09-01,期刊
家庭碳排放及其影响因素研究——基于家庭生命周期视角的实证分析,['孙悦'],人口学刊,2022-09-01,期刊
考虑碳排放因素的汽油调合在线优化,"['何仁初', '张朝晖', '杨明磊', '王聪', '奚桢浩']",化工学报,2022-08-31 08:54,期刊
农业碳排放研究:空间格局、脱钩效应及驱动因素——以浙江省为例,"['方苗', '贺义雄', '余晓洋']",资源开发与市场,2022-08-30 10:22,期刊
碳排放权交易试点对区域能源消费结构优化的影响,"['毛莹', '屈梦杰', '曾利珍']",能源与环境,2022-08-30,期刊
加快建立统一规范的碳排放统计核算体系  稳步夯实碳达峰碳中和数据基础——《关于加快建立统一规范的碳排放统计核算体系实施方案》解读一,['任献光'],中国产经,2022-08-30,期刊
广东省石化行业碳排放环境影响评价分析,['邓建福'],绿色科技,2022-08-30,期刊
建筑全过程的碳排放预测——以山西省某新建公共建筑为例,"['付俊华', '武艳丽', '梁征', '王飞', '林方']",建设科技,2022-08-30,期刊
全生命周期理念下的建筑碳排放测算方法,['杨勇'],北方建筑,2022-08-29,期刊
国家发改委等三部门印发《关于加快建立统一规范的碳排放统计核算体系实施方案》提供坚实的数据支撑与基础保障,,中国有色冶金,2022-08-28,期刊
“双碳”目标下中国化工行业碳排放权分配研究,"['廖志高', '阮梦颖']",广西职业技术学院学报,2022-08-28,期刊
产业关联视角下中国住宿业碳排放结构路径研究,"['贺腊梅', '查建平', '陈淄涵', '马思琦']",中国生态旅游,2022-08-28,期刊
绿色产业or黑色产业：旅游业碳排放统计边界的反思与重构,"['明庆忠', '常易']",中国生态旅游,2022-08-28,期刊
我国农业碳排放现状、问题与对策,"['王辰璇', '陈莉']",嘉应学院学报,2022-08-28,期刊
基于电网全过程链的变压器碳排放测算与评价研究框架及应用展望,"['鲁非', '张露', '卢仰泽', '黄泽琦']",湖北电力,2022-08-28,期刊
跨区域碳排放协同治理机制与政策设计——基于长三角一体化的案例分析,"['董玮', '祝婉贞', '秦国伟']",华东经济管理,2022-08-26 11:32,期刊
绿色投资、外商投资与二氧化碳排放——基于动态面板系统GMM与门槛效应分析,"['程思进', '任晓聪']",技术经济与管理研究,2022-08-26,期刊
,,,,
长江中游城市群碳排放强度与经济高质量发展耦合协调的时空演变及驱动因素,"['邝嫦娥', '李文意', '黄小丝']",经济地理,2022-08-26,期刊
黄土高原典型县域碳排放特征与时空格局——以庆城县为例,"['龙志', '孙颖琦', '郎丽霞', '陈兴鹏', '张子龙', '庞家幸']",干旱区研究,2022-08-25 17:35,期刊
稀土耐磨钢全生命周期碳排放及减碳路径分析,"['曹晓明', '班华', '袁晓鸣', '忠诚', '孙佳政']",包钢科技,2022-08-25,期刊
碳中和背景下完善我国碳排放核算体系的思考,['陈芳'],节能与环保,2022-08-25,期刊
我国碳排放权会计处理问题研究,['也尔森·也尔肯'],企业改革与管理,2022-08-25,期刊
粤港澳大湾区碳排放权交易制度的挑战及应对,"['李莉莎', '谭秋兰']",金融理论与教学,2022-08-25,期刊
“一带一路”沿线国家财政政策与碳排放的关系研究,['徐铖'],工信财经科技,2022-08-25,期刊
中国区域碳排放的影响因素及其空间溢出效应分析,"['查道中', '祁鹏']",淮北师范大学学报(哲学社会科学版),2022-08-25,期刊
南京地区办公建筑全生命周期碳排放测算,['张华娣'],建筑热能通风空调,2022-08-25,期刊
土地利用碳排放及低碳优化研究进展与趋势展望,"['易丹', '欧名豪', '郭杰', '韩逸', '易家林', '丁冠乔', '吴文俊']",资源科学,2022-08-25,期刊
基于排放系数法的校园碳排放核算,"['何东颖', '李翀潇', '覃福雨', '郑文亨']",西安工程大学学报,2022-08-24,期刊
不同出口贸易方式对碳排放增长影响的差异性研究,"['李永波', '阴俊宇']",中国石油大学学报(社会科学版),2022-08-20,期刊
电解铝行业碳排放现状和趋势分析,"['王旋', '许立松']",有色冶金节能,2022-08-20,期刊
基于结构分解的碳排放驱动因素及行业影响分析——以广东为例,"['张聪', '汪鹏', '赵黛青', '林泽伟', '董耿林']",科技管理研究,2022-08-20,期刊
双碳背景下广西食品行业碳排放分析及路径研究,"['刘演景', '黄春兰', '唐华臣', '龚俊铭', '朱婧']",食品工业,2022-08-20,期刊
绿色技术创新对碳排放绩效的影响研究——以东北地区为例,"['胡习习', '石薛桥']",湖北农业科学,2022-08-19 15:15,期刊
碳达峰背景下广东省班线客运企业二氧化碳排放核算方法研究,['孙志超'],交通节能与环保,2022-08-18 14:10,期刊
电热耦合系统全流程碳排放计量技术,"['袁加梅', '尤佳', '周永刚', '韩博韬', '丁建顺', '宋颖冬']",电测与仪表,2022-08-18 09:46,期刊
绿色金融对碳排放的影响研究——基于可调节的中介效应,"['余一枫', '刘慧宏']",科技与经济,2022-08-16 14:47,期刊
我国耕地碳排放时空特征与影响因素,"['徐玥', '王辉', '韩秋凤', '姜念念', '温丹丹']",江苏农业科学,2022-08-16,期刊
,,,,
甘肃省2010—2019年碳排放核算与碳中和能力分析,"['杨斌', '吴明艳', '刘鹏', '马啸宙']",环境生态学,2022-08-15,期刊
“双碳”目标下我国碳排放权交易会计的发展研究,"['杨博', '蔡兰英']",中国注册会计师,2022-08-15,期刊
我国碳排放权会计处理的相关思考,['党华'],中国乡镇企业会计,2022-08-15,期刊
制造业集聚背景下区域碳排放时空格局演变——以浙江省为例,['刘婕'],生产力研究,2022-08-15,期刊
基于EKC检验及Tapio模型的建设用地规模和碳排放耦合关系研究——以天津市为例,"['常青', '蔡为民']",农业与技术,2022-08-15,期刊
上海超低能耗建筑技术实践与LCA碳排放分析,"['汤民', '李峥嵘']",建设科技,2022-08-15,期刊
关于不同制粉工艺面粉生产碳排放的探讨,"['陈璐', '张麦琪', '李生龙', '朱晓月']",现代面粉工业,2022-08-15,期刊
广西地区土地利用与碳排放关联研究,"['曹丹娜', '杨小雄', '黎虹鑫', '唐令东']",绿色科技,2022-08-15,期刊
基于CiteSpace的中国土地利用碳排放知识图谱分析,"['王海宁', '陕永杰', '梁珏', '裴桐']",绿色科技,2022-08-15,期刊
中国三大城市群公路货运碳排放时空特征分析——基于NPP-VIIRS数据的研究,"['吕倩', '王涛']",北京信息科技大学学报(自然科学版),2022-08-15,期刊
基于LMDI模型的黄河流域碳排放时空差异及影响因素研究,"['陈锋', '张晶', '任娇', '向燕芸', '李倩']",地球环境学报,2022-08-15,期刊
山西省县域碳排放时空格局及影响因素分析,"['赵文婷', '罗淑贞', '原晓红', '张强', '杨方社', '刘跃廷', '谢文豪']",环境科学与技术,2022-08-15,期刊
基于VAR模型的广东省土地利用碳排放影响因素研究,"['张余', '姜博', '赵映慧']",福建农业学报,2022-08-15,期刊
生产率视角下碳排放对粮食经济增长的影响因素研究,['徐启凤'],江西农业学报,2022-08-15,期刊
建筑领域碳排放核算研究综述,"['赵民', '王思雨', '康维斌', '李杨', '孟祥兆']",暖通空调,2022-08-12 14:14,期刊
交通隧道工程碳排放核算及研究进展分析,"['郭春', '郭亚林', '陈政']",现代隧道技术,2022-08-12 12:04,期刊
上海市建筑碳排放核算研究,"['黄蓓佳', '崔航', '宋嘉玲', '俞海勇']",上海理工大学学报,2022-08-11 18:03,期刊
城市交通碳排放趋势与减排对策研究——以上海市为例,"['史丹', '叶云岭']",现代管理科学,2022-08-10,期刊
双碳背景下企业碳排放权会计核算问题研究,"['张丽宏', '邢晓昀']",质量与市场,2022-08-10,期刊
东北三省土地利用碳排放时空格局及影响因素研究,"['张余', '姜博', '赵映慧', '赵毅', '邹铁安', '薛睿']",地域研究与开发,2022-08-10,期刊
,,,,
黄河流域碳排放效率的区域差异、收敛性及影响因素,"['宋敏', '邹素娟']",人民黄河,2022-08-10,期刊
整体装配式混凝土住宅建筑全生命期碳排放研究,"['钟春玲', '蔡笑天']",砖瓦,2022-08-10,期刊
黄河流域碳排放权省域分配及碳减排潜力评估——基于2030年碳强度目标,"['宋敏', '邹素娟']",科技管理研究,2022-08-10,期刊
建筑业碳排放研究的知识图谱可视化分析,"['魏好如意', '陈艳', '李龙', '汪竹英']",河南工业大学学报(社会科学版),2022-08-10,期刊
空间互动视角下的土地集约利用碳排放效应分析,"['张苗', '彭山桂', '刘璇']",资源开发与市场,2022-08-08 08:40,期刊
农业农村碳排放及其与现代化水平的关系——基于江苏省的实证分析,"['曹明霞', '高珊', '李丹']",安徽农业科学,2022-08-08,期刊
“双碳”目标愿景下我国碳排放交易市场的法律规制研究,"['王海晶', '王亚萍']",社会科学动态,2022-08-08,期刊
碳达峰碳中和背景下中国物流业碳排放影响因素研究,['樊琳梓'],供应链管理,2022-08-08,期刊
面向碳达峰的电力行业碳排放交易与可持续发展,"['姚明', '邬靖', '李林耘']",电器工业,2022-08-05,期刊
中国省域碳排放特征与碳减排路径研究,"['曹俊文', '张钰玲']",生态经济,2022-08-05,期刊
基于全寿命期理论的绿色建筑碳排放研究,"['王清勤', '孟冲', '朱荣鑫', '李嘉耘']",当代建筑,2022-08-05,期刊
碳排放权交易能否助力实现“双碳”目标？——来自能源供给侧与消费侧的异质性证据,"['邵帅', '徐乐', '章绍一']",兰州大学学报(社会科学版),2022-08-02 16:07,期刊
湖北省交通运输业碳排放测算及影响因素分解,"['刘妍慧', '栗洋']",统计与决策,2022-08-02 15:52,期刊
碳排放权交易促进地区产业结构优化升级了吗?,"['刘满凤', '程思佳']",管理评论,2022-07-31,期刊
空间视角下金融创新、产业结构升级与碳排放的关系研究,"['杨筱茜', '蔡林美', '张金锁']",西安科技大学学报,2022-07-31,期刊
上海市能源消费碳排放因子分解分析,['常先林'],上海节能,2022-07-31,期刊
基于4E平衡的碳排放因素分解与峰值预测方法,"['吉兴全', '赵国航', '于一潇', '张玉敏', '杨明', '张旋']",高电压技术,2022-07-31,期刊
碳排放强度与能耗强度线性关系研究,"['葛斌', '王军霞', '陈乾坤']",环境监控与预警,2022-07-30,期刊
交通运输业不同方式碳排放因子水平比较研究,"['吴雪妍', '毛保华', '周琪', '黄俊生', '童瑞咏']",华东交通大学学报,2022-07-28 09:01,期刊
双碳政策下碳排放与经济增长脱钩关系研究——基于安徽、江苏和浙江地级市的经验证据,"['沈旺', '江争红']",煤炭经济研究,2022-07-28,期刊
,,,,
“双碳”目标下闽三角碳排放脱钩状态及驱动机制分析,"['侯丽朋', '王琳', '钱瑶', '唐立娜']",生态学报,2022-07-27 12:29,期刊
碳排放权交易政策试点与能源环境效率——来自中国287个地级市的实证检验,"['刘海英', '郭文琪']",西安交通大学学报(社会科学版),2022-07-27 08:40,期刊
综合交通运输系统碳排放预测的不确定性分析,"['张晔', '宋国华', '尹航', '徐双亿', '张泽禹']",交通运输工程与信息学报,2022-07-26 15:41,期刊
我国华东地区污染土壤异位热脱附修复碳排放及减排策略,"['刘爽', '陈盼', '宋慧敏', '陈恺', '李慧', '王飞坤', '李沛烨', '佟星睿']",环境工程学报,2022-7-26 9:23,期刊
中国对外贸易隐含碳排放及省际转移研究——基于环境投入产出模型的分析框架,"['兰天', '韩玉晶']",中南大学学报(社会科学版),2022-07-26,期刊
低碳经济下碳排放权的会计处理研究,['孔德怡'],国际商务财会,2022-07-25,期刊
我国城市碳排放核算：国际统计标准测度与方法构建,"['徐丽笑', '王亚菲']",统计研究,2022-07-25,期刊
碳排放权证券化路径研究——基础资产和交易结构的视角,"['幸丽霞', '王雅炯']",经济体制改革,2022-07-25,期刊
合肥市农业生产碳排放脱钩分析及峰值预测,"['刘鹏凌', '黄靖辉', '叶露放', '李想']",安徽农业大学学报(社会科学版),2022-07-25,期刊
长江三角洲一体化区域扩容对城市碳排放强度的影响评估与机制,"['闫东升', '孙伟']",资源科学,2022-07-25,期刊
长三角城市群碳排放强度的空间效应及影响因素——基于产业转移视角,"['朱泳丽', '丁利杰']",资源科学,2022-07-25,期刊
中国工业碳排放驱动因素及其脱钩效应——基于时变参数C-D生产函数的分解和测算,"['袁伟彦', '方柳莉', '罗明']",资源科学,2022-07-25,期刊
中国工业碳排放绩效时空特征及技术创新影响机制,"['张悦', '王晶晶', '程钰']",资源科学,2022-07-25,期刊
环鄱阳湖县域新型城镇化对碳排放强度的空间溢出效应,"['李硕硕', '刘耀彬', '骆康']",资源科学,2022-07-25,期刊
中国八大经济区碳排放驱动因素研究——基于时空技术异质性视角,"['丁涛', '杨洁', '宋平凡']",软科学,2022-07-22 13:58,期刊
中国土地利用碳排放变化及协调分区,"['李缘缘', '魏伟', '周俊菊', '郝瑞军', '陈帝伯']",环境科学,2022-07-21 14:41,期刊
碳达峰背景下中国农业碳排放测算及其时空动态演变,"['黄晓慧', '杨飞']",江苏农业科学,2022-07-20,期刊
电炉熔制法岩棉工厂碳排放与减排技术研究,"['胡细来', '张宝华', '杨旭', '郝宁', '张曼']",混凝土世界,2022-07-20,期刊
面向碳中和的汽车行业碳排放核算,"['张庭婷', '梁晓静', '吕强', '余浩', '谢晓敏']",汽车工程学报,2022-07-20,期刊
不同类型资本偏向性技术进步对碳排放效率的影响,"['岳立', '韩亮']",科技管理研究,2022-07-20,期刊
,,,,
长江经济带物流业碳排放的脱钩及影响因素研究,"['庞欣玥', '仲云云']",物流科技,2022-07-20,期刊
能源碳排放的空间估算研究进展,"['孔潇扬', '李琦']",测绘科学,2022-07-19 16:40,期刊
生命周期天然气与汽油乘用车碳排放对比研究,"['张德福', '邹博文', '乐中耀', '兰楠', '李静波', '陈万应']",中国汽车,2022-07-19,期刊
中国重型货车全生命周期碳排放及减排潜力研究,"['刘焕然', '张妍', '孙锌', '张红杰', '赵明楠', '徐树杰']",中国汽车,2022-07-19,期刊
能耗“双控”向碳排放“双控”转变的实施路径研究,"['谢典', '高亚静', '芦新波', '刘天阳', '赵良', '赵勇']",综合智慧能源,2022-07-19,期刊
重工业城市建筑业碳排放核算与预测研究,"['魏光普', '康瑜', '范浩文', '于晓燕', '马明']",生态经济,2022-07-15 16:05,期刊
异质性环境税收、税制功能偏差与城市建设用地碳排放生态效率,"['钟成林', '陈紫燕', '胡雪萍']",税务与经济,2022-07-15,期刊
基于土地利用变化的广西碳排放时空差异分析,"['梁博', '杨小雄']",南方自然资源,2022-07-15,期刊
关于金融机构碳排放核算难点问题的思考,['陈晋'],绿色财会,2022-07-15,期刊
金融视角下碳排放权价格波动的多因素研究——以湖北省为例,"['江世银', '姜俞', '魏建华', '王越']",武汉金融,2022-07-15,期刊
甘肃省农村金融对农业碳排放的影响,"['马晶', '陈强强']",生产力研究,2022-07-15,期刊
结构视域下自主技术创新对工业碳排放的影响及趋势预测,"['刘朝', '王梓林', '原慈佳']",中国人口·资源与环境,2022-07-15,期刊
农业碳排放的测度与脱钩弹性研究——以贵州省为例,"['张再杰', '陆品妮']",农村经济与科技,2022-07-15,期刊
东北地区城市土地利用碳排放效应研究,"['张余', '姜博', '赵映慧', '赵毅']",环境科学与技术,2022-07-15,期刊
生态文明先行示范区建设对碳排放强度的影响,"['汪克亮', '许如玉', '张福琴', '苗壮']",中国人口·资源与环境,2022-07-15,期刊
造纸行业碳排放研究现状及发展趋势可视化分析,"['何旭丹', '李永智', '贾学桦', '张亮', '王焕松', '程言君']",中国造纸,2022-07-15,期刊
碳排放权交易会计处理研究——基于各方专业机构意见比较分析,"['陶舒娅', '罗丹雨', '刘书余']",新会计,2022-07-15,期刊
碳排放权交易对物价的影响,"['谢羚眉', '王成']",环境保护与循环经济,2022-07-15,期刊
人工智能技术对碳排放的影响,"['薛飞', '刘家旗', '付雅梅']",科技进步与对策,2022-07-13 12:10,期刊
基于区块链的碳排放审计流程优化研究,"['吴花平', '刘自豪']",中国注册会计师,2022-07-13,期刊
,,,,
碳排放权资产确认与计量争议及改进——以煤电企业为例,"['于方芳', '曾玉林', '朱玉玺']",财会研究,2022-07-12,期刊
低碳试点政策是否提高了城市碳排放效率——基于低碳试点城市的准自然实验研究,"['郭沛', '梁栋']",自然资源学报,2022-07-12,期刊
碳排放会计处理研究——以R发电厂为例,['常姗'],老字号品牌营销,2022-07-10,期刊
碳中和趋势下产业集聚对物流业碳排放水平的作用机制,['杨川'],商业经济研究,2022-07-10,期刊
我国物流企业碳排放管理体系建设研究,"['刘然', '刘哲', '赵洁玉', '崔丹丹', '蒋浩', '岳高']",物流技术与应用,2022-07-10,期刊
基于文献计量的国内外碳排放权交易研究现状分析,"['李涛', '宋志成', '石梦舒', '马裕泽']",科技管理研究,2022-07-10,期刊
清洁生产补贴、收入分配失衡与碳排放权再分配机制研究,"['范庆泉', '刘净然', '王竞达']",世界经济,2022-07-10,期刊
宁夏碳排放影响因素与碳达峰预测,"['李俊杰', '刘湘']",中南民族大学学报(人文社会科学版),2022-07-10,期刊
农村金融发展对农业碳排放影响研究——以河南省17个省辖市为例,"['徐文成', '毛彦军', '屈小爽']",征信,2022-07-08 16:53,期刊
中国能源消费碳排放的空间化与时空动态,"['郝瑞军', '魏伟', '刘春芳', '颉斌斌', '杜海波']",环境科学,2022-07-08 08:43,期刊
基于IPCC清单编制法的碳排放现状分析,"['代丽娟', '马琼', '侯玉龙']",中国市场,2022-07-08,期刊
就地热再生沥青路面建设期能耗与碳排放分析,"['陈宇亮', '黄毅', '彭孝南', '王宏祥']",长安大学学报(自然科学版),2022-07-07 17:21,期刊
装配式建筑施工阶段碳排放测算研究,"['谢婉君', '李晓娟', '杨婷', '林金错', '黄身州', '徐礼盛']",工程管理学报,2022-07-05 10:06,期刊
数字金融发展与碳排放关系探究——基于低碳技术创新视角,"['舒龙龙', '施若']",商业经济,2022-07-05,期刊
基于地理探测器的中国碳排放时空分布特征及驱动因素研究,"['田娟娟', '张金锁']",生态经济,2022-07-05,期刊
考虑碳排放的综合能源系统储能优化配置研究,"['李剑锋', '郝晓光', '曾四鸣', '陈泽西', '蒋思宇', '张德隆', '李美成', '马瑞']",中国测试,2022-07-04 12:06,期刊
多维视角家庭碳排放驱动因素及脱钩效应分析——以陕西省为例,"['尚梅', '张风斌', '胡振']",数学的实践与认识,2022-07-04 09:26,期刊
碳排放监测预警体系研究——基于中国省级相关数据的分析,"['韩少秀', '朱美峰', '刘慧洁', '宋迎昌']",生态经济,2022-07-04,期刊
外国直接投资、政府治理与碳排放——来自中国-东盟自由贸易区10个国家的证据,"['盛妮', '谭宓']",生态经济,2022-07-04,期刊
甘肃省行业碳排放影响因素及脱钩努力研究,"['吴茜', '陈强强']",干旱区地理,2022-07-01 10:24,期刊
,,,,
中国碳排放权交易市场:成效、现实与策略,['陈星星'],东南学术,2022-07-01,期刊
异质性劳动力集聚对区域碳排放的影响研究,"['赫永达', '林伯强']",人口学刊,2022-07-01,期刊
京津冀地区碳排放效率的空间关联网络研究,"['李婷', '郭慧龙']",河北环境工程学院学报,2022-06-30 19:34,期刊
江苏省碳排放影响因素及脱钩弹性研究——基于LMDI和Tapio脱钩模型视角,"['杨钊', '曹广喜']",江西理工大学学报,2022-06-30,期刊
国内外建筑业碳排放的研究评述——基于Citespace的计量分析,"['吕雨彤', '祝连波', '林家南', '黄一雷']",上海节能,2022-06-29,期刊
江西省碳排放效率测度及影响因素研析,['林峰'],现代企业,2022-06-29,期刊
碳排放核算与碳绩效评价——以“范围三”为研究对象,"['谈多娇', '胡志鹏']",财会月刊,2022-06-28 08:44,期刊
长江经济带旅游业碳排放强度的时空演变及其影响因素,"['伍卓', '林宣任']",南华大学学报(社会科学版),2022-06-28,期刊
碳达峰、碳中和目标下碳排放权的权利构造与应然理路,['杨博文'],河海大学学报(哲学社会科学版),2022-06-25,期刊
基于DEA模型的安徽省农业碳排放效率测算及分析,"['王苗苗', '徐子悦']",宝鸡文理学院学报(自然科学版),2022-06-25,期刊
基于三阶段SM-DEA-Malmquist指数的长江经济带碳排放效率研究,"['李根忠', '朱洪亮']",运筹与管理,2022-06-25,期刊
绿色建筑全生命周期碳排放计算实践与探讨——以重庆市设计院建研楼工程为例,"['蒋超', '谢崇实', '黎昆']",重庆建筑,2022-06-25,期刊
碳排放数据质量问题及提升建议,"['龙迪', '范丹婷', 'Huw Slater', '田丹宇', '解瑞丽', '阳平坚']",环境保护,2022-06-25,期刊
黄河流域城市群金融集聚对碳排放影响效应研究,['袁方'],西部金融,2022-06-25,期刊
我国省域消费侧碳排放责任分配的再测算——基于责任共担和技术补偿的视角,['王文治'],统计研究,2022-06-25,期刊
我国畜禽养殖业碳排放研究进展,"['翟郧秋', '张芊芊', '刘芳', '应光国', '柳王荣']",华南师范大学学报(自然科学版),2022-06-25,期刊
城市客运交通规划的碳排放估算方法,"['金昱', '苏红娟']",交通运输研究,2022-06-25,期刊
我国公路交通网碳排放监测体系构建关键问题与应对思考,"['杨飞', '王嘉鑫', '田红', '周涛']",交通运输研究,2022-06-25,期刊
中国机动车碳排放估算的研究进展,"['滕文焘', '张芊芊', '刘芳', '应光国']",华南师范大学学报(自然科学版),2022-06-25,期刊
我国碳排放权交易市场税收政策研究,"['郝宝爱', '白金梅']",山西财政税务专科学校学报,2022-06-25,期刊
,,,,
经济政策不确定性对中国碳排放的对称与非对称影响,"['刘妍', '赵晶', '李晨']",资源科学,2022-06-25,期刊
公共机构实施碳排放定额管理基础与展望,['邹圣锋'],中国能源,2022-06-25,期刊
黄河流域省区隐含碳排放及其碳转移研究,"['康彦霞', '马忠']",资源开发与市场,2022-06-24 16:21,期刊
基于LMDI分解的中国制造业碳排放驱动因素分析,"['刘小丽', '王永利']",统计与决策,2022-06-24 09:06,期刊
产业结构升级对分部门碳排放的时变影响,"['陈雪梅', '周斌']",技术经济与管理研究,2022-06-24,期刊
基于实时监测的燃煤机组碳排放特性研究,"['刘科', '杨兴森', '王太', '董信光', '张利孟', '张绪辉', '袁森', '辛刚', '高嵩']",热力发电,2022-06-23 09:37,期刊
基于夜间灯光数据整合的县级尺度碳排放时空格局演变研究——以哈长城市群为例,"['赵乘锐', '李鑫', '张鹏', '张栩嘉']",大众标准化,2022-06-23,期刊
石化项目碳排放环境影响评价问题与建议——以某PTA项目为例,"['刘诗成', '何玉川']",广东化工,2022-06-23,期刊
铁路运营期碳排放特征及减排路径思考,"['任南琪', '许志成', '鲁垠涛', '姚宏']",铁道标准设计,2022-06-22 15:38,期刊
数字经济、绿色技术创新与碳排放——来自中国城市层面的经验证据,"['郭丰', '杨上广', '任毅']",陕西师范大学学报(哲学社会科学版),2022-06-22 09:23,期刊
绿色信贷对碳排放的影响研究——基于PSTR模型和SDM模型的实证分析,"['王金涛', '黄恒']",当代经济管理,2022-06-21 17:07,期刊
西部地区县域碳排放核算及主体功能区解析——以四川省为例,"['王正', '周侃', '樊杰']",生态学报,2022-06-21 11:47,期刊
污染土壤稳定化碳排放计算方法及案例研究,"['周实际', '孙慧洋', '李颖臻', '袁航', '冯亚松', '杨玉玲', '杜延军']",中国环境科学,2022-6-21 11:02,期刊
辽中南城市群城市扩张及其碳排放效应,"['邢梓涵', '李晓燕', '石振宇', '古丽娜尔·索尔达汗', '吴海涛']",自然资源遥感,2022-06-20 10:36,期刊
碳排放权交易的碳减排效应——基于长江经济带的分析,"['屈梦杰', '毛莹', '张三丰', '刘映']",河北金融,2022-06-20,期刊
碳中和背景下企业碳排放信息披露问题及对策,['高明华'],财经界,2022-06-20,期刊
工业企业技术创新与碳排放效率耦合协调时空分异及响应研究,"['冯俊华', '韩美', '郑广文', '薛俭']",管理现代化,2022-06-20,期刊
核岛暖通系统设计阶段的运行碳排放分析,['杨莉'],暖通空调,2022-06-16,期刊
基于“三线一单”生态环境分区管控体系的碳排放管控探索与实践：以三亚市为例,"['张晰月', '杨莉', '吕春英', '汪自书', '常照其']",环境与可持续发展,2022-06-16,期刊
低碳经济视域下碳排放权交易的会计探究,['王微'],湖北开放职业学院学报,2022-06-15,期刊
,,,,
碳标签制度下三级供应链定价与碳排放决策研究,"['尚钱龙', '张云丰', '龚本刚', '程永宏']",安徽工程大学学报,2022-06-15,期刊
人口结构对碳排放的影响研究——基于空间杜宾模型和门限回归模型分析,"['刘云龙', '常先林', '黄承锋']",环境科学与管理,2022-06-15,期刊
碳排放与资产定价——来自中国上市公司的证据,"['王浩', '刘敬哲', '张丽宏']",经济学报,2022-06-15,期刊
数字金融与碳排放：基于微观数据和机器学习模型的研究,"['王元彬', '张尧', '李计广']",中国人口·资源与环境,2022-06-15,期刊
土地出让市场化的碳排放效应及传导机制——基于产业结构中介视角,"['刘璇', '许恒周', '张苗']",中国人口·资源与环境,2022-06-15,期刊
土地利用隐性转型与土地利用碳排放空间关联研究,"['张玥', '代亚强', '陈媛媛', '柯新利']",中国土地科学,2022-06-15,期刊
京津冀地区碳排放影响因素研究——基于扩展STIRPAT模型,"['张攀路', '都沁军']",国土资源科技管理,2022-06-15,期刊
京津冀及周边“2+26”城市碳排放强度时空演变规律及影响因素分析,"['刘鹏振', '张力元', '董会忠']",环境污染与防治,2022-06-15,期刊
基于“三生空间”的重庆市碳排放增长机理及趋势预测,"['郭莉', '白丽芳', '王超越', '刘艺璇', '杨玉筝', '郭先华']",环境污染与防治,2022-06-15,期刊
基于VECTO的商用车中国工况碳排放仿真,"['施佳能', '李粟', '张佑源', '汪晓伟', '高涛']",内燃机与动力装置,2022-06-15,期刊
基于LMDI模型的能源系统碳排放影响因素分析,"['郭玉杰', '张一瑾', '杨馥源', '田雪沁', '王海猷']",分布式能源,2022-06-15,期刊
小城镇土地利用变化对碳排放的影响及优化策略研究——以浙江省长兴县为例,"['冷红', '肇禹然', '于婷婷']",现代城市研究,2022-06-15,期刊
碳排放权法律属性的二元界定,"['王莉', '闫媛媛']",山东科技大学学报(社会科学版),2022-06-15,期刊
福建省土地利用变化碳排放时空差异与碳补偿,"['周萍', '陈松林', '李晶', '李晨欣']",水土保持通报,2022-06-15,期刊
不同生命周期阶段的家庭碳排放特征及减排对策,"['向华丽', '邵秋晗']",人口与社会,2022-06-15,期刊
广西东融发展片区碳排放时空特征及其驱动因素,"['魏锋', '韦燕飞', '童新华']",水土保持通报,2022-06-15,期刊
碳排放与新能源市场动态研究,['付慧婕'],环渤海经济瞭望,2022-06-15,期刊
中国省际碳排放强度时空演变及驱动因素研究,"['原嫄', '孙欣彤']",环境科学与技术,2022-06-15,期刊
黄河流域经济增长中的碳排放尾效分析,"['江永红', '朱玉玉']",安阳工学院学报,2022-06-14,期刊
基于STIRPAT模型的中国海洋渔业碳排放驱动因素研究,"['曹俐', '范黎明']",海洋开发与管理,2022-06-10 14:42,期刊
,,,,
关于推进碳排放权交易市场配额合理分配的分析与思考,['张修凡'],黄河科技学院学报,2022-06-10,期刊
中国交通碳排放驱动因素分析——基于脱钩理论与GFI分解法,"['宋德勇', '宋沁颖', '张麒']",科技管理研究,2022-06-10,期刊
“双碳”目标下河南省建筑碳排放量化分析及减排对策研究,['白蕾'],河南科技,2022-06-10,期刊
绿色发展  以重庆为例对畜禽养殖碳排放的测算研究,"['何道领', '韦艺媛', '刘羽', '朱燕', '陈红跃']",养猪,2022-06-10,期刊
基于LMDI的安徽省物流业碳排放测算及影响因素研究,['姜乐平'],物流技术与应用,2022-06-10,期刊
长三角经济增长与碳排放异速关系及形成机制,"['李在军', '尹上岗', '姜友雪', '吕玉兰']",自然资源学报,2022-06-09,期刊
浙江省都市区碳排放时空演变及其影响因素,"['顾张锋', '徐丽华', '马淇蔚', '施益军', '陆张维', '吴亚琪']",自然资源学报,2022-06-09,期刊
结合“珞珈一号”夜间灯光与城市功能分区的广州市碳排放空间分布模拟及其影响因素分析,"['卢奕帆', '梁颖然', '卢思言', '肖钺', '何小钰', '林锦耀']",地球信息科学学报,2022-06-09,期刊
多情景下中国造纸行业碳排放峰值预测研究——基于可拓展的随机性环境评估模型,"['许向阳', '胡佳男']",林业经济,2022-06-08 10:42,期刊
金融资源配置效率、产业结构升级对中小城市碳排放影响研究——以广东省湛江市为例,['文江盼'],现代商业,2022-06-08,期刊
碳汇、碳排放权交易局限性与碳税制度效用,"['高桂林', '窦一博']",企业经济,2022-06-07 16:32,期刊
基于交通大数据的广东省高速公路碳排放计量模型与空间格局,"['李苑君', '吴旗韬', '王长建', '吴康敏', '张虹鸥', '金双泉']",热带地理,2022-06-07 14:38,期刊
财政压力、高能耗企业与碳排放——基于教育事权改革的准自然实验,"['马恩涛', '杨璇']",财贸经济,2022-06-07 11:45,期刊
基于STIRPAT模型的武汉市碳排放情景分析,['余利丰'],湖北理工学院学报,2022-06-07,期刊
考虑省际贸易结构的中国碳排放变化的驱动因素分析,"['潘晨', '李善同', '何建武', '周鹏', '周德群']",管理评论,2022-06-06 10:20,期刊
能源企业碳排放权融资实践与思考,['金上'],能源,2022-06-05,期刊
国外汽车碳排放标准进展及对我国的启示,"['孙锌', '孙亮', '张红杰', '赵明楠', '张铜柱', '吕彬']",中国标准化,2022-06-05,期刊
旅游经济发展与碳排放脱钩关系研究——以福建省为例,"['俞霞', '吴德进']",福建论坛(人文社会科学版),2022-06-05,期刊
中国县域碳排放时空演变与异质性,"['宋苑震', '曾坚', '王森', '梁晨']",环境科学,2022-06-02 15:45,期刊
科技创新提高碳排放效率了吗?,"['孙景兵', '薛倩']",生态经济,2022-06-02,期刊
,,,,
建设用地碳排放驱动因子及脱钩效应贡献分析——以安徽省为例,"['刘芳', '吕宁']",生态经济,2022-06-01,期刊
浅议我国碳排放权初始配额分配机制,"['田晓丽', '侯忠男']",时代金融,2022-06-01,期刊
基于LMDI模型的福建省建筑领域碳排放影响因素研究,['陈定艺'],福建建筑,2022-06-01,期刊
长三角地区生产性服务业集聚与碳排放效率——基于SDM与PTR模型的实证检验,"['聂永有', '姚清宇']",工业技术经济,2022-05-31,期刊
陕西省行业碳排放的投入产出分解,"['宋建波', '程俣卿']",中国科技信息,2022-05-31,期刊
国外建筑业碳排放权发展态势的可视化研究——基于CiteSpace软件的计量分析,"['林家南', '祝连波', '吕雨彤', '林仕立', '黄一雷']",上海节能,2022-05-31,期刊
长三角城市群旅游业碳排放脱钩效应测度与空间分异,"['黄美忠', '黄晓坤']",中南林业科技大学学报,2022-05-30 17:51,期刊
住宅小区景观植物种植养护阶段碳排放测算及减碳策略研究——以南京市江宁区某小区为例,"['薛甦阳', '朱建君', '胡承兴', '徐霄枭', '张家阳']",建设科技,2022-05-30,期刊
碳中和背景下的碳排放权价格影响因素比较分析,"['章艺乘', '周星宇']",中国市场,2022-05-28,期刊
基于土地利用的青岛市碳排放变化特征与预测,"['张晓光', '张赢心', '李士美', '尹建国']",地理空间信息,2022-05-28,期刊
出口的就业与碳排放效应是否平衡?——基于价值链分工视角的研究,"['潘晨', '张红梅', '祝灵秀', '何建武', '李善同']",中国软科学,2022-05-28,期刊
相对金融发展、能源消耗对二氧化碳排放的影响——基于1990—2015年数据的实证分析,"['王芬芬', '朴光姬', '李芳']",华北金融,2022-05-27 11:12,期刊
我国碳排放价格与煤炭期货价格的传导机制研究,"['燕志鹏', '于泽民', '顾新莲']",经济问题,2022-05-27,期刊
智能增材建造与传统施工建造混凝土结构物化阶段碳排放比较分析,"['张治成', '贾铖修', '孙晓燕', '罗飞']",混凝土,2022-05-27,期刊
战略性新兴产业空间结构对城市碳排放强度的影响——基于兰西城市群企业大数据的考察,"['郭爱君', '张永年', '杨春林']",城市问题,2022-05-27,期刊
双碳背景下京津冀物流业碳排放脱钩及影响因素研究,"['李健', '白子毅', '李柏桐']",城市问题,2022-05-27,期刊
近20年重庆市主城区碳排放的时空动态演进及其重心迁移,"['向书江', '杨春梅', '谢雨琦', '王丹', '王子芳', '高明']",环境科学,2022-05-26 14:17,期刊
中国制造业对外直接投资的母国碳排放效应研究,['杨琴'],技术经济与管理研究,2022-05-26,期刊
济宁市企业碳排放配额清缴情况、存在问题及建议,['马慧'],节能与环保,2022-05-25,期刊
数字金融、科技创新与碳排放——基于省级面板数据的实证分析,"['王文静', '胡辰净']",天津商业大学学报,2022-05-25,期刊
,,,,
以S公司为例浅谈“双碳”背景下我国碳排放权交易现状及会计核算,['闫隆平'],冶金财会,2022-05-25,期刊
集成打包箱式房屋全生命周期碳排放研究,"['段振兴', '朱强强', '穆洪星', '魏重阳', '孙浩']",施工技术(中英文),2022-05-25,期刊
基于倾向得分匹配模型的工业碳排放驱动路径研究,['施心怡'],统计科学与实践,2022-05-25,期刊
山东省碳排放的空间演进与建议,['郭庆'],低碳世界,2022-05-25,期刊
近20年武汉市土地利用碳排放时空演变分析,"['李嘉乐', '胡红兵']",低碳世界,2022-05-25,期刊
广西碳排放影响因素分析和预测,"['韦海鸣', '吴嘉越']",南宁师范大学学报(哲学社会科学版),2022-05-25,期刊
江西省土地利用碳排放空间格局及碳平衡分区,"['杨静媛', '张明', '多玲花', '肖圣', '赵昱茜']",环境科学研究,2022-05-24 14:59,期刊
追溯全球价值链中跨国公司的碳排放:基于在华和在美外资企业碳排放的比较,['闫云凤'],国际经贸探索,2022-05-24,期刊
中国航空碳排放及其效率时空演化特征分析,"['李玲玲', '韩瑞玲', '张晓燕']",生态学报,2022-05-23,期刊
基于系统动力学的民勤绿洲农业系统碳排放仿真模拟研究,"['陈军娟', '燕振刚', '李薇', '李广']",西南农业学报,2022-05-20 17:27,期刊
国内碳排放权交易综合性立法刍议,"['梅鑫', '丁粮柯']",行政与法,2022-05-20,期刊
空调能耗对建筑碳排放的影响,['蒋敏政'],绿色建筑,2022-05-20,期刊
环境规制对碳排放影响研究进展及未来展望,"['徐鹏', '包存宽']",科技管理研究,2022-05-20,期刊
脱碳型炼油厂全流程碳排放分析及减排策略,['曲宏亮'],当代石油石化,2022-05-20,期刊
数字普惠金融对城市全要素碳排放生产率的影响,"['姚凤阁', '王天航', '谈丽萍']",商业研究,2022-05-20,期刊
耕地利用转型碳排放时空分异特征与形成机理研究,"['盖兆雪', '詹汶羲', '王洪彦', '杜国明']",农业机械学报,2022-05-19 13:46,期刊
碳排放权交易试点的区域减排效应——基于PSM-DID模型,"['毛莹', '屈梦杰', '曾利珍']",科技和产业,2022-05-19,期刊
OECD成员国碳排放效率时空演变与影响因素研究,"['李潇潇', '张振东']",河北环境工程学院学报,2022-05-18 10:55,期刊
基于隐含碳排放的中国纺织品外贸研究,"['吝欣如', '刘彤', '钱羽佳']",全国流通经济,2022-05-18,期刊
县域尺度农业碳排放效率与粮食安全的关系,"['杨青林', '赵荣钦', '赵涛', '胡月明', '张益平', '朱瑞明']",中国农业资源与区划,2022-05-17 17:16,期刊
,,,,
基于碳汇功能的省域农业碳排放及减排潜力研究——以中国三种主要粮食作物为例,"['王雅楠', '张琪琳', '陈伟']",重庆社会科学,2022-05-16,期刊
我国交通运输业碳排放分析,['李政'],综合运输,2022-05-15,期刊
碳排放的产业空间版图、省际转移与中国碳达峰,"['胡安俊', '孙久文']",经济纵横,2022-05-15,期刊
产业园区规划碳排放评价,"['邵伟', '肖伟龙', '陈亮']",环境生态学,2022-05-15,期刊
重庆市能源消费碳排放动态特征及驱动因素分解,"['唐志欣', '肖鹏', '张丹', '谢耕', '张云怀']",环境影响评价,2022-05-15,期刊
土地利用碳排放研究进展与展望,"['邓康龙', '汪倩倩', '陈欣悦', '曾小雨', '徐裕焕', '武慧君']",绿色科技,2022-05-15,期刊
深圳市建筑装饰工程碳排放计算及分析研究,"['王欣', '吴昊', '戎鑫', '于路港']",建筑技术,2022-05-15,期刊
优化碳排放统计核算体系之我见,"['尹旼', '谢珣子']",中国统计,2022-05-15,期刊
旅游碳排放研究进展,"['李楠博', '陈晓煜']",长春理工大学学报(社会科学版),2022-05-15,期刊
区域经济增长与碳排放的脱钩：基于汉江生态经济带的实证分析,"['康文梅', '夏克郁']",企业经济,2022-05-13 14:51,期刊
碳排放权的法律属性分析——兼论碳排放权与碳排放配额的关系,['李素荣'],南方金融,2022-05-10 08:57,期刊
基于Kaya模型的碳排放达峰实证研究,"['唐杰', '崔文岳', '温照杰', '曾元', '王东']",深圳社会科学,2022-05-10,期刊
城市铁路交通枢纽地区整体碳排放量化研究——以武昌火车站交通枢纽区为例,"['毛骏亚', '周思月', '季群峰', '李传成']",华中建筑,2022-05-10,期刊
陕西省能源消费碳排放估算及碳减排对策,['殷腾飞'],中小企业管理与科技,2022-05-10,期刊
我国碳期权产品研发设计——以碳排放配额为基础标的,"['李竹薇', '卢雪姣', '杨倩倩', '王晓姗']",投资研究,2022-05-10,期刊
全产业链视角下建筑碳排放路径模拟:基于RICE-LEAP模型,"['洪竞科', '李沅潮', '郭偲悦']",中国环境科学,2022-05-09 14:55,期刊
黄河流域制造业碳排放强度及绿色低碳转型研究,"['樊西锋', '李蕾', '苑嘉欣']",国有资产管理,2022-05-08,期刊
金融发展对碳排放强度影响的空间效应研究,"['莫姝', '王婷']",环境科学与技术,2022-05-07 17:59,期刊
中国建筑业碳排放空间关联网络结构及其影响因素分析,"['乐保林', '徐少君']",浙江理工大学学报(社会科学版),2022-05-07 13:00,期刊
江苏省第二产业发展与碳排放关系研究——基于1987—2018年时间序列数据的实证分析,"['江心英', '朱蓉']",生态经济,2022-05-07,期刊
,,,,
中部地区碳排放测度及其驱动因素动态特征研究,"['杨振', '李泽浩']",生态经济,2022-05-07,期刊
基于LMDI-PDA-MMI分解法的我国产业体系碳排放驱动因素研究,"['郑蕊', '刁书琪']",生态经济,2022-05-07,期刊
电动汽车运行阶段碳排放因子影响因素研究,"['唐一媛', '毛保华', '周琪', '高琦琦']",交通节能与环保,2022-05-06 16:58,期刊
发电行业碳排放管理路径研究,"['葛然', '杜峰']",中国电力企业管理,2022-05-05,期刊
我国碳排放权会计应用的现实问题及改进建议——以A股电力行业上市公司为例,['田丰'],财务与会计,2022-05-05,期刊
金融集聚、产业结构升级与碳排放,['周秀君'],高师理科学刊,2022-04-30,期刊
数字金融发展与家庭消费碳排放,"['王军', '王杰', '李治国']",财经科学,2022-04-30,期刊
我国粮食主产区农地利用碳排放时空演变与有效降低碳排放路径,"['杨慧', '张恒']",安徽农学通报,2022-04-30,期刊
火力发电企业碳排放成本核算,"['夏夕科', '张帮才', '都国栋']",皮革制作与环保科技,2022-04-30,期刊
碳排放强度控制目标分解方法研究,"['郝媛', '顼明泽']",皮革制作与环保科技,2022-04-30,期刊
中国环境产品进出口贸易对碳排放的影响,"['毛熙彦', '贺灿飞', '王佩玉', '许蕊', '胡醒木子', '贺舒琪']",自然资源学报,2022-04-29,期刊
多情景视角下京津冀碳排放达峰预测与减排潜力,"['韩楠', '罗新宇']",自然资源学报,2022-04-29,期刊
中国低碳试点城市碳排放效率时空演变与影响因素,"['徐英启', '程钰', '王晶晶', '刘娜']",自然资源学报,2022-04-29,期刊
城市客运交通工具碳排放效率差异——以襄阳市为例,"['朱顺应', '廖凌云', '吴景安', '常红光', '王红']",交通运输系统工程与信息,2022-04-27 11:45,期刊
经济增长、能源工业投资与中国省域工业碳排放的分析研究,['张薇'],上海节能,2022-04-27,期刊
消费视角下中国各省份碳排放驱动因素探究,"['潘晨', '李善同', '刘强']",经济与管理,2022-04-26 16:50,期刊
需求层次差异下城镇居民消费碳排放影响因素研究——来自华北地区的证据,"['郭蕾', '赵益民']",城市发展研究,2022-04-26,期刊
碳达峰与环境会计发展研究——基于碳排放会计的分析,"['陈舒', '倪梦玮']",国际商务财会,2022-04-25,期刊
中长期煤炭消费碳排放与二氧化碳排放值预测,"['张福新', '白锋堂']",中国煤炭,2022-04-25,期刊
基于向量自回归模型的碳排放强度影响因素的实证研究,"['李治国', '原子雯']",甘肃科学学报,2022-04-25,期刊
,,,,
数字产业技术发展对碳排放强度的影响效应研究,"['易子榆', '魏龙', '王磊']",国际经贸探索,2022-04-25,期刊
河南省碳排放、能源消费及影响因素研究——基于产业结构优化的实证分析,['王俊娟'],经济研究导刊,2022-04-25,期刊
反腐败、经济增长与碳排放治理——基于空间EKC模型的检验,['刘贤赵'],中国社会科学院大学学报,2022-04-25,期刊
部分典型民航干线机场碳排放特征分析,['邹文波'],低碳世界,2022-04-25,期刊
山东省能源消费、碳排放与经济增长的关系分析,['聂蕊'],山西能源学院学报,2022-04-25,期刊
中国县域碳排放脱钩关系及其时空特征演变,"['张赫', '黄雅哲', '王睿', '张建勋', '彭竞仪']",资源科学,2022-04-25,期刊
长三角工业碳排放效率的空间演变及碳达峰路径研究,"['刘影', '王建民', '贾大任']",荆楚理工学院学报,2022-04-25,期刊
城市轨道交通生命周期碳排放强度与碳减排潜力研究,"['陈坤阳', '周鼎', '粟月欢', '段华波', '陈湘生']",铁道标准设计,2022-04-24 11:14,期刊
中国畜牧业碳排放的量化评估、时空特征及动态演化:2001-2020,"['吴强', '张园园', '张明月']",干旱区资源与环境,2022-04-24,期刊
中国农村居民不同类型收入与畜禽养殖碳排放的动态响应关系：基于Tapio脱钩和SVAR模型的分析,"['刘琼', '肖海峰']",生态与农村环境学报,2022-04-22 14:19,期刊
基于LCA的轨道交通车站碳排放分析,['钱生泽'],都市快轨交通,2022-04-21 17:39,期刊
水利水电工程全生命周期碳排放研究——以犬木塘工程为例,"['黄跃群', '刘耀儒', '许文彬', '黎军锋']",清华大学学报(自然科学版),2022-04-21 13:42,期刊
基于数智化生产线的木质建材生产碳排放评估,"['李佩娴', '宋广翰', '杨晓露', '宋向南', '卢昱杰']",中国环境科学,2022-04-20 19:21,期刊
中国海洋渔业碳排放减排潜力及预测,"['高源', '付忠伟', '张兆敏']",广东海洋大学学报,2022-04-20 16:52,期刊
湖南省碳排放总量核算与碳源结构分析,['杨顺顺'],合作经济与科技,2022-04-20,期刊
区域农业产业集聚对碳排放的影响研究——以广西为例,"['胡超', '旷爱萍']",哈尔滨学院学报,2022-04-20,期刊
新疆农村居民生活消费碳排放及影响因素研究——基于SITRPAT模型,"['王志强', '唐琪']",农学学报,2022-04-20,期刊
基于碳排放流的电力系统低碳需求响应机制研究及效益分析,"['李姚旺', '张宁', '杜尔顺', '刘昱良', '蔡啸', '贺大玮']",中国电机工程学报,2022-04-20,期刊
碳排放权交易制度实践及完善建议,['韩慧宇'],北方经济,2022-04-20,期刊
OFDI对中国碳排放的影响——基于省际空间面板数据的实证检验,"['张昌兵', '华丽香', '余梅丽']",福建江夏学院学报,2022-04-20,期刊
,,,,
产业集聚对于中国省域碳排放的影响及空间效应分析,"['毛小明', '钟诚']",南昌大学学报(人文社会科学版),2022-04-20,期刊
我国区域碳排放效率测度与地区差异分析——基于三阶段Super-SBM-DEA方法,"['刘康', '袁敏', '申社芳']",兰州财经大学学报,2022-04-20,期刊
建筑领域碳排放权交易体系研究,['王星'],工业建筑,2022-04-20,期刊
农户农业碳排放效率差异及多层次影响因素——以陕西省米脂县为例,"['张杰', '陈海', '刘迪', '耿甜伟', '董嘉薇']",中国农业资源与区划,2022-04-17 14:10,期刊
中国农业碳排放再测算：基本现状、动态演进及空间溢出效应,"['田云', '尹忞昊']",中国农村经济,2022-04-17 10:17,期刊
金融业碳排放核算体系方法研究,"['熊程程', '廖原', '赵佳佳']",中国金融,2022-04-16,期刊
中国省域能源消费碳排放时空格局演进及驱动机制研究——基于环境规制视角的分析,"['尚梅', '王蓉蓉', '胡振']",环境污染与防治,2022-04-15,期刊
“一带一路”沿线国家经济增长与碳排放的关系研究,['张莉萍'],西安石油大学学报(社会科学版),2022-04-15,期刊
长江经济带交通能源碳排放脱钩效应及驱动因素研究,"['胡怀敏', '左薇', '徐士元']",长江流域资源与环境,2022-04-15,期刊
欧盟航空碳排放交易指令的法理评析与中国应对研究,['高志宏'],南京航空航天大学学报(社会科学版),2022-04-15,期刊
基于市域尺度的陕西省碳排放空间特征分析,"['张靖妮', '王慧丽']",能源环境保护,2022-04-15,期刊
甘肃省旅游业经济增长与碳排放脱钩关系研究,['段应晓'],产业创新研究,2022-04-15,期刊
长江经济带交通运输业碳排放驱动效应研究,"['李芳娟', '张慧']",保山学院学报,2022-04-15,期刊
论碳排放权的法律适用,"['邹国勇', '王鑫']",长江论坛,2022-04-15,期刊
国际人权法视角下碳排放权问题与解决,['郭新政'],西南政法大学学报,2022-04-15,期刊
安徽省工业碳排放的现状与优化路径,['曹姝艳'],铜陵学院学报,2022-04-15,期刊
中国省域农业碳排放效率与经济增长的耦合协调,"['田云', '林子娟']",中国人口·资源与环境,2022-04-15,期刊
农业机械化对农业碳排放强度影响的空间溢出效应——基于282个城市面板数据的实证,"['徐清华', '张广胜']",中国人口·资源与环境,2022-04-15,期刊
碳排放管理员管啥,['褚艳'],中国石油和化工产业观察,2022-04-15,期刊
建筑碳排放计算及减碳策略之探索,"['王国光', '崔欢欢']",智能建筑电气技术,2022-04-15,期刊
,,,,
基于GTWR的福建省县域碳排放影响因素时空异质性探究,['张圆圆'],产业科技创新,2022-04-15,期刊
雄安新区居民绿色出行碳排放交易机制研究,"['周显庆', '贾大钊']",公路,2022-04-14 12:26,期刊
长江与黄河流域碳排放效率时空演变特征及路径识别探究,"['蒋培培', '王远', '罗进', '储祥祚', '伍博炜']",环境科学研究,2022-04-13 16:00,期刊
家庭能源消费碳排放的影响因素研究,"['胡振', '郭剑']",经营与管理,2022-04-11,期刊
环境规制与二氧化碳排放——基于企业减排动机的理论和实证分析,"['王文娟', '梁圣蓉', '佘群芝']",生态经济,2022-04-09,期刊
基于碳排放视角的中国畜牧业绿色增长分析,"['苏旭峰', '杨小东', '冉启英']",生态经济,2022-04-09,期刊
基于碳达峰碳中和的贵州省土地利用碳排放演变及预测研究,"['魏媛', '简小玉']",生态经济,2022-04-09,期刊
异质性减排政策下考虑碳排放转移影响的供应链运营决策研究,"['王文涛', '蒋雷勇']",物流科技,2022-04-08,期刊
基于LMDI模型的长三角城市能源消费碳排放影响因素分解研究,"['刘芳', '江海涛']",商展经济,2022-04-08,期刊
区块链技术下考虑碳排放权的电力现货交易模型,"['张冶', '陈洪禹', '关艳', '陆心怡', '夏靖怡', '孙佳音']",电测与仪表,2022-04-07 15:14,期刊
中国碳排放强度的区域差异、动态演进及收敛性研究,"['张卓群', '张涛', '冯冬发']",数量经济技术经济研究,2022-04-05,期刊
“双碳目标”背景下碳排放权交易机制及其会计确认与计量,"['陈硕', '宋鑫']",经济研究导刊,2022-04-05,期刊
碳排放权交易制度与企业投资行为,"['唐国平', '孙洪锋', '陈曦']",财经论丛,2022-04-04,期刊
江苏省工业碳排放时空分异及减排策略,"['陆佳勤', '甘信华']",资源与产业,2022-04-02 11:21,期刊
基于森林碳汇阈值的江苏省旅游碳排放环境风险评价,"['涂玮', '刘钦普']",林业资源管理,2022-04-01 15:17,期刊
中国城镇化碳排放核算体系构建与实证,"['王志强', '蒲春玲']",统计与决策,2022-03-31 10:43,期刊
“碳中和”视角下公共机构碳排放估算与碳补偿研究——以某党校为例,['孙丽平'],上海节能,2022-03-31,期刊
湖北省建筑业碳排放测度及影响因素研究,"['蔡园', '刘琦', '陈俊', '陶文超', '闪腾宇', '胡纯']",绿色科技,2022-03-30,期刊
工业园区规划环评碳排放评价初探,['赵丽'],皮革制作与环保科技,2022-03-30,期刊
论“双碳”背景下中国碳排放管理的法治化路径,['刘志仁'],法律科学(西北政法大学学报),2022-03-29 10:33,期刊
,,,,
城镇化、空间溢出效应与农业碳排放——基于2007—2019年省级面板数据的实证分析,"['黄晓慧', '杨飞', '陆迁']",华东经济管理,2022-03-28 15:56,期刊
环境分权能否抑制碳排放？——基于地方政府竞争视角,"['孙丽文', '朱正', '任相伟', '吴林飞']",华东经济管理,2022-03-28 15:55,期刊
利用统计报表制度获取碳排放统计核算相关数据的分析研究,"['杨艳艳', '杜旺兵', '王天琼']",产业创新研究,2022-03-28,期刊
电力全要素碳排放效率及收敛性研究,"['王喜平', '王素静']",电力科学与工程,2022-03-28,期刊
垂直埋管地源热泵空调系统碳排放评估,"['韩靖', '李振文', '张俊红', '屈月月', '王弘哲']",制冷与空调,2022-03-28,期刊
冷水(热泵)机组的运行阶段碳排放研究,"['周能', '丁汉新', '苏秀平', '胡祥华']",制冷与空调,2022-03-28,期刊
环境规制对区域绿色创新效率的影响研究——基于“碳排放权”试点的准自然实验,"['肖振红', '谭睿', '史建帮', '王芳']",工程管理科技前沿,2022-03-27,期刊
碳排放交易制度的节能减排效应及作用机制研究——基于合成控制法的经验证据,"['李响', '张楠', '宋培']",现代财经(天津财经大学学报),2022-03-25 17:03,期刊
基于LMDI模型的江苏省碳排放强度影响因素分解研究,"['王梦凯', '白艳萍']",宁夏大学学报(自然科学版),2022-03-25,期刊
空间计量方法下我国碳排放的时空格局及影响因素研究,"['李艳芹', '李宗尧']",统计理论与实践,2022-03-25,期刊
装配式可回收基坑支护结构碳排放与能耗计算分析,"['蔡敏', '朱雪健', '单灿灿', '孙昌兴', '郑永磊']",安徽建筑,2022-03-25,期刊
科技创新、产业结构、环境规制与碳排放强度的交互效应——基于省级面板协整和PECM模型的实证分析,"['徐庆娟', '蒙懿']",南宁师范大学学报(自然科学版),2022-03-25,期刊
长三角区域建筑业全过程碳排放统计分析,"['张孝存', '阿世政', '李丹阳']",统计科学与实践,2022-03-25,期刊
论碳排放权的法律属性,"['吴越', '张稳柱']",山西广播电视大学学报,2022-03-25,期刊
碳排放权交易市场机制现状及发展建议,['刘娇娇'],投资与创业,2022-03-25,期刊
基于气候变化国际法视角论欧盟航空碳排放交易机制的非正当性及应对之策,['孟小桦'],西南林业大学学报(社会科学),2022-03-24,期刊
“双碳”目标下的我国碳排放权质押贷款：现状、不足及优化路径,"['邱冬阳', '吴梦尧']",西南金融,2022-03-23 20:02,期刊
基于AIS数据的中国沿海集装箱港口碳排放,"['陈伟杰', '宋炳良', '张婕姝']",中国环境科学,2022-03-23 15:58,期刊
城镇化对新疆土地利用碳排放的影响及其耦合关系,"['张茹倩', '李鹏辉', '徐丽萍']",生态学报,2022-03-22 15:04,期刊
基于电力数据的建筑碳排放计量研究,"['张伟', '刘斌', '翟杰', '沈澄泓', '高亮', '田浩蕴']",电力大数据,2022-03-21,期刊
,,,,
发展方式、产业结构对区域碳排放的影响分析——以湖北省为例,"['易欣', '牛君']",湖北经济学院学报,2022-03-20 15:48,期刊
农业碳排放的时空演变、影响因素及脱钩效应研究——基于31省2000—2019年面板数据,"['郭险峰', '艾静静']",西昌学院学报(自然科学版),2022-03-20,期刊
2000—2019年江西省能源消费碳排放变化及其影响因素,"['陈燕玲', '王投婧', '占明锦', '秦建成']",气象与减灾研究,2022-03-20,期刊
提升碳排放国际标准化话语权,['舒印彪'],中国质量监管,2022-03-18,期刊
国内外土地利用碳排放研究进展与挑战——基于CiteSpace知识图谱分析,['王瑶'],上海房地,2022-03-17,期刊
高校能源利用现状及碳排放基线研究,"['孙海莉', '臧思情', '黄刚', '孙勇凯', '张晗']",中国建筑金属结构,2022-03-16,期刊
数字经济发展对碳排放的影响——基于278个地级市的面板数据分析,"['缪陆军', '陈静', '范天正', '吕雁琴']",南方金融,2022-03-15 11:19,期刊
中部地区旅游碳排放的测度及其时空演化分析,"['江进德', '马晓淼', '白如山', '张玉可']",阜阳师范大学学报(自然科学版),2022-03-15,期刊
碳中和愿景下我国碳排放权交易的功能与制度构造研究,"['邓海峰', '尹瑞龙']",北方法学,2022-03-15,期刊
碳排放驱动力及县域碳排放时空分布研究——以河南省为例,"['李森', '兰延文']",环境科学与管理,2022-03-15,期刊
某污水处理厂碳排放核算研究,['周曼'],广东化工,2022-03-15,期刊
碳排放与产业结构升级——基于能源消费视角的检验,"['汪克亮', '张福琴']",东方论坛,2022-03-15,期刊
区域能源消费碳排放及优化路径——以山东潍坊为例,"['王鹏', '殷凤朝']",河南科学,2022-03-15,期刊
土地利用对碳排放影响的作用机制和传导路径分析——基于结构方程模型的实证检验,"['张苗', '吴萌']",中国土地科学,2022-03-15,期刊
湖南省碳排放总量地区分解研究——基于2030年减排目标,"['程晓娟', '孙思琴', '全春光']",生产力研究,2022-03-15,期刊
猪屠宰与分割车间制冷系统碳排放特征及影响因素分析,"['宣朝辉', '黄成军', '刘宇', '边煜竣']",冷藏技术,2022-03-15,期刊
中国省域碳排放及其影响因素时空特征分析——基于MGWR模型的研究,"['陈思宇', '魏思琪', '都瓦拉']",内蒙古科技与经济,2022-03-15,期刊
经济增长压力下金融集聚对碳排放效率的影响,"['王星', '张乾翔']",中国人口·资源与环境,2022-03-15,期刊
价值链视角下我国区域间隐含碳排放流动研究,"['宁亚东', '李波']",环境保护与循环经济,2022-03-15,期刊
中国农业碳排放强度空间特征及溢出效应分析,"['伍国勇', '刘金丹', '陈莹']",环境科学与技术,2022-03-12 15:56,期刊
,,,,
机场航空器碳排放时空特征与驱动因素研究,"['洪浩强', '胡荣', '黄梦圆', '张军峰']",武汉理工大学学报(交通科学与工程版),2022-03-10 11:04,期刊
中国碳排放权交易价格的波动特征及其影响因素研究,"['白强', '董洁', '田园春']",统计与决策,2022-03-10 10:02,期刊
产业集聚与碳排放:促进还是抑制?——基于中国省级层面的经验证据,"['龚新蜀', '夏钰', '侯敬媛', '李丹怡']",新疆农垦经济,2022-03-09 11:02,期刊
珠江三角洲城市群城市碳排放动态模拟与碳达峰,"['王少剑', '莫惠斌', '方创琳']",科学通报,2022-03-07,期刊
碳中和背景下环境规制、企业环境行为对碳排放影响实证研究,"['邵桂兰', '林燕']",中国海洋大学学报(社会科学版),2022-03-05 12:28,期刊
新兴经济体国家城镇化发展对碳排放影响的比较研究,"['齐昕', '郭薛南']",生态经济,2022-03-05,期刊
碳排放配额制度的比例原则检视及优化进路——基于三个碳交易立法文本的规范分析,"['陈真亮', '项如意']",学术交流,2022-03-05,期刊
长江经济带不同等级城市碳排放的时空演变及其影响因素,"['王兆峰', '李竹', '吴卫']",环境科学研究,2022-03-03 13:04,期刊
企业碳排放信息披露面临的挑战,"['倪清', '金以文', '崔俊莲']",新理财,2022-03-01,期刊
碳达峰和碳中和背景下中国产业结构升级对碳排放的影响研究,"['赵玉焕', '钱之凌', '徐鑫']",经济问题探索,2022-03-01,期刊
典型农区乡镇的农业碳排放测算及达峰研究：以湖南省东安县为例,"['张陶新', '李岩']",邵阳学院学报(自然科学版),2022-02-28,期刊
“碳达峰”目标下中国碳排放强度预测——基于LSTM和ARIMA-BP模型的分析,"['胡剑波', '罗志鹏', '李峰']",财经科学,2022-02-28,期刊
空间规划对居住功能街区碳排放作用机制研究,"['雷文韬', '杨辉']",室内设计与装修,2022-02-28,期刊
碳排放权交易对产业结构优化升级的影响机制研究——以广东省为例,['谢红梅'],武汉商学院学报,2022-02-28,期刊
“双碳”背景下煤炭资源禀赋对碳排放影响的空间效应研究,"['史亚栋', '李刚']",煤炭经济研究,2022-02-28,期刊
碳排放交易机制的减排和绿色发展协同效应,"['陆敏', '徐好']",统计学报,2022-02-26 10:30,期刊
基于LMDI的北上津区域能源消费碳排放影响因素分析及脱钩效应研究,"['马颖', '邵长秀']",甘肃科学学报,2022-02-25,期刊
黄河流域经济发展和碳排放的脱钩关系分析,"['史红伟', '郭银菊']",科技和产业,2022-02-25,期刊
日本碳排放的地区差距及结构分解,"['张莹', '洪凌华']",日本问题研究,2022-02-25,期刊
我国碳排放权交易管理沿革与发展探析,"['郑云坚', '吴施娟']",中国行政管理,2022-02-25,期刊
,,,,
基于能耗分析的橡胶改性沥青路面的碳排放及成本计算,"['王雪英', '邬建波', '薛永勤', '周海防']",石油沥青,2022-02-25,期刊
我国建筑业全生命周期碳排放收敛性研究,"['张铮燕', '杨晓露', '林振思', '蔡彬清']",海峡科学,2022-02-25,期刊
农业生产要素对农业碳排放的影响研究——以河南省为例,"['庞文斌', '李文启']",大连大学学报,2022-02-25,期刊
“双碳”目标下我国奶牛产业如何发展——基于全产业链视角的奶业碳排放研究,"['励汀郁', '熊慧', '王明利']",农业经济问题,2022-02-23,期刊
中亚五国自华进口贸易技术溢出及碳排放影响研究,"['黄丽', '王武林', '龚姣']",干旱区地理,2022-02-22 10:14,期刊
广东省碳排放权交易市场价格与企业绿色创新,"['沈洪涛', '李文慧', '黄楠']",城市观察,2022-02-20,期刊
河北省域碳排放全要素生产率的时空异质与动力效应——基于DEA-SBM-Luenberger指数的经验证据,['徐金球'],河北金融,2022-02-20,期刊
石油焦煅烧过程碳排放及减排分析,"['李鹏', '李宝宽', '孙毅', '许海飞']",轻金属,2022-02-20,期刊
人口老龄化、产业结构升级与区域碳排放,"['尹迎港', '常向东']",兰州财经大学学报,2022-02-20,期刊
成渝城市群碳排放问题及对策分析,"['翟丙英', '陈婷', '秦维']",城市建筑,2022-02-20,期刊
华电电力科学研究院——构建碳排放监测技术体系  助力实现“双碳”目标,,中国质量监管,2022-02-18,期刊
时间序列下北京市建筑运行碳排放变化特征与情景模拟,"['王京京', '卫佳佳']",北京工业大学学报,2022-02-16 13:10,期刊
科技创新、产业结构升级与碳排放效率——基于省际面板数据的PVAR分析,"['刘志华', '徐军委', '张彩虹']",自然资源学报,2022-02-16,期刊
近零能耗建筑碳排放及影响因素分析,"['冯国会', '崔航', '常莎莎', '黄凯良', '王茜如']",气候变化研究进展,2022-02-15 15:00,期刊
污泥处理处置路径碳排放分析,"['王琳', '李德彬', '刘子为', '李欢']",中国环境科学,2022-02-15 13:31,期刊
中国煤化工行业二氧化碳排放达峰路径研究,"['金玲', '郝成亮', '吴立新', '徐鑫', '刘文革', '陈潇君', '严刚', '张泽宸', '张鸿宇']",环境科学研究,2022-02-15,期刊
中国渔业经济碳排放驱动因素研究——基于LMDI和脱钩模型的双视角分析,"['马光辉', '张迎春', '姚芳斌']",青岛大学学报(自然科学版),2022-02-15,期刊
环境碳排放水平和早产发生的关联研究,"['孙琦', '张宏光', '张亚', '彭左旗', '路建波', '马旭']",中国计划生育学杂志,2022-02-15,期刊
碳排放环境影响评价分析,['马晋荣'],山西化工,2022-02-15,期刊
中国各省份碳排放脱钩效应、驱动因素及预测研究,"['吕靖烨', '李珏']",环境科学与技术,2022-02-15,期刊
,,,,
疫情背景下湖北省“十四五”时期碳排放情景分析,"['傅振仪', '李雅薇']",环境科学与技术,2022-02-15,期刊
天津市碳排放与土地利用——产业发展的耦合评价,"['付晓阳', '何邕健', '霍子文']",建筑创作,2022-02-15,期刊
资源型城市可持续发展对碳排放的影响研究——基于资源依赖的视角,"['郑贺允', '葛力铭']",中国环境科学,2022-02-14 16:17,期刊
基于LMDI河南省物流业碳排放影响因素研究,"['齐豫', '徐超毅']",洛阳理工学院学报(社会科学版),2022-02-11,期刊
后疫情时期家庭碳排放变化特征及影响因素分析,"['王一帆', '毛贝宁', '梁天宁', '郭丽思', '杜淑盼', '廖丹琦', '陈操操', '张珺', '范振林', '刘耕源']",自然资源情报,2022-02-09 14:26,期刊
中国农村能源消费碳排放区域非均衡性及驱动因素动态识别,"['张恒硕', '李绍萍', '彭民']",中国农村经济,2022-02-09 09:35,期刊
基于Revit的建筑碳排放预测原型系统,"['王豫婉', '徐梦熊']",工程建设标准化,2022-02-08,期刊
碳排放权权利属性论——兼谈中国碳市场交易规则的完善,['倪受彬'],政治与法律,2022-02-05,期刊
碳中和背景下国际碳排放治理的“共同责任”构建——共同但有区别责任的困境及消解,['邵莉莉'],政治与法律,2022-02-05,期刊
碳排放权交易立法的现实困境与推进策略,"['梅鑫', '丁粮柯']",中共山西省委党校学报,2022-02-01,期刊
山东省农业碳排放特征、影响因素及达峰分析,"['刘杨', '刘鸿斌']",中国生态农业学报(中英文),2022-01-29 17:09,期刊
腐蚀防护对钢铁材料降低碳排放的重要影响:以钢质管道全生命周期碳排放计量研究为例,"['唐鋆磊', '颜安', '张海龙', '林冰', '王莹莹', '张烈辉', '雷宪章', '左禹']",中国科学:技术科学,2022-01-28 18:08,期刊
生态保护、产业结构升级对碳排放的影响——基于长江经济带数据的实证,"['张晨露', '张凡']",统计与决策,2022-01-28 15:11,期刊
外资引入、技术进步偏向影响了制造业的碳排放吗?——来自我国27个制造行业面板数据模型的实证检验,"['李新安', '李慧']",中国软科学,2022-01-28,期刊
农业碳排放的EKC检验及影响因素研究——以长三角地区为例,"['梁潆月', '李兰英']",福建农业科技,2022-01-28,期刊
基于PVAR模型的我国能源消费、经济增长与碳排放关系研究,['李雨航'],煤炭经济研究,2022-01-28,期刊
碳排放权融资担保的法律性质与制度定位,['曹明哲'],世界环境,2022-01-26,期刊
县域尺度下河北省农业碳排放时空演变与影响因素研究,"['周一凡', '李彬', '张润清']",中国生态农业学报(中英文),2022-01-25 19:55,期刊
中国农业食物系统能源碳排放趋势分析,"['张向阳', '张玉梅', '冯晓龙', '樊胜根', '陈志钢']",中国生态农业学报(中英文),2022-01-25 11:34,期刊
碳排放交易的监管赋能：问题与方案,['张阳'],中国流通经济,2022-01-25 08:12,期刊
,,,,
深圳市近零碳排放区示范工程支撑体系探析,['何东海'],资源节约与环保,2022-01-25,期刊
中国碳排放权交易市场正式运营  全球碳排放市场加速推进  油气行业碳排放成本压力增大,"['王震', '李强', '欧阳琰']",国际石油经济,2022-01-25,期刊
我国交通运输业碳排放的典型特征辨析,"['黄雅迪', '陈泽生']",交通与运输,2022-01-25,期刊
我国快递业包装碳排放问题分析与对策——以郑州市为例,['刘旭彤'],物流技术,2022-01-25,期刊
中国产业部门碳排放关联效应——基于假设抽取法的分析,['黎江韵'],矿业研究与开发,2022-01-25,期刊
我国碳排放数据整合与应用的国际比较,"['李昕', '肖思瑶', '周俊涛']",金融市场研究,2022-01-25,期刊
论火力发电企业碳排放成本核算中存在的问题及对策,['苑鹤飞'],商业文化,2022-01-25,期刊
高铁网络、城市碳排放强度及空间溢出效应——来自长三角地区的证据,"['邓荣荣', '张翱祥', '陈鸣']",技术经济,2022-01-25,期刊
绿色信贷抑制了碳排放吗？——基于中国省级面板数据的研究,"['李增福', '冯柳华', '麦诗琪', '李岸瑶']",上海金融,2022-01-25,期刊
黄河流域碳排放脱钩效应及减排路径,"['张华明', '元鹏飞', '朱治双']",资源科学,2022-01-25,期刊
安徽工业经济增长与能源碳排放脱钩研究,['张纯'],河南科技大学学报(社会科学版),2022-01-24,期刊
碳排放数据造假背后的千万元利益诱惑,['陈婉'],环境经济,2022-01-23,期刊
碳排放权会计核算和信息披露问题研究——基于《碳排放权交易有关会计处理暂行规定》,"['张雁', '杨鑫']",河北金融,2022-01-18,期刊
基于县域尺度土地利用碳排放的时空分异及影响因素研究,"['张杰', '陈海', '刘迪', '史琴琴', '耿甜伟']",西北大学学报(自然科学版),2022-01-17 15:00,期刊
化石能源市场对碳排放权市场的影响存在区域性差异吗?,"['陈珂', '华靖芬', '李芸琪']",系统工程,2022-01-17 09:02,期刊
江苏省工业碳排放演变特征及影响因素识别研究,"['刘腾', '董洪光', '高乐红', '罗涛']",西安文理学院学报(自然科学版),2022-01-15,期刊
碳排放权交易、损益偏离与绿色经济效率关系研究,"['郭卫香', '孙慧']",生态经济,2022-01-15,期刊
长江经济带新型城镇化对旅游业碳排放的门槛效应研究,"['王兆峰', '汪倩']",长江流域资源与环境,2022-01-15,期刊
中西部地区产业发展与碳排放空间效应研究,"['吴永娇', '郑华珠', '董锁成', '钱娇']",生态经济,2022-01-15,期刊
中国城市居民收入和储蓄增长对家庭能耗碳排放的区域异质性及政策应对,"['李娜娜', '赵月', '王军锋']",生态经济,2022-01-15,期刊
,,,,
国家中心城市交通运输业碳排放效率研究,"['任梦洋', '黄羿', '付善明', '常向阳']",生态科学,2022-01-15,期刊
基于夜间灯光数据的湖南省县域碳排放时空格局及影响因素研究,"['赵先超', '彭竞霄', '胡艺觉', '张子兮']",生态科学,2022-01-15,期刊
碳排放权交易试点是否促进了对外直接投资？,"['郭蕾', '肖有智']",中国人口·资源与环境,2022-01-15,期刊
基于CiteSpace的我国贸易与碳排放问题研究文献计量分析,"['胡剑波', '王楷文', '张智勇']",杭州师范大学学报(社会科学版),2022-01-15,期刊
电力跨区传输视角下电动汽车规模化应用的碳排放转移,"['李文博', '龙如银', '张琳玲']",北京理工大学学报(社会科学版),2022-01-14,期刊
城市群碳排放空间关联网络结构及其影响因素,"['郑航', '叶阿忠']",中国环境科学,2022-01-13 14:28,期刊
基于土地利用变化的岳阳市碳排放时空格局研究,"['赵先超', '牛亚文', '肖杰', '张子兮']",湖南工业大学学报,2022-01-13,期刊
中国碳排放总量与强度的省际差异与因素分解,"['刘亦文', '阳超', '蔡宏宇']",湖南工业大学学报,2022-01-13,期刊
核算能源利用碳排放的两种方法,['舟丹'],中外能源,2022-01-12,期刊
我国碳排放核算工作现状,['舟丹'],中外能源,2022-01-12,期刊
全球七大碳排放数据库,['舟丹'],中外能源,2022-01-12,期刊
收入差距与经济集聚对碳排放影响的时空分析,"['张云辉', '郝时雨']",软科学,2022-01-11 17:33,期刊
旅游产业集聚对旅游业碳排放效率的空间溢出效应,"['王凯', '刘依飞', '甘畅']",生态学报,2022-01-11 10:19,期刊
中国物流业碳排放影响因素及产业关联研究,"['韩丽萍', '李明达', '刘炯']",北京交通大学学报(社会科学版),2022-01-10 11:08,期刊
长江经济带产业集聚对城市碳排放的影响：异质性与作用机制,"['赵凡', '罗良文']",改革,2022-01-10 09:08,期刊
中国碳排放权交易立法的现实考察和优化进路——兼议国际碳排放权交易立法的经验启示,"['丁粮柯', '梅鑫']",治理现代化研究,2022-01-10,期刊
数字经济发展对城市碳排放影响的空间效应,"['徐维祥', '周建平', '刘程军']",地理研究,2022-01-10,期刊
黄河流域碳排放的空间分异及影响因素研究,"['高新才', '韩雪']",经济经纬,2022-01-10,期刊
长三角地区能源消费碳排放驱动因素分析及优化策略,"['宋府霖', '韩传峰', '滕敏敏']",生态经济,2022-01-07 11:35,期刊
中国碳排放强度区域差异与空间收敛特征,"['王东', '李金叶']",统计与决策,2022-01-07 11:21,期刊
