序号,标题,房屋详细信息,总价,单价
1,满五唯一，无抵押，无户口，附带顶楼露台阳光房,4室2厅 | 191.1平米 | 南 北 | 简装 | 中楼层(共6层)  | 板楼,190,"9,943元/平"
2,此房满五年花园式小区物业费低，两卧朝南， 中间楼层,2室1厅 | 81.81平米 | 南 北 | 精装 | 中楼层(共6层)  | 板楼,80,"9,779元/平"
3,龙跃时代家园 多层大三房  采光好 可商贷,3室2厅 | 150.6平米 | 南 北 | 其他 | 低楼层(共7层)  | 平房,141,"9,363元/平"
4,康桥品质楼盘 精装修一天未住  中间楼层,3室2厅 | 121.01平米 | 南 北 | 其他 | 中楼层(共23层)  | 板楼,133,"10,991元/平"
5,财政局家属院 多层步梯带露台 南北通透大三房,3室2厅 | 164.91平米 | 南 北 | 简装 | 低楼层(共6层)  | 板楼,238,"14,433元/平"
6,契税满二年，全款房，高楼层，视野采光绝绝子,3室2厅 | 124.9平米 | 南 | 精装 | 中楼层(共33层)  | 板楼,165,"13,211元/平"
7,永威高品质改善小区  中间好楼层  精装小三房,3室2厅 | 89.3平米 | 南 | 精装 | 中楼层(共30层)  | 板楼,117,"13,102元/平"
8,带院30平 优质通透两房 满五唯一 无贷款 另带地下室,2室2厅 | 92.09平米 | 南 | 精装 | 低楼层(共6层)  | 板楼,95,"10,316元/平"
9,精装修，朝南大两房，客厅大阳台落地窗,2室2厅 | 95.65平米 | 南 | 精装 | 中楼层(共18层)  | 板楼,210,"21,956元/平"
10,婚房装修 双气精装修 全天采光,2室2厅 | 72.85平米 | 南 | 精装 | 高楼层(共34层)  | 板楼,101,"13,865元/平"
11,洋房顶层复式，户型好，采光好，业主急售,4室1厅 | 142.8平米 | 南 北 | 毛坯 | 高楼层(共7层)  | 板楼,175,"12,255元/平"
12,理想名家 3室2厅 东 东南,3室2厅 | 100.59平米 | 东 东南 | 精装 | 低楼层(共18层)  | 板塔结合,65,"6,462元/平"
13,地铁口 南北格局 中间楼层 视野宽阔 交通便利！,3室2厅 | 126.57平米 | 南 北 | 简装 | 中楼层(共7层)  | 板楼,113,"8,928元/平"
14,三环内 精装朝南三房，采光视野无遮挡，装修保持较好,3室2厅 | 89.99平米 | 南 | 精装 | 中楼层(共33层)  | 板塔结合,119.6,"13,291元/平"
15,三环内地铁口，两梯三户小高层，南北通透，不临路,3室2厅 | 102.96平米 | 南 北 | 简装 | 高楼层(共15层)  | 板楼,108,"10,490元/平"
16,精装修，满五年唯一，楼层高，采光好。,3室2厅 | 88.05平米 | 南 | 精装 | 26层  | 板塔结合,101.8,"11,562元/平"
17,琴海花苑 精装 双气 通透三房 满五唯一 多层公摊小,3室1厅 | 94.72平米 | 南 北 | 精装 | 中楼层(共6层)  | 板楼,122,"12,881元/平"
18,龙湖旁，低密电梯小三房，精装。,3室2厅 | 91.66平米 | 东南 | 精装 | 中楼层(共18层)  | 板塔结合,112,"12,220元/平"
19,满五唯一 低楼层 温馨小3房    诚心出售,3室1厅 | 70.15平米 | 南 北 | 精装 | 6层  | 板楼,42.5,"6,059元/平"
20,中间楼层 精装修 领包入住，业主自己解压。,3室1厅 | 88.7平米 | 南 | 精装 | 中楼层(共20层)  | 板楼,67,"7,554元/平"
21,好楼栋位置，税费少，随时看房，业主售房置换,3室1厅 | 88.4平米 | 南 | 精装 | 低楼层(共34层)  | 板塔结合,87,"9,842元/平"
22,为数不多四房户型，中高楼层，采光视野好，诚心出售。,4室2厅 | 142.72平米 | 南 北 | 精装 | 高楼层(共18层)  | 板楼,435,"30,480元/平"
23,临河而居 小初连上 交通方便 配套成熟 诚心出售,3室2厅 | 91.02平米 | 南 | 简装 | 中楼层(共34层)  | 板塔结合,95,"10,438元/平"
24,航海路 滨河名家 多层三楼 带50平露台 南北通透三房,3室2厅 | 113平米 | 南 北 | 简装 | 中楼层(共6层)  | 板楼,131,"11,593元/平"
25,银苑社区 3室2厅 北 南,3室2厅 | 108.32平米 | 北 南 | 简装 | 低楼层(共7层)  | 板楼,95,"8,771元/平"
26,此房两梯四户的小高层，中间楼层，满五唯一,3室2厅 | 87.49平米 | 南 北 | 简装 | 低楼层(共17层)  | 板楼,112,"12,802元/平"
27,品质小区 精装三房 小高层 诚心出售,3室2厅 | 90.08平米 | 南 北 | 精装 | 高楼层(共11层)  | 塔楼,133,"14,765元/平"
28,纯洋房社区，不临街不临路，位置好，毛坯   诚心卖,3室2厅 | 88.42平米 | 东 | 毛坯 | 低楼层(共8层)  | 板塔结合,120,"13,572元/平"
29,交行家属院  多层中间楼层大三房   采光好 可商贷,3室2厅 | 126.09平米 | 南 北 | 其他 | 中楼层(共6层)  | 板楼,140,"11,104元/平"
30,二环内 2020年的次新房有车位 中楼层 大三房 南北通透,3室2厅 | 133.19平米 | 南 北 | 简装 | 高楼层(共34层)  | 板塔结合,180,"13,515元/平"
31,精装修两室朝南 客厅朝西 看房方便地铁口 交通方便。,3室2厅 | 139.3平米 | 南 北 | 精装 | 低楼层(共33层)  | 塔楼,158,"11,343元/平"
32,龙湖外国语湿地公园旁中间楼层大三房,3室1厅 | 126.84平米 | 南 | 其他 | 中楼层(共22层)  | 板楼,87,"6,860元/平"
33,满五唯一  东风渠  圣菲城  三加一户型  诚心出售,3室2厅 | 137.65平米 | 南 | 精装 | 低楼层(共33层)  | 塔楼,245,"17,799元/平"
34,翰林国际孔园  纯南户 视野好 全款毛坯房 诚心卖,2室2厅 | 88.64平米 | 南 | 毛坯 | 高楼层(共32层)  | 板楼,95,"10,718元/平"
35,三环地铁口，满五唯一，多层一楼，适合居住，出行方便,2室2厅 | 96.73平米 | 南 | 简装 | 低楼层(共6层)  | 板楼,97,"10,028元/平"
36,在郑州均价4000多买两房不在是梦，此房源满足您的想象,2室1厅 | 68.06平米 | 北 | 简装 | 高楼层(共7层)  | 板楼,29.8,"4,379元/平"
37,业主诚心出售，精装修，近地铁，新社区，税费少,3室2厅 | 113.4平米 | 南 北 | 精装 | 高楼层(共21层)  | 板塔结合,89,"7,849元/平"
38,精装修，公积金贷款，近地铁，万科品质物业小区,3室1厅 | 88.32平米 | 西 北 | 其他 | 高楼层(共34层)  | 板塔结合,102,"11,549元/平"
39,金科城一期 三开间朝南三居室 楼层采光好,3室2厅 | 88.15平米 | 南 | 简装 | 中楼层(共34层)  | 板塔结合,162,"18,378元/平"
40,美景菩提 新装修 南户88平三房诚心出售,3室2厅 | 87.5平米 | 南 | 简装 | 高楼层(共33层)  | 板楼,136,"15,543元/平"
41,永威品质小区 自己的物业 经典四叶草户型,4室2厅 | 169.14平米 | 南 北 | 毛坯 | 中楼层(共20层)  | 塔楼,230,"13,599元/平"
42,精装修拎包入住，全天采光无遮挡，无抵押无贷款,3室2厅 | 118.77平米 | 南 西南 | 精装 | 高楼层(共32层)  | 板塔结合,186,"15,661元/平"
43,满两年，户型合理，南北通 自住装修，业主诚意出售,3室1厅 | 88.25平米 | 南 北 | 精装 | 高楼层(共27层)  | 板塔结合,106.5,"12,068元/平"
44,中原东路78号院 3室2厅 南,3室2厅 | 123.79平米 | 南 | 精装 | 高楼层(共26层)  | 板楼,248,"20,034元/平"
45,央企开发 地铁口 随时看房 业主着急卖,3室1厅 | 87.59平米 | 南 | 简装 | 高楼层(共27层)  | 板塔结合,110,"12,559元/平"
46,陇海路南关街 兴商公寓 3楼 70年产权住宅 2004年,2室1厅 | 60.61平米 | 东 | 精装 | 中楼层(共7层)  | 板塔结合,45,"7,425元/平"
47,此房是南户型两室两厅方正无浪费户型,2室1厅 | 88.37平米 | 南 北 | 精装 | 低楼层(共33层)  | 板楼,115.5,"13,071元/平"
48,清水苑四房，户型方正，南北通透，看房有钥匙,4室2厅 | 155.75平米 | 南 北 | 毛坯 | 中楼层(共7层)  | 板楼,210,"13,484元/平"
49,伊河路57-101号 2室1厅 南,2室1厅 | 61.65平米 | 南 | 简装 | 中楼层(共6层)  | 板楼,40,"6,489元/平"
50,出门一号线地张口，金源精典两房，户型好，适合居住,2室1厅 | 73.91平米 | 北 | 其他 | 低楼层(共13层)  | 板塔结合,79,"10,689元/平"
51,月季公园旁，大三房，双气，单价九千多，看房有钥匙,3室2厅 | 132.45平米 | 南 北 | 简装 | 低楼层(共28层)  | 板塔结合,123,"9,287元/平"
52,户型方正、业主诚心出售随时签约,3室2厅 | 116.78平米 | 南 北 | 简装 | 中楼层(共7层)  | 板楼,99.9,"8,555元/平"
53,四月天小区，电梯四室，无贷 唯一  看房方便,4室2厅 | 152.91平米 | 南 | 简装 | 高楼层(共11层)  | 板楼,189,"12,361元/平"
54,双地铁口 南北通透  双卫双阳台 精装修 中间楼层,3室2厅 | 138.31平米 | 北 南 | 精装 | 中楼层(共33层)  | 板塔结合,155,"11,207元/平"
55,亚星盛世广场，环境优美，宛如城市的天然氧吧。,2室2厅 | 98.86平米 | 南 北 | 精装 | 高楼层(共6层)  | 板楼,39.9,"4,037元/平"
56,上街区成熟社区公园里的家出行方便,2室1厅 | 107.77平米 | 东 | 精装 | 中楼层(共23层)  | 板塔结合,49.5,"4,594元/平"
57,满五的大两室 业主目前急售 亚新物业,2室2厅 | 81.36平米 | 南 北 | 精装 | 高楼层(共15层)  | 板塔结合,75,"9,219元/平"
58,精装修，两梯四户，中间好楼层，标准朝南两房户型,2室2厅 | 87.71平米 | 东 南 | 精装 | 33层  | 板塔结合,119,"13,568元/平"
59,地铁口简装两房 电梯洋房社区 绿化好 居住舒适,2室2厅 | 88.12平米 | 南 北 | 简装 | 中楼层(共7层)  | 板楼,45,"5,107元/平"
60,悦府海棠 小三房 好楼层 采光好 地铁口,3室2厅 | 89.35平米 | 南 | 简装 | 中楼层(共28层)  | 板塔结合,59,"6,604元/平"
61,业主急售！毛坯房！朝南户型，大四室！,4室2厅 | 130.4平米 | 南 北 | 毛坯 | 高楼层(共33层)  | 板塔结合,220,"16,872元/平"
62,此房满两年 税费低 业主诚心急售 随时看房,3室2厅 | 87.17平米 | 南 北 | 毛坯 | 低楼层(共34层)  | 板楼,154.9,"17,770元/平"
63,地铁口双卫精装南北户型大三房户型方正采光好，楼层好,3室2厅 | 114.96平米 | 南 北 | 精装 | 低楼层(共33层)  | 板楼,142,"12,353元/平"
64,双地铁   得房率高   业主诚心出售，看房方便,2室2厅 | 88.97平米 | 南 | 简装 | 中楼层(共7层)  | 板塔结合,95,"10,678元/平"
65,小一室，房子诚信出，看房有钥匙比较方便,1室0厅 | 28.85平米 | 东 | 其他 | 低楼层(共6层)  | 塔楼,39,"13,519元/平"
66,满五唯一 东南两居 拎包入住 文三 四十七中,2室1厅 | 82.3平米 | 东南 | 精装 | 高楼层(共22层)  | 塔楼,145,"17,619元/平"
67,边户小三房 南北通透 眺望东风渠,3室2厅 | 90.11平米 | 南 北 | 简装 | 高楼层(共32层)  | 板塔结合,121,"13,429元/平"
68,省直小区，多层2楼， 小区停车方便， 双气,3室1厅 | 87.3平米 | 南 北 | 简装 | 低楼层(共6层)  | 板楼,104,"11,913元/平"
69,精装修拎包入住   看房方便   好楼层  出行方便,2室1厅 | 84.51平米 | 南 | 精装 | 中楼层(共26层)  | 板楼,49.8,"5,893元/平"
70,业主诚心出售，精装修，116平103万，随时看房,3室1厅 | 116.07平米 | 南 北 | 精装 | 中楼层(共26层)  | 板楼,103,"8,874元/平"
71,法兰原著 3室1厅 南 北,3室1厅 | 121.72平米 | 南 北 | 简装 | 高楼层(共20层)  | 板楼,88,"7,230元/平"
72,步梯好楼层，楼层好，户型好，采光好,3室2厅 | 125.45平米 | 南 | 精装 | 中楼层(共6层)  | 板塔结合,75,"5,979元/平"
73,精装修两居 满两年 小高层 拎包入住,2室1厅 | 87.88平米 | 南 | 精装 | 低楼层(共17层)  | 塔楼,112,"12,745元/平"
74,满五唯一，中间楼层，采光充足，诚心出售,3室2厅 | 99.1平米 | 东 南 北 | 简装 | 高楼层(共34层)  | 板塔结合,105,"10,596元/平"
75,雅居乐方正大四房！四中旁 业主急售 产权清晰随时过户,4室2厅 | 155.12平米 | 南 北 | 毛坯 | 低楼层(共11层)  | 板楼,120,"7,736元/平"
76,大河春天b区  双气小高层  精装大三室   全名户型,3室2厅 | 142.76平米 | 南 | 简装 | 11层  | 板楼,165,"11,558元/平"
77,地铁口   户型好   南北通透,3室2厅 | 92.05平米 | 南 北 | 简装 | 低楼层(共18层)  | 板塔结合,107,"11,625元/平"
78,此房楼层好 采光视野好 契税满二，原值高基本没个税,3室2厅 | 89.61平米 | 南 北 | 精装 | 高楼层(共34层)  | 板塔结合,115,"12,834元/平"
79,火车站西广场 三楼 两室一厅 南北通透户型 急售,2室1厅 | 58.53平米 | 南 北 | 其他 | 中楼层(共6层)  | 板楼,45,"7,689元/平"
80,地铁口 文三 47，北三环花园路 朝南 好楼层精装一室,1室1厅 | 51.25平米 | 南 | 精装 | 中楼层(共16层)  | 塔楼,56.8,"11,083元/平"
81,泰成悦府，毛坯好楼层，采光好，,3室2厅 | 126平米 | 西 | 毛坯 | 中楼层(共32层)  | 板塔结合,80.5,"6,389元/平"
82,郑大旁地铁口、满五唯一、双气精装修小三房,3室2厅 | 87.86平米 | 南 | 精装 | 低楼层(共34层)  | 板楼,107,"12,179元/平"
83,汝河小区 双气两房 中间楼层 采光好 业主诚心出售,2室1厅 | 52.89平米 | 东 | 简装 | 中楼层(共7层)  | 板楼,30,"5,673元/平"
84,亚星望江居临门三房 全新未住过 婚房 看房方便,3室2厅 | 105.23平米 | 南 | 精装 | 中楼层(共34层)  | 板楼,128,"12,164元/平"
85,地铁口郑大旁！万科品质精装三居 靠谱出售 随时看房,3室2厅 | 85.06平米 | 南 | 精装 | 高楼层(共34层)  | 板楼,103,"12,110元/平"
86,管外  大三房  错过拍大腿！！！,3室2厅 | 141.48平米 | 南 北 | 精装 | 高楼层(共34层)  | 塔楼,217,"15,338元/平"
87,双气社区人车分流  精装朝南 满五年 唯一 中间楼层,3室2厅 | 88.55平米 | 南 北 | 精装 | 中楼层(共33层)  | 板塔结合,123,"13,891元/平"
88,人车分流，小区优质小三房  ！,3室2厅 | 89.6平米 | 北 | 精装 | 高楼层(共33层)  | 板塔结合,148,"16,518元/平"
89,业主自住精装修 南面是洋房 无遮挡采光好 有房本,2室2厅 | 88.57平米 | 南 北 | 精装 | 中楼层(共30层)  | 板塔结合,76,"8,581元/平"
90,国龙二期 5个阳台 带车位 业主诚心,4室2厅 | 167.44平米 | 西 | 精装 | 低楼层(共31层)  | 板楼,375,"22,397元/平"
91,中间楼层，采光好，满五唯一，中间楼层，诚心出售,3室2厅 | 89.96平米 | 西南 | 精装 | 低楼层(共34层)  | 板楼,130,"14,451元/平"
92,西流湖畔 精装 南北通透 洋房社区 带车位,3室2厅 | 135.04平米 | 南 北 | 精装 | 低楼层(共31层)  | 板楼,178,"13,182元/平"
93,英协路  商城路 04年双气二楼通透三房 满五年 无贷款,3室2厅 | 121.04平米 | 南 北 | 简装 | 低楼层(共7层)  | 板楼,138,"11,402元/平"
94,二环边 地铁口 满五唯一 无抵押 南北通透 中间楼层,3室2厅 | 141.67平米 | 南 北 | 简装 | 中楼层(共7层)  | 板楼,120,"8,471元/平"
95,地铁六号线。小区环境优美。人车分流。中间楼层采光,3室2厅 | 104.88平米 | 南 北 | 精装 | 中楼层(共17层)  | 塔楼,56,"5,340元/平"
96,金税小区 5室3厅 南,5室3厅 | 210平米 | 南 | 精装 | 高楼层(共6层)  | 板楼,70,"3,334元/平"
97,精装，大平层，新房子没有入住过，房东去外地发展,5室2厅 | 306.04平米 | 南 北 | 精装 | 中楼层(共27层)  | 板楼,290,"9,476元/平"
98,紫荆山瑞园2号楼 地暖50万精装双卫大三房 巴中有钥匙,3室2厅 | 152.84平米 | 南 北 | 精装 | 26层  | 板楼,409,"26,761元/平"
99,1号线14号线地铁口，精装三房，2018年，人车分流,3室2厅 | 117.55平米 | 南 北 | 精装 | 低楼层(共33层)  | 板楼,145,"12,336元/平"
100,二环边，一梯一户，纯毛坯，无抵押,3室2厅 | 137.64平米 | 南 | 毛坯 | 中楼层(共7层)  | 板楼,99,"7,193元/平"
101,此房南北通透，低楼层，看房方便 诚心出售,2室1厅 | 56.47平米 | 南 北 | 精装 | 中楼层(共5层)  | 板楼,153,"27,095元/平"
102,契税满二 税少 楼层好 视野宽阔 采光充足,3室2厅 | 108.21平米 | 南 北 | 毛坯 | 中楼层(共34层)  | 板塔结合,105,"9,704元/平"
103,央企保利人车分流通透标准91平小 没有贷款 三室好楼层,3室2厅 | 91.47平米 | 南 北 | 简装 | 高楼层(共34层)  | 板楼,132,"14,431元/平"
104,店长推荐，次新社区，满五唯一，业主诚心,3室1厅 | 140.84平米 | 南 北 | 简装 | 低楼层(共11层)  | 板楼,386,"27,407元/平"
105,正商品质 经典大三房 小区绿化高 业主诚心出售,3室2厅 | 130.7平米 | 南 北 | 精装 | 高楼层(共27层)  | 板楼,172,"13,160元/平"
106,北龙湖真正的别墅   地铁4号线龙源一街站  公园搬回家,5室2厅 | 238.97平米 | 南 北 | 简装 | 低楼层(共3层)  | 暂无数据,368,"15,400元/平"
107,带电梯6+7复式 有露台  精装70万左右 不临路 不临街,6室3厅 | 185.44平米 | 南 北 | 精装 | 高楼层(共6层)  | 板楼,355,"19,144元/平"
108,御府三号 3室2厅 南 北,3室2厅 | 134.01平米 | 南 北 | 简装 | 中楼层(共6层)  | 板楼,140,"10,447元/平"
109,光大银行家属院 标准三房 一梯两户 刚装修两年,3室1厅 | 88.38平米 | 南 北 | 精装 | 中楼层(共7层)  | 板楼,131,"14,823元/平"
110,绿城百合花园  观景三室  毛坯房可自由装修,3室2厅 | 135.75平米 | 南 北 | 毛坯 | 高楼层(共13层)  | 塔楼,105,"7,735元/平"
111,金水北，地铁口，拎包住的好房子,3室2厅 | 108.01平米 | 西南 | 精装 | 中楼层(共25层)  | 板塔结合,122,"11,296元/平"
112,地铁口 双气次新小区 总高17层两梯三户近学X 未来可期,3室1厅 | 86.71平米 | 南 西北 北 | 毛坯 | 高楼层(共17层)  | 板楼,109,"12,571元/平"
113,临河而居 全款过户快 中间楼层 精装 配套成熟,3室2厅 | 88.48平米 | 南 | 精装 | 中楼层(共35层)  | 板楼,102,"11,529元/平"
114,东润城 三开间朝南得房率高采光无忧 随时可以看房。,3室2厅 | 85.8平米 | 南 | 毛坯 | 低楼层(共32层)  | 板塔结合,78,"9,091元/平"
115,满五唯一，国风宋韵 改善社区 稀 有边户 诚心出售,3室2厅 | 122.91平米 | 南 北 | 毛坯 | 中楼层(共20层)  | 板楼,115,"9,357元/平"
116,低楼层可以贷款三房，地铁2号线和5号线，看房方便,3室2厅 | 94.05平米 | 南 | 简装 | 中楼层(共6层)  | 板楼,85,"9,038元/平"
117,此房满五唯一，南北通透格局，采光好无遮挡。,3室2厅 | 108.67平米 | 南 北 | 简装 | 中楼层(共6层)  | 板楼,52.5,"4,832元/平"
118,8层电梯洋房，东边户，采光充足，成交快,3室2厅 | 134.71平米 | 东 | 精装 | 中楼层(共8层)  | 板楼,173,"12,843元/平"
119,锦艺城80平 精装2居室 地铁1号线和5号线 交通便利,2室1厅 | 79.72平米 | 东南 | 精装 | 中楼层(共34层)  | 板塔结合,98,"12,294元/平"
120,金帝城 大三室，南北通透，满五年。看房方便，,3室2厅 | 135平米 | 南 北 | 简装 | 低楼层(共7层)  | 板楼,75,"5,556元/平"
121,房屋新，好楼层楼层，采光好，适合每个年龄段居住。,2室2厅 | 88.91平米 | 南 | 精装 | 中楼层(共19层)  | 塔楼,120,"13,497元/平"
122,精装边户，拎包即住，三面采光，通风采光更好精装边户,3室2厅 | 121.66平米 | 西 | 精装 | 中楼层(共31层)  | 板楼,95,"7,809元/平"
123,环境优美，视野宽阔，阳光充足，价格可谈,3室1厅 | 89.79平米 | 南 北 | 精装 | 低楼层(共34层)  | 板楼,57,"6,349元/平"
124,精装三室  满五唯一  家具家电齐全 拎包入住！,3室1厅 | 87.61平米 | 南 | 精装 | 高楼层(共30层)  | 板塔结合,58.9,"6,723元/平"
125,南北通透户型，2013年建成，双地铁口,3室1厅 | 126.8平米 | 南 北 | 简装 | 中楼层(共18层)  | 塔楼,189,"14,906元/平"
126,浩创奥园 3室2厅 南,3室2厅 | 100.73平米 | 南 | 简装 | 中楼层(共25层)  | 塔楼,62.8,"6,235元/平"
127,诚心出售，税少，楼层佳 出行便利 大三房，随时看房,3室2厅 | 125.25平米 | 西南 | 简装 | 26层  | 塔楼,123,"9,821元/平"
128,此房满五年，南北透通，楼层好，采光充足配套设施齐全,3室2厅 | 130.08平米 | 南 北 | 其他 | 中楼层(共26层)  | 板塔结合,355,"27,291元/平"
129,板楼2层，看房有钥匙，户型方正，公摊小，有万达广场,3室1厅 | 57.33平米 | 南 北 | 简装 | 中楼层(共4层)  | 板楼,36,"6,280元/平"
130,此房通透，全明户型 格局好，，您的优选！,2室1厅 | 65.72平米 | 南 西南 | 精装 | 中楼层(共34层)  | 板塔结合,72,"10,956元/平"
131,和昌盛世城邦洋房 满五 随时看房 业主诚售,3室2厅 | 129.45平米 | 南 北 | 毛坯 | 中楼层(共6层)  | 板楼,85,"6,567元/平"
132,锦艺城低楼层两房，1994年可贷款,2室1厅 | 60.85平米 | 南 | 简装 | 低楼层(共7层)  | 板楼,50,"8,217元/平"
133,锦艺旁    1楼   多层      交通方便   公摊少,2室1厅 | 54.2平米 | 南 | 简装 | 低楼层(共7层)  | 暂无数据,49,"9,041元/平"
134,公园旁 新建小  学一路之隔 精装三室 通透户型,3室2厅 | 119.29平米 | 南 北 | 精装 | 低楼层(共33层)  | 暂无数据,59,"4,946元/平"
135,大溪地七号院 电梯洋房 好楼层 价格美,3室2厅 | 118.7平米 | 南 北 | 毛坯 | 高楼层(共9层)  | 板楼,80,"6,740元/平"
136,客厅带阳台 无贷款 自住婚房装修 想省事的家人看过来,2室2厅 | 89.64平米 | 南 | 精装 | 低楼层(共25层)  | 板楼,122,"13,610元/平"
137,永丰乐城幸福里119平，纯边户大3房，好楼层，诚心出售,3室2厅 | 119.03平米 | 南 北 | 毛坯 | 中楼层(共30层)  | 板塔结合,83,"6,974元/平"
138,高新万达旁  毛坯两房   满五唯一  税费少,2室1厅 | 73.62平米 | 南 | 毛坯 | 中楼层(共34层)  | 板楼,90,"12,225元/平"
139,通和盛世西院 3室2厅 南 北,3室2厅 | 108.86平米 | 南 北 | 精装 | 26层  | 板塔结合,118,"10,840元/平"
140,生活便利，出行高效，人车分流，万科品质小三房。,3室1厅 | 89.23平米 | 西北 北 | 精装 | 中楼层(共33层)  | 板塔结合,105,"11,768元/平"
141,学府旁 品质双气好楼层 二次装修大三房 税费少,3室2厅 | 127.67平米 | 南 北 | 精装 | 中楼层(共33层)  | 板塔结合,210,"16,449元/平"
142,华南城中园 精装三房两厅两卫 拎包入住,3室2厅 | 113.31平米 | 南 北 | 精装 | 高楼层(共33层)  | 板楼,80.9,"7,140元/平"
143,一江弘城简装三室采光好方正户型出售,3室1厅 | 106.05平米 | 东 | 精装 | 中楼层(共18层)  | 板楼,75,"7,073元/平"
144,出门儿童公园胖，5号线 地铁，世纪联华双气两房,2室1厅 | 56.04平米 | 北 | 精装 | 中楼层(共33层)  | 板楼,69,"12,313元/平"
145,康桥品质 全屋定制 拎包入住精致三房 业主诚意出售,3室2厅 | 86.22平米 | 南 北 | 精装 | 33层  | 板楼,70,"8,119元/平"
146,精装修，视野好，装修花了十几万，南北通透，,3室2厅 | 144.22平米 | 南 北 | 精装 | 低楼层(共17层)  | 板楼,116,"8,044元/平"
147,141平 南北通三房145万 诚心卖,3室2厅 | 140.79平米 | 南 北 | 毛坯 | 高楼层(共18层)  | 板塔结合,145,"10,300元/平"
148,农业路金二环地铁口三房，满五省税65平业主诚心出售,3室1厅 | 65.4平米 | 南 北 | 简装 | 5层  | 板楼,39,"5,964元/平"
149,中州大道北三环 11层小高层 三卧室朝南,3室2厅 | 114.57平米 | 南 | 其他 | 中楼层(共11层)  | 板楼,124,"10,824元/平"
150,新县城精装三房，全新装修新房入住不满两个月。,3室2厅 | 112.8平米 | 南 | 精装 | 中楼层(共22层)  | 板塔结合,99.99,"8,865元/平"
151,布局合理，户型通透，舒适两房，采光好 临地铁一号线,2室1厅 | 55.16平米 | 南 北 | 简装 | 中楼层(共6层)  | 板楼,36,"6,527元/平"
152,福泽家园    电梯双气   精装小3室  可拎包入住,3室2厅 | 94.04平米 | 南 北 | 精装 | 低楼层(共25层)  | 板塔结合,49.9,"5,307元/平"
153,广武路演武路口永泰花园多层3楼精装3室未入住有天然气,3室2厅 | 115.13平米 | 南 | 精装 | 中楼层(共6层)  | 暂无数据,53.5,"4,647元/平"
154,泰成悦府稀有边户三室两厅两卫精装,3室2厅 | 113.31平米 | 东 南 | 精装 | 低楼层(共32层)  | 板塔结合,83,"7,326元/平"
155,此房装修好  契税满二，原值高基本没个税 采光好,3室2厅 | 89.99平米 | 南 | 精装 | 中楼层(共34层)  | 板塔结合,128,"14,224元/平"
156,精装修房子  楼层好  东边户 电梯双气,3室2厅 | 100.59平米 | 南 | 精装 | 中楼层(共18层)  | 板塔结合,68,"6,761元/平"
157,满五唯一，户型方正，地暖入户，配套成熟,3室2厅 | 88.2平米 | 南 | 精装 | 中楼层(共33层)  | 板塔结合,118,"13,379元/平"
158,五号线地铁口，双气，小户型，南户，满五唯一,1室1厅 | 56.86平米 | 南 | 其他 | 低楼层(共16层)  | 板塔结合,46,"8,091元/平"
159,建业品质 象湖旁  郑开边  146平方正精装大三房,3室2厅 | 145.93平米 | 南 北 | 精装 | 高楼层(共26层)  | 板楼,140,"9,594元/平"
160,一楼带院，南北通透三房，精装修，全新电器，拎包住,3室2厅 | 101.81平米 | 南 北 | 精装 | 低楼层(共6层)  | 板楼,135,"13,260元/平"
161,地铁口|大三房|带北侧平台 新田360旁南北通透随时看房,3室2厅 | 122.01平米 | 南 北 | 其他 | 低楼层(共27层)  | 塔楼,178,"14,589元/平"
162,双地铁口，精装修南方正大四室，诚心出售,4室1厅 | 142.26平米 | 东南 | 其他 | 高楼层(共33层)  | 板楼,160,"11,248元/平"
163,航海路上二环内 次新小区 金地开发 人车分流 诚心出售,3室2厅 | 96.86平米 | 南 | 其他 | 中楼层(共34层)  | 板楼,149,"15,384元/平"
164,大阳台 好位置 好楼层 诚心卖 无抵押,2室2厅 | 97.15平米 | 南 | 其他 | 32层  | 板楼,175,"18,014元/平"
165,宋砦小区三号院 中楼层 均价低 随时看房,3室2厅 | 129.87平米 | 南 北 | 毛坯 | 中楼层(共7层)  | 板楼,86,"6,623元/平"
166,南北户型，采光充足，小区配套齐全，公园，健身器材,2室1厅 | 79.17平米 | 南 北 | 其他 | 中楼层(共5层)  | 板楼,58,"7,327元/平"
167,地铁口，满五唯一，配套全 业主诚心,1室0厅 | 41.85平米 | 南 | 简装 | 中楼层(共26层)  | 塔楼,32,"7,647元/平"
168,外国语牧歌 南北通透大四房 随时看房,4室2厅 | 167.49平米 | 北 南 | 简装 | 高楼层(共30层)  | 板塔结合,153,"9,135元/平"
169,小区中间的 位置一梯一户，品质上档次，动静分区,3室1厅 | 133.85平米 | 南 北 | 毛坯 | 34层  | 板楼,98,"7,322元/平"
170,长盛广场两室，成套住宅，满五唯一，好楼层,2室1厅 | 72.96平米 | 西 | 简装 | 中楼层(共19层)  | 塔楼,47.5,"6,511元/平"
171,满五年唯一有钥匙 中间层朝东向采光好,1室1厅 | 56.07平米 | 东 | 简装 | 中楼层(共25层)  | 板塔结合,50,"8,918元/平"
172,SOHO广场 1室0厅 西南,1室0厅 | 42.81平米 | 西南 | 精装 | 高楼层(共21层)  | 塔楼,29,"6,775元/平"
173,海马公园D区 2室1厅 西北,2室1厅 | 88.46平米 | 西北 | 精装 | 高楼层(共33层)  | 板塔结合,190,"21,479元/平"
174,锦尚新城 一楼带院 种菜养花可美了,3室1厅 | 130.46平米 | 东南 | 其他 | 低楼层(共26层)  | 塔楼,49,"3,756元/平"
175,满五唯一，看房方便，中间楼层.业主急卖,3室1厅 | 67.37平米 | 南 | 其他 | 中楼层(共6层)  | 板楼,45,"6,680元/平"
176,郑东新区永威品质 毛坯 园林小区 电梯入户，诚心出售,4室2厅 | 172.17平米 | 南 北 | 毛坯 | 中楼层(共20层)  | 塔楼,220,"12,779元/平"
177,地铁1号线 康桥物业 户型方正 配套成熟 业主诚售,3室1厅 | 100.35平米 | 南 北 | 其他 | 高楼层(共34层)  | 板塔结合,116,"11,560元/平"
178,此房满五唯一，i交通便利，配套齐全，一楼带院，,3室2厅 | 119.99平米 | 西 | 简装 | 低楼层(共6层)  | 暂无数据,52.9,"4,409元/平"
179,宇通家属院通透舒适两居室 高楼层 多层洋房带电梯,2室2厅 | 68.49平米 | 南 北 | 简装 | 高楼层(共7层)  | 板楼,75,"10,951元/平"
180,纯纯毛坯！随心装修！位于中上楼层，南向采光不错,2室1厅 | 89.69平米 | 南 | 其他 | 低楼层(共34层)  | 板楼,97,"10,816元/平"
181,纯纯毛坯！随心装修！位于中上楼层，南向采光不错,2室1厅 | 89.69平米 | 南 | 其他 | 低楼层(共34层)  | 板楼,97,"10,816元/平"
182,阳光花苑南北通透户型方正精装修全明户型,3室2厅 | 137.24平米 | 南 北 | 简装 | 中楼层(共17层)  | 塔楼,205,"14,938元/平"
183,圣菲城河景房 精装三房 大车位 拎包入住,3室2厅 | 88.69平米 | 西 北 | 精装 | 高楼层(共28层)  | 塔楼,182,"20,521元/平"
184,三环内 地铁近 优质通透大三房 三个大阳台 采光nice,3室2厅 | 129.17平米 | 南 北 | 精装 | 中楼层(共7层)  | 板楼,107,"8,284元/平"
185,《贝壳优选》不临高架 25万高品质装修全屋地暖 带车位,3室1厅 | 85.71平米 | 南 | 精装 | 中楼层(共34层)  | 板楼,128,"14,935元/平"
186,全明设计格局好，好楼层双阳台，精装修，拎包入住,3室2厅 | 120.73平米 | 南 | 精装 | 中楼层(共33层)  | 板楼,130,"10,768元/平"
187,好楼层大三房 不临街不临路 双气精装修 拎包入住,3室2厅 | 109.66平米 | 南 | 精装 | 11层  | 板楼,99,"9,028元/平"
188,亚星望江居 3室2厅 南,3室2厅 | 102.29平米 | 南 | 精装 | 中楼层(共34层)  | 板楼,125,"12,221元/平"
189,青年公园旁，怡丰新都汇，大三房，产权清,4室2厅 | 119.86平米 | 南 | 精装 | 34层  | 板塔结合,159,"13,266元/平"
190,一梯一户 碧桂园物业 标准地铁口，商都路通泰路地铁口,3室2厅 | 130.3平米 | 南 北 | 简装 | 中楼层(共18层)  | 板塔结合,179,"13,738元/平"
191,精装3房，视野开阔，中间楼层，诚心出售,3室1厅 | 88.46平米 | 南 | 其他 | 26层  | 板塔结合,100,"11,305元/平"
192,金色嘉园两室户型业主诚心出售有房本,2室2厅 | 79.09平米 | 南 北 | 简装 | 低楼层(共7层)  | 板楼,145,"18,334元/平"
193,一百多平大院子，精装婚房一二层复式，别墅般享受,4室2厅 | 185.12平米 | 南 | 精装 | 低楼层(共6层)  | 板楼,286,"15,450元/平"
194,二楼，精装修，价位可谈，诚心出售，花园路 农业路,4室2厅 | 155.6平米 | 南 北 | 精装 | 低楼层(共7层)  | 板楼,155,"9,962元/平"
195,天下城，通透四房，诚意卖，视野好,4室1厅 | 176.98平米 | 南 北 | 精装 | 高楼层(共31层)  | 板楼,419,"23,675元/平"
196,满五唯一，精装修，好楼层，看房方便,3室2厅 | 102.87平米 | 南 北 | 精装 | 高楼层(共33层)  | 板楼,120,"11,666元/平"
197,地铁口，南北通透满五唯一，无遮挡采光好。,3室2厅 | 152.76平米 | 南 北 | 其他 | 中楼层(共30层)  | 板塔结合,186,"12,176元/平"
198,升龙天汇大户型 边户户型 哪都亮 人车分流 诚心卖,3室2厅 | 139.95平米 | 南 北 | 精装 | 中楼层(共33层)  | 板塔结合,195,"13,934元/平"
199,精装修无贷款，次新双气小区，看房方便,4室2厅 | 140.62平米 | 西南 | 精装 | 中楼层(共31层)  | 板楼,239,"16,997元/平"
200,业主急售，一楼采光好，户型好，房子保养好,3室1厅 | 110.09平米 | 北 南 | 精装 | 低楼层(共18层)  | 板楼,128,"11,627元/平"
201,满五唯一，无抵押，带露台，高档配套完善，交通便利,3室2厅 | 144.06平米 | 东 西 | 精装 | 低楼层(共11层)  | 塔楼,242,"16,799元/平"
202,姚寨路红专路 大社区 环境好 中间楼层 有车库,3室1厅 | 167.84平米 | 南 | 简装 | 中楼层(共7层)  | 板楼,147,"8,759元/平"
203,格局好小高层公摊小交通便利唯一一套总高5层的房子,3室1厅 | 87.42平米 | 南 北 | 精装 | 中楼层(共5层)  | 板楼,139,"15,901元/平"
204,工人路186号院观澜小区 标准双气3房 全明户型 带阳台,3室1厅 | 81.42平米 | 东 | 简装 | 中楼层(共30层)  | 板楼,95,"11,668元/平"
205,燕庄地铁 标准2房 出行方便 紫荆山公园600米,2室1厅 | 58.3平米 | 南 北 | 其他 | 中楼层(共6层)  | 板楼,46,"7,891元/平"
206,桐柏路地铁口 一中家属院 三室 双气中楼层 总价低,3室2厅 | 98.55平米 | 南 北 | 其他 | 中楼层(共6层)  | 板楼,149.8,"15,201元/平"
207,金水区、中州大道旁多层电梯洋房、一梯两户、拎包入住,4室2厅 | 142.11平米 | 南 北 | 简装 | 中楼层(共7层)  | 板塔结合,145,"10,204元/平"
208,鑫苑鑫城  现代风格精装修 小两居 看房方便 拎包入住,2室2厅 | 74.57平米 | 南 | 精装 | 中楼层(共31层)  | 板楼,132,"17,702元/平"
209,紫荆山路航海路 精装1室 户型比较不错 多层中间楼层,1室1厅 | 45.45平米 | 西 | 精装 | 中楼层(共6层)  | 板楼,62,"13,642元/平"
210,正弘数码港精装1室，业主急售！,1室1厅 | 37.71平米 | 南 | 精装 | 中楼层(共28层)  | 暂无数据,16,"4,243元/平"
211,地铁口，70年产权，一层4户，满五年,1室0厅 | 23.17平米 | 北 | 简装 | 中楼层(共6层)  | 板楼,18.5,"7,985元/平"
212,中原路地铁口 大溪地一号院南院 看房方便 两室急售,2室1厅 | 89.33平米 | 南 | 毛坯 | 高楼层(共18层)  | 板塔结合,50,"5,598元/平"
213,文化绿城旁，二楼南户一室一厅，70年产权，双气社区,1室1厅 | 40.15平米 | 南 | 简装 | 中楼层(共7层)  | 板楼,34.9,"8,693元/平"
214,满五唯一 陇海路5号线地铁口精装修,1室0厅 | 36.57平米 | 北 | 精装 | 高楼层(共33层)  | 塔楼,38,"10,392元/平"
215,名门郡景   精装修  随时看房   采光好   好楼层,3室2厅 | 88.59平米 | 南 | 精装 | 中楼层(共32层)  | 板塔结合,58,"6,548元/平"
216,业主急售中间楼层正常税费看房方便,2室2厅 | 92.01平米 | 南 | 精装 | 中楼层(共27层)  | 塔楼,95,"10,325元/平"
217,金二环蓝钻戏  满五唯一 临河观景前后无遮挡,2室1厅 | 82.97平米 | 南 | 精装 | 低楼层(共27层)  | 板楼,122,"14,705元/平"
218,地铁1号线2号线紫荆山站出门就是紫荆山公园看房方便,4室2厅 | 178.85平米 | 南 北 | 其他 | 高楼层(共24层)  | 板塔结合,350,"19,570元/平"
219,好楼层 纯南小三房 满五 诚心出售 看房方便 随时可看,3室2厅 | 85.11平米 | 南 | 精装 | 高楼层(共34层)  | 板楼,105,"12,337元/平"
220,满五精装修 大三房 随时可看 诚心出售,3室2厅 | 139.18平米 | 南 | 精装 | 高楼层(共33层)  | 板楼,85,"6,108元/平"
221,大三室，没怎么住，无抵押，交易快,3室2厅 | 92.11平米 | 南 | 简装 | 中楼层(共31层)  | 板塔结合,59,"6,406元/平"
222,国宾中心 3室2厅 南,3室2厅 | 91.5平米 | 南 | 精装 | 中楼层(共15层)  | 板塔结合,130,"14,208元/平"
223,陇海路紫荆山路 陇海路地铁口三房 有20多平大露台,3室2厅 | 119.53平米 | 东南 | 简装 | 低楼层(共9层)  | 板楼,165,"13,805元/平"
224,文化路86号 1室1厅 南,1室1厅 | 37.8平米 | 南 | 简装 | 高楼层(共4层)  | 板楼,99,"26,191元/平"
225,双气两房 全明户型 业主急售  大两房,2室1厅 | 89.45平米 | 西 | 简装 | 中楼层(共22层)  | 塔楼,80,"8,944元/平"
226,中州大道旁单位家属院  满五 得房率高 小区干净安静,3室2厅 | 124.31平米 | 北 南 | 其他 | 中楼层(共6层)  | 塔楼,109,"8,769元/平"
227,逸品香山顶复三房，精装修随时可看,4室2厅 | 85.18平米 | 南 | 精装 | 高楼层(共8层)  | 板塔结合,127,"14,910元/平"
228,南北双露台，房子满五唯一，边户全明户型，保持干净,3室2厅 | 116.87平米 | 南 北 | 精装 | 低楼层(共7层)  | 板楼,128,"10,953元/平"
229,颖河50号急卖 陇海路地铁口 双气三房,3室1厅 | 83.87平米 | 东 西 | 简装 | 低楼层(共7层)  | 板楼,125,"14,905元/平"
230,多层三楼 双气简装 小区简单干净,1室1厅 | 43.44平米 | 南 | 简装 | 低楼层(共3层)  | 板楼,22.5,"5,180元/平"
231,一楼精装小户型 业主急售 看房随时,2室1厅 | 39.88平米 | 南 | 精装 | 低楼层(共4层)  | 板楼,29,"7,272元/平"
232,未来铭郡电梯大三室，业主诚心出售,3室2厅 | 121.66平米 | 南 北 | 精装 | 低楼层(共11层)  | 暂无数据,80,"6,576元/平"
233,店长推荐，新上房源，诚心出售，自住装修拎包入住。,3室2厅 | 142.95平米 | 南 | 精装 | 中楼层(共20层)  | 板塔结合,285,"19,938元/平"
234,此房户型方正，满五唯一，全屋定制，交通便利,3室2厅 | 87.81平米 | 南 | 简装 | 低楼层(共27层)  | 板楼,73,"8,314元/平"
235,东区高品质小区 位置好 南北通透两居室 户型好,2室2厅 | 90.25平米 | 南 北 | 精装 | 高楼层(共20层)  | 板楼,176,"19,502元/平"
236,电梯房，基础配套齐全，交通便利，双气社区，采光好,3室1厅 | 88.38平米 | 北 南 | 毛坯 | 中楼层(共30层)  | 板塔结合,75,"8,487元/平"
237,地铁7号线口 满两年 精装 双气 中高楼层 业主急售,2室2厅 | 81.76平米 | 西北 | 精装 | 高楼层(共32层)  | 板塔结合,87,"10,641元/平"
238,美景三房 户型好 楼层好 小区环境舒适 业主诚心出售,3室2厅 | 105平米 | 南 | 精装 | 中楼层(共27层)  | 板楼,137,"13,048元/平"
239,植物园旁  地铁口  新小区  人车分流  全款房过户快,3室1厅 | 106.24平米 | 南 北 | 毛坯 | 高楼层(共34层)  | 板塔结合,70,"6,589元/平"
240,老郑大片区 交通新苑 双气小区 上57 碧沙岗公园旁,2室2厅 | 80.42平米 | 南 | 简装 | 高楼层(共6层)  | 板楼,52,"6,467元/平"
241,大溪地九号院   不临中原路   精装好楼层   随时看房,3室2厅 | 107.55平米 | 东 | 精装 | 中楼层(共32层)  | 板楼,79,"7,346元/平"
242,山水生态城不临街不临路三房业主诚心出售,3室2厅 | 144.09平米 | 南 | 毛坯 | 高楼层(共17层)  | 板楼,100,"6,941元/平"
243,户型南北通透，三卧朝南，次新小区，一梯一户，采光好,4室2厅 | 147.11平米 | 南 北 | 精装 | 低楼层(共16层)  | 塔楼,355,"24,132元/平"
244,精装修，满五不唯一， 诚心出售，全明户型 。,3室2厅 | 89.11平米 | 南 | 精装 | 高楼层(共28层)  | 板塔结合,125,"14,028元/平"
245,此房满五不唯一，楼层低，产权清晰,3室2厅 | 99.78平米 | 南 北 | 简装 | 低楼层(共7层)  | 板楼,103,"10,323元/平"
246,东区审计厅家属院 大5室 中间位置 带一个大车位,5室2厅 | 204.69平米 | 南 北 | 毛坯 | 高楼层(共17层)  | 板楼,235,"11,481元/平"
247,淮河路淮北街通透三房，两卧朝南，业主诚心出售,3室2厅 | 94.94平米 | 南 | 简装 | 中楼层(共7层)  | 板楼,63,"6,636元/平"
248,满五年唯一南北通透精装修业主诚心出售,3室1厅 | 88.65平米 | 南 西 北 | 精装 | 低楼层(共28层)  | 板塔结合,124.5,"14,044元/平"
249,一楼带院  建有33平方左右的房  满五唯一 没多余费用,3室1厅 | 38.76平米 | 南 | 简装 | 低楼层(共5层)  | 板楼,32.8,"8,463元/平"
250,保利尚园精装三房住宅，契税3月份满两年，税费低,3室2厅 | 89.8平米 | 南 | 精装 | 中楼层(共34层)  | 板塔结合,155,"17,261元/平"
251,次新小区 人车分流，集中供暖 距离花寨地铁出口，,3室2厅 | 118.73平米 | 南 | 简装 | 低楼层(共27层)  | 平房,165,"13,898元/平"
252,诚 售翰林国际孟园大三房业主诚 心出 售,3室1厅 | 105.71平米 | 南 北 | 简装 | 高楼层(共31层)  | 板楼,146,"13,812元/平"
253,荥阳首 个加装电梯的小区，双气，物业负责，,4室2厅 | 169.68平米 | 南 北 | 简装 | 中楼层(共6层)  | 板楼,59,"3,478元/平"
254,裕华美欣 3室2厅 南 北,3室2厅 | 95.21平米 | 南 北 | 精装 | 高楼层(共27层)  | 板楼,75,"7,878元/平"
255,业主是抗美援朝革命军人  希望好的房子有个美好的传承,2室2厅 | 87.94平米 | 南 北 | 毛坯 | 低楼层(共7层)  | 板楼,41.5,"4,720元/平"
256,大三房，南北通透，精装修，中 央 空调，电子门锁,3室1厅 | 89.42平米 | 南 北 | 精装 | 高楼层(共33层)  | 板塔结合,130,"14,539元/平"
257,精装双气，加10平方，前排不临高铁,4室1厅 | 123.34平米 | 南 北 | 精装 | 低楼层(共31层)  | 板塔结合,137.8,"11,173元/平"
258,普罗旺世多层住宅 通透格局 满五唯一 公摊小 诚心出售,3室2厅 | 90.52平米 | 南 | 精装 | 高楼层(共6层)  | 板楼,119.99,"13,256元/平"
259,果岭二期心屿大三房110平方，仅售75万，有钥匙，,3室2厅 | 110.18平米 | 东 南 | 毛坯 | 中楼层(共6层)  | 板楼,75,"6,808元/平"
260,纬三路文化路 低楼层三房 布局合理,3室1厅 | 70.72平米 | 南 北 | 简装 | 中楼层(共5层)  | 板塔结合,46,"6,505元/平"
261,业主诚心出售，满五不唯一，南北通透，双气，交通便利,3室2厅 | 126.58平米 | 南 北 | 毛坯 | 高楼层(共34层)  | 板塔结合,115,"9,086元/平"
262,此房是双卫的大三房，户型好，楼层好。,3室2厅 | 118.55平米 | 南 北 | 精装 | 高楼层(共34层)  | 板塔结合,139,"11,726元/平"
263,三环内，地铁口，2017年建成，毛坯三房出售,3室2厅 | 88.75平米 | 南 | 毛坯 | 低楼层(共30层)  | 板楼,113,"12,733元/平"
264,西5 优质四室精装修  业主诚心出售 税满185万,4室2厅 | 163.17平米 | 南 北 | 精装 | 中楼层(共17层)  | 暂无数据,185,"11,338元/平"
265,金科城二期 精装方正小三室 满两年 无抵押,3室2厅 | 88.43平米 | 南 北 | 精装 | 高楼层(共34层)  | 板楼,168,"18,999元/平"
266,多层社区，环境好，大平层光线无遮挡，可带车库,4室2厅 | 176.15平米 | 南 北 | 精装 | 低楼层(共6层)  | 板楼,225,"12,774元/平"
267,建业品质小三房 带车位 带储藏室 随时看房,3室1厅 | 90.73平米 | 南 北 | 简装 | 中楼层(共13层)  | 板塔结合,90,"9,920元/平"
268,郑东新区地铁口大四房，户型方正，阳台可打羽毛球,4室2厅 | 193.25平米 | 南 北 | 毛坯 | 中楼层(共31层)  | 板楼,145,"7,504元/平"
269,东区 省府旁 两梯两户地铁口 精装修 看房方便,3室2厅 | 148.2平米 | 南 北 | 精装 | 中楼层(共18层)  | 板塔结合,268,"18,084元/平"
270,小区环境好，房子采光好，价格优,3室1厅 | 88.41平米 | 南 北 | 毛坯 | 高楼层(共34层)  | 板楼,49,"5,543元/平"
271,经开区，宏光合园，户型合理，双气小区距离地铁口近,3室1厅 | 115.46平米 | 南 | 精装 | 中楼层(共26层)  | 板塔结合,106,"9,181元/平"
272,房子多层3楼，大两房，看房方便,2室2厅 | 85.89平米 | 南 | 简装 | 中楼层(共6层)  | 板楼,75,"8,733元/平"
273,央企保利 南北通透  精装修 近地铁 业主诚心出售,3室2厅 | 87.52平米 | 南 北 西 | 精装 | 高楼层(共33层)  | 板楼,130.8,"14,946元/平"
274,文化路 文化公园旁  满五唯一  上学不过路,2室2厅 | 84.93平米 | 南 | 精装 | 低楼层(共7层)  | 板楼,75,"8,831元/平"
275,大3房 地铁口 人车分流绿化高配套全 业主急,3室1厅 | 82.47平米 | 南 | 其他 | 中楼层(共32层)  | 板塔结合,73.6,"8,925元/平"
276,恒大精装 89平小三房 契税满二 通透 餐客一体,3室2厅 | 89.99平米 | 东南 | 精装 | 高楼层(共26层)  | 板楼,119,"13,224元/平"
277,汇鑫小区三房，多层二楼，满五唯一，随时看房有钥匙,3室2厅 | 115.59平米 | 南 | 简装 | 低楼层(共7层)  | 板楼,116,"10,036元/平"
278,难得的好房子，此房视野宽阔，采光充足,3室1厅 | 194.55平米 | 南 北 | 毛坯 | 高楼层(共11层)  | 板塔结合,139,"7,145元/平"
279,满五唯一，税费低，配套齐全，交通便利,3室2厅 | 117.86平米 | 南 | 简装 | 中楼层(共6层)  | 板楼,62,"5,261元/平"
280,主城地铁口  精装小三房    业主诚心出售,3室2厅 | 88.75平米 | 南 | 精装 | 低楼层(共30层)  | 板楼,105,"11,831元/平"
281,精装修小三房业主诚心出售随时看房。,3室2厅 | 94.11平米 | 南 | 简装 | 低楼层(共6层)  | 板塔结合,88,"9,351元/平"
282,亚星家园电梯3房，户型方正，单价1.1。看房方便，,3室2厅 | 138.71平米 | 南 北 | 简装 | 高楼层(共11层)  | 板塔结合,152,"10,959元/平"
283,北环旁14年双气双卫大三居  采光好 视野宽阔 精装修,3室2厅 | 143.1平米 | 南 | 精装 | 34层  | 板塔结合,163,"11,391元/平"
284,奥兰花园毛坯小三房，视野好采光好，有车位地下室,3室2厅 | 89.37平米 | 南 北 | 毛坯 | 高楼层(共31层)  | 板楼,216,"24,170元/平"
285,城市山水大三房 大落地窗 采光好。楼层好.户型方正,3室2厅 | 132.12平米 | 南 东 | 精装 | 中楼层(共28层)  | 板塔结合,161.8,"12,247元/平"
286,房子是精装修的三室，客厅很大，双气电梯洋房,3室2厅 | 138.32平米 | 西南 | 精装 | 高楼层(共11层)  | 板楼,66,"4,772元/平"
287,小区环境优美，户型合理，采光好，精装修,3室1厅 | 95.4平米 | 北 南 | 精装 | 高楼层(共34层)  | 塔楼,156,"16,353元/平"
288,此房楼层低，适合老人居住，业主诚心卖,3室2厅 | 94.82平米 | 南 北 | 简装 | 中楼层(共7层)  | 板楼,99,"10,441元/平"
289,精装大三房 南北通透 中间楼层 低税费,3室2厅 | 123.65平米 | 南 北 | 简装 | 高楼层(共34层)  | 板楼,135,"10,918元/平"
290,建业品质小三房 带车位 带储藏室 随时看房,3室1厅 | 90.73平米 | 南 北 | 简装 | 中楼层(共13层)  | 板塔结合,90,"9,920元/平"
291,格局合理，居住舒适，价格合理，小区环境优美,5室1厅 | 181.57平米 | 东 东南 南 | 毛坯 | 高楼层(共7层)  | 暂无数据,106,"5,838元/平"
292,北环双气 人车分流次新小区 精装修诚心出售,2室2厅 | 86.2平米 | 南 | 精装 | 低楼层(共30层)  | 板楼,114,"13,226元/平"
293,金科城二期 精装方正小三室 满两年 无抵押,3室2厅 | 88.43平米 | 南 北 | 精装 | 高楼层(共34层)  | 板楼,168,"18,999元/平"
294,多层社区，环境好，大平层光线无遮挡，可带车库,4室2厅 | 176.15平米 | 南 北 | 精装 | 低楼层(共6层)  | 板楼,225,"12,774元/平"
295,绿都紫荆华庭和园 3室2厅 南,3室2厅 | 89.8平米 | 南 | 简装 | 低楼层(共34层)  | 板塔结合,119,"13,252元/平"
296,此房三卧朝南 户型方正 视野宽阔 采光好 楼层好,3室2厅 | 105.54平米 | 南 北 | 精装 | 高楼层(共7层)  | 板楼,119,"11,276元/平"
297,全款房过户快，满五不唯一，有个小露台,3室2厅 | 124.28平米 | 南 北 | 毛坯 | 低楼层(共8层)  | 板塔结合,85,"6,840元/平"
298,绿地开发，小区环境好，户型方正，业主诚心卖房,3室2厅 | 89.6平米 | 东南 | 简装 | 高楼层(共32层)  | 板楼,90,"10,045元/平"
299,奥体旁 植物园 109平 户型通透 中等楼层 采光通风好,3室2厅 | 109.08平米 | 南 | 毛坯 | 高楼层(共34层)  | 板楼,95,"8,710元/平"
300,满五唯一.格局好，配套设施齐全，交通便利,3室2厅 | 116.41平米 | 南 北 | 精装 | 低楼层(共16层)  | 板楼,76,"6,529元/平"
